PLAYER_ID,PLAYER_NAME,TEAM_ID,TEAM_ABBREVIATION,GP,W,L,MIN,DRIVES,DRIVE_FGM,DRIVE_FGA,DRIVE_FG_PCT,DRIVE_FTM,DRIVE_FTA,DRIVE_FT_PCT,DRIVE_PTS,DRIVE_PTS_PCT,DRIVE_PASSES,DRIVE_PASSES_PCT,DRIVE_AST,DRIVE_AST_PCT,DRIVE_TOV,DRIVE_TOV_PCT,DRIVE_PF,DRIVE_PF_PCT,PT_MEASURE_TYPE,GP_Defense,W_Defense,L_Defense,MIN_Defense,STL,BLK,DREB,DEF_RIM_FGM,DEF_RIM_FGA,DEF_RIM_FG_PCT,PT_MEASURE_TYPE_Defense,GP_CatchShoot,W_CatchShoot,L_CatchShoot,MIN_CatchShoot,CATCH_SHOOT_FGM,CATCH_SHOOT_FGA,CATCH_SHOOT_FG_PCT,CATCH_SHOOT_PTS,CATCH_SHOOT_FG3M,CATCH_SHOOT_FG3A,CATCH_SHOOT_FG3_PCT,CATCH_SHOOT_EFG_PCT,PT_MEASURE_TYPE_CatchShoot,GP_Passing,W_Passing,L_Passing,MIN_Passing,PASSES_MADE,PASSES_RECEIVED,AST,FT_AST,SECONDARY_AST,POTENTIAL_AST,AST_PTS_CREATED,AST_ADJ,AST_TO_PASS_PCT,AST_TO_PASS_PCT_ADJ,PT_MEASURE_TYPE_Passing,GP_Possessions,W_Possessions,L_Possessions,MIN_Possessions,POINTS,TOUCHES,FRONT_CT_TOUCHES,TIME_OF_POSS,AVG_SEC_PER_TOUCH,AVG_DRIB_PER_TOUCH,PTS_PER_TOUCH,ELBOW_TOUCHES,POST_TOUCHES,PAINT_TOUCHES,PTS_PER_ELBOW_TOUCH,PTS_PER_POST_TOUCH,PTS_PER_PAINT_TOUCH,PT_MEASURE_TYPE_Possessions,GP_PullUpShot,W_PullUpShot,L_PullUpShot,MIN_PullUpShot,PULL_UP_FGM,PULL_UP_FGA,PULL_UP_FG_PCT,PULL_UP_PTS,PULL_UP_FG3M,PULL_UP_FG3A,PULL_UP_FG3_PCT,PULL_UP_EFG_PCT,PT_MEASURE_TYPE_PullUpShot,GP_Rebounding,W_Rebounding,L_Rebounding,MIN_Rebounding,OREB,OREB_CONTEST,OREB_UNCONTEST,OREB_CONTEST_PCT,OREB_CHANCES,OREB_CHANCE_PCT,OREB_CHANCE_DEFER,OREB_CHANCE_PCT_ADJ,AVG_OREB_DIST,DREB_Rebounding,DREB_CONTEST,DREB_UNCONTEST,DREB_CONTEST_PCT,DREB_CHANCES,DREB_CHANCE_PCT,DREB_CHANCE_DEFER,DREB_CHANCE_PCT_ADJ,AVG_DREB_DIST,REB,REB_CONTEST,REB_UNCONTEST,REB_CONTEST_PCT,REB_CHANCES,REB_CHANCE_PCT,REB_CHANCE_DEFER,REB_CHANCE_PCT_ADJ,AVG_REB_DIST,PT_MEASURE_TYPE_Rebounding,GP_SpeedDistance,W_SpeedDistance,L_SpeedDistance,MIN_SpeedDistance,DIST_FEET,DIST_MILES,DIST_MILES_OFF,DIST_MILES_DEF,AVG_SPEED,AVG_SPEED_OFF,AVG_SPEED_DEF,PT_MEASURE_TYPE_SpeedDistance,GP_ElbowTouch,W_ElbowTouch,L_ElbowTouch,MIN_ElbowTouch,TOUCHES_ElbowTouch,ELBOW_TOUCHES_ElbowTouch,ELBOW_TOUCH_FGM,ELBOW_TOUCH_FGA,ELBOW_TOUCH_FG_PCT,ELBOW_TOUCH_FTM,ELBOW_TOUCH_FTA,ELBOW_TOUCH_FT_PCT,ELBOW_TOUCH_PTS,ELBOW_TOUCH_PTS_PCT,ELBOW_TOUCH_PASSES,ELBOW_TOUCH_PASSES_PCT,ELBOW_TOUCH_AST,ELBOW_TOUCH_AST_PCT,ELBOW_TOUCH_TOV,ELBOW_TOUCH_TOV_PCT,ELBOW_TOUCH_FOULS,ELBOW_TOUCH_FOULS_PCT,PT_MEASURE_TYPE_ElbowTouch,GP_PostTouch,W_PostTouch,L_PostTouch,MIN_PostTouch,TOUCHES_PostTouch,POST_TOUCHES_PostTouch,POST_TOUCH_FGM,POST_TOUCH_FGA,POST_TOUCH_FG_PCT,POST_TOUCH_FTM,POST_TOUCH_FTA,POST_TOUCH_FT_PCT,POST_TOUCH_PTS,POST_TOUCH_PTS_PCT,POST_TOUCH_PASSES,POST_TOUCH_PASSES_PCT,POST_TOUCH_AST,POST_TOUCH_AST_PCT,POST_TOUCH_TOV,POST_TOUCH_TOV_PCT,POST_TOUCH_FOULS,POST_TOUCH_FOULS_PCT,PT_MEASURE_TYPE_PostTouch,GP_PaintTouch,W_PaintTouch,L_PaintTouch,MIN_PaintTouch,TOUCHES_PaintTouch,PAINT_TOUCHES_PaintTouch,PAINT_TOUCH_FGM,PAINT_TOUCH_FGA,PAINT_TOUCH_FG_PCT,PAINT_TOUCH_FTM,PAINT_TOUCH_FTA,PAINT_TOUCH_FT_PCT,PAINT_TOUCH_PTS,PAINT_TOUCH_PTS_PCT,PAINT_TOUCH_PASSES,PAINT_TOUCH_PASSES_PCT,PAINT_TOUCH_AST,PAINT_TOUCH_AST_PCT,PAINT_TOUCH_TOV,PAINT_TOUCH_TOV_PCT,PAINT_TOUCH_FOULS,PAINT_TOUCH_FOULS_PCT,PT_MEASURE_TYPE_PaintTouch
2544,LeBron James,1610612747,LAL,60,39,21,1989.0,413,109,210,0.519,55,73,0.753,279,0.676,138,0.334,39,0.094,19,0.046,37,0.09,Drives,60,39,21,1989.0,72,35,321,96,153,0.627,Defense,60,39,21,1989.0,45,138,0.326,130,40.0,122.0,0.328,0.471,CatchShoot,60,39,21,1989.0,2837,3356,432,40,36,707,1085,508,0.152,0.179,Passing,60,39,21,1989.0,1256,4204,2366,230.9,3.3,2.4,0.299,149,177,209,0.705,0.418,0.957,Possessions,60,39,21,1989.0,112,297,0.377,259,35.0,112.0,0.313,0.436,PullUpShot,59.0,39.0,20.0,1958.0,43.0,21.0,22.0,0.488,137.0,0.314,1.0,0.316,8.6,321.0,70.0,251.0,0.218,485.0,0.662,40.0,0.721,6.4,364.0,91.0,273.0,0.25,596.0,0.611,41.0,0.656,6.7,Rebounding,60,39,21,1989.0,670512,127.0,67.7,59.3,3.62,3.85,3.39,SpeedDistance,60,39,21,1989.0,4204,149,39,63,0.619,24,28,0.857,105,0.705,55,0.369,17,0.309,9,0.06,13,0.087,ElbowTouch,60,39,21,1989.0,4204,177,32,68,0.471,9,12,0.75,74,0.418,80,0.452,22,0.124,14,0.079,6,0.034,PostTouch,60,39,21,1989.0,4204,209,85,121,0.702,26,39,0.667,200,0.957,45,0.215,11,0.053,12,0.057,19,0.091,PaintTouch
101108,Chris Paul,1610612746,LAC,16,4,12,228.0,31,6,16,0.375,0,0,0.0,12,0.387,11,0.355,3,0.097,3,0.097,0,0.0,Drives,16,4,12,228.0,11,0,22,14,18,0.778,Defense,16,4,12,228.0,3,11,0.273,9,3.0,11.0,0.273,0.409,CatchShoot,16,4,12,228.0,418,434,53,5,5,109,146,63,0.127,0.151,Passing,16,4,12,228.0,47,510,207,42.1,4.96,4.26,0.092,6,3,4,0.0,0.0,0.0,Possessions,16,4,12,228.0,11,38,0.289,29,7.0,19.0,0.368,0.382,PullUpShot,15.0,4.0,11.0,213.0,6.0,1.0,5.0,0.167,9.0,0.667,1.0,0.75,11.0,22.0,5.0,17.0,0.227,36.0,0.611,1.0,0.629,8.5,28.0,6.0,22.0,0.214,44.0,0.636,2.0,0.667,9.1,Rebounding,16,4,12,228.0,74409,14.1,7.8,6.3,3.93,4.07,3.77,SpeedDistance,16,4,12,228.0,510,6,0,0,0.0,0,0,0.0,0,0.0,6,1.0,1,0.167,0,0.0,0,0.0,ElbowTouch,16,4,12,228.0,510,3,0,1,0.0,0,0,0.0,0,0.0,2,0.667,1,0.333,0,0.0,0,0.0,PostTouch,16,4,12,228.0,510,4,0,2,0.0,0,0,0.0,0,0.0,2,0.5,1,0.25,0,0.0,0,0.0,PaintTouch
200768,Kyle Lowry,1610612755,PHI,14,9,5,118.0,5,0,0,0.0,0,0,0.0,0,0.0,4,0.8,0,0.0,1,0.2,0,0.0,Drives,14,9,5,118.0,2,2,9,6,8,0.75,Defense,14,9,5,118.0,3,21,0.143,9,3.0,21.0,0.143,0.214,CatchShoot,14,9,5,118.0,141,126,11,0,2,21,29,13,0.078,0.092,Passing,14,9,5,118.0,17,175,98,5.6,1.93,1.13,0.097,1,0,0,0.0,0.0,0.0,Possessions,14,9,5,118.0,1,4,0.25,3,1.0,4.0,0.25,0.375,PullUpShot,6.0,2.0,4.0,74.0,0.0,0.0,0.0,0.0,2.0,0.0,0.0,0.0,0.0,9.0,2.0,7.0,0.222,18.0,0.5,2.0,0.563,8.5,9.0,2.0,7.0,0.222,20.0,0.45,2.0,0.5,8.5,Rebounding,14,9,5,118.0,41705,7.9,4.3,3.6,3.86,4.18,3.53,SpeedDistance,14,9,5,118.0,175,1,0,0,0.0,0,0,0.0,0,0.0,1,1.0,0,0.0,0,0.0,0,0.0,ElbowTouch,14,9,5,118.0,175,0,0,0,0.0,0,0,0.0,0,0.0,0,0.0,0,0.0,0,0.0,0,0.0,PostTouch,14,9,5,118.0,175,0,0,0,0.0,0,0,0.0,0,0.0,0,0.0,0,0.0,0,0.0,0,0.0,PaintTouch
201142,Kevin Durant,1610612745,HOU,78,48,30,2840.0,679,241,420,0.574,76,94,0.809,575,0.847,141,0.208,38,0.056,51,0.075,47,0.069,Drives,78,48,30,2840.0,62,71,385,170,265,0.642,Defense,78,48,30,2840.0,159,355,0.448,438,120.0,289.0,0.415,0.617,CatchShoot,78,48,30,2840.0,3033,4071,372,61,80,688,949,512,0.123,0.169,Passing,78,48,30,2840.0,2026,5017,3425,313.2,3.75,2.55,0.404,139,109,64,0.899,0.835,1.406,Possessions,78,48,30,2840.0,370,739,0.501,801,61.0,152.0,0.401,0.542,PullUpShot,77.0,48.0,29.0,2798.0,41.0,8.0,31.0,0.195,102.0,0.402,5.0,0.423,16.8,379.0,113.0,266.0,0.298,555.0,0.683,42.0,0.739,7.1,420.0,121.0,297.0,0.288,639.0,0.657,47.0,0.709,8.0,Rebounding,78,48,30,2840.0,959340,181.7,101.1,80.6,3.69,3.9,3.45,SpeedDistance,78,48,30,2840.0,5017,139,55,81,0.679,10,10,1.0,125,0.899,42,0.302,10,0.238,8,0.058,5,0.036,ElbowTouch,78,48,30,2840.0,5017,109,39,67,0.582,9,10,0.9,91,0.835,27,0.248,4,0.037,8,0.073,6,0.055,PostTouch,78,48,30,2840.0,5017,64,38,46,0.826,13,14,0.929,90,1.406,6,0.094,0,0.0,4,0.063,5,0.078,PaintTouch
201143,Al Horford,1610612744,GSW,45,22,23,969.0,44,11,22,0.5,4,4,1.0,26,0.591,17,0.386,3,0.068,3,0.068,2,0.045,Drives,45,22,23,969.0,30,51,175,95,161,0.59,Defense,45,22,23,969.0,75,201,0.373,219,69.0,192.0,0.359,0.545,CatchShoot,45,22,23,969.0,1551,1350,116,6,29,227,303,150,0.075,0.097,Passing,45,22,23,969.0,372,1947,1230,49.2,1.52,0.47,0.191,61,103,119,0.492,0.311,0.588,Possessions,45,22,23,969.0,6,14,0.429,13,1.0,4.0,0.25,0.464,PullUpShot,42.0,21.0,21.0,899.0,42.0,22.0,20.0,0.524,81.0,0.519,3.0,0.538,8.9,171.0,67.0,104.0,0.392,254.0,0.673,16.0,0.718,5.0,213.0,89.0,124.0,0.418,330.0,0.645,19.0,0.685,5.8,Rebounding,45,22,23,969.0,362584,68.7,37.2,31.5,4.07,4.28,3.85,SpeedDistance,45,22,23,969.0,1947,61,14,17,0.824,1,2,0.5,30,0.492,40,0.656,12,0.3,3,0.049,1,0.016,ElbowTouch,45,22,23,969.0,1947,103,14,28,0.5,4,4,1.0,32,0.311,63,0.612,17,0.165,5,0.049,2,0.019,PostTouch,45,22,23,969.0,1947,119,30,52,0.577,9,10,0.9,70,0.588,52,0.437,14,0.118,8,0.067,5,0.042,PaintTouch
201144,Mike Conley,1610612750,MIN,54,33,21,991.0,140,9,31,0.29,12,16,0.75,30,0.214,90,0.643,27,0.193,10,0.071,8,0.057,Drives,54,33,21,991.0,35,14,75,66,94,0.702,Defense,54,33,21,991.0,42,110,0.382,126,42.0,108.0,0.389,0.573,CatchShoot,54,33,21,991.0,1729,1697,157,17,19,259,410,193,0.091,0.112,Passing,54,33,21,991.0,245,2036,965,124.7,3.67,3.25,0.12,6,1,13,0.0,0.0,0.0,Possessions,54,33,21,991.0,23,80,0.288,60,14.0,58.0,0.241,0.375,PullUpShot,47.0,29.0,18.0,900.0,18.0,5.0,13.0,0.278,38.0,0.474,1.0,0.486,14.9,75.0,14.0,61.0,0.187,141.0,0.532,11.0,0.577,9.5,93.0,19.0,74.0,0.204,175.0,0.531,12.0,0.571,10.6,Rebounding,54,33,21,991.0,400324,75.8,41.0,34.8,4.49,4.82,4.16,SpeedDistance,54,33,21,991.0,2036,6,0,0,0.0,0,0,0.0,0,0.0,5,0.833,1,0.2,1,0.167,0,0.0,ElbowTouch,54,33,21,991.0,2036,1,0,0,0.0,0,0,0.0,0,0.0,1,1.0,0,0.0,0,0.0,0,0.0,PostTouch,54,33,21,991.0,2036,13,0,2,0.0,0,0,0.0,0,0.0,9,0.692,3,0.231,2,0.154,0,0.0,PaintTouch
201145,Jeff Green,1610612745,HOU,30,22,8,175.0,4,3,4,0.75,0,0,0.0,6,1.5,0,0.0,0,0.0,0,0.0,0,0.0,Drives,30,22,8,175.0,2,2,18,12,17,0.706,Defense,30,22,8,175.0,11,40,0.275,32,10.0,39.0,0.256,0.4,CatchShoot,30,22,8,175.0,113,139,8,1,1,14,20,10,0.071,0.088,Passing,30,22,8,175.0,67,194,130,6.3,1.95,0.62,0.345,5,11,12,0.4,0.545,0.667,Possessions,30,22,8,175.0,4,12,0.333,9,1.0,4.0,0.25,0.375,PullUpShot,14.0,9.0,5.0,104.0,7.0,4.0,3.0,0.571,9.0,0.778,0.0,0.778,6.1,18.0,5.0,13.0,0.278,29.0,0.621,1.0,0.643,8.3,25.0,9.0,16.0,0.36,37.0,0.676,1.0,0.694,7.7,Rebounding,30,22,8,175.0,59659,11.3,6.0,5.3,3.64,3.65,3.63,SpeedDistance,30,22,8,175.0,194,5,1,2,0.5,0,0,0.0,2,0.4,2,0.4,0,0.0,1,0.2,0,0.0,ElbowTouch,30,22,8,175.0,194,11,3,6,0.5,0,0,0.0,6,0.545,5,0.455,2,0.182,0,0.0,0,0.0,PostTouch,30,22,8,175.0,194,12,4,6,0.667,0,0,0.0,8,0.667,5,0.417,1,0.083,0,0.0,0,0.0,PaintTouch
201566,Russell Westbrook,1610612758,SAC,64,16,48,1853.0,741,120,237,0.506,55,88,0.625,298,0.402,374,0.505,119,0.161,70,0.094,44,0.059,Drives,64,16,48,1853.0,83,12,268,91,121,0.752,Defense,64,16,48,1853.0,96,286,0.336,288,96.0,284.0,0.338,0.503,CatchShoot,64,16,48,1853.0,3156,3254,426,47,25,742,1025,497,0.135,0.157,Passing,64,16,48,1853.0,971,4416,1710,342.9,4.66,4.28,0.22,18,39,100,0.944,0.615,0.61,Possessions,64,16,48,1853.0,90,245,0.367,206,26.0,84.0,0.31,0.42,PullUpShot,61.0,16.0,45.0,1794.0,80.0,41.0,38.0,0.513,176.0,0.455,3.0,0.462,8.3,268.0,53.0,214.0,0.198,392.0,0.684,25.0,0.73,6.7,348.0,94.0,252.0,0.27,540.0,0.644,28.0,0.68,7.0,Rebounding,64,16,48,1853.0,654633,124.0,67.3,56.7,3.94,4.23,3.65,SpeedDistance,64,16,48,1853.0,4416,18,7,8,0.875,0,0,0.0,17,0.944,8,0.444,2,0.25,1,0.056,0,0.0,ElbowTouch,64,16,48,1853.0,4416,39,8,13,0.615,7,8,0.875,24,0.615,17,0.436,5,0.128,0,0.0,4,0.103,PostTouch,64,16,48,1853.0,4416,100,26,44,0.591,5,12,0.417,61,0.61,36,0.36,9,0.09,9,0.09,6,0.06,PaintTouch
201567,Kevin Love,1610612762,UTA,37,10,27,613.0,19,3,7,0.429,3,4,0.75,9,0.474,7,0.368,1,0.053,3,0.158,2,0.105,Drives,37,10,27,613.0,14,9,160,82,116,0.707,Defense,37,10,27,613.0,52,130,0.4,152,48.0,123.0,0.39,0.585,CatchShoot,37,10,27,613.0,857,597,67,6,4,89,170,77,0.078,0.09,Passing,37,10,27,613.0,248,1129,604,31.7,1.68,0.44,0.22,12,3,59,0.25,0.333,0.661,Possessions,37,10,27,613.0,7,21,0.333,19,5.0,18.0,0.278,0.452,PullUpShot,37.0,10.0,27.0,613.0,55.0,39.0,16.0,0.709,119.0,0.462,7.0,0.491,6.5,160.0,61.0,99.0,0.381,273.0,0.586,33.0,0.667,4.3,215.0,100.0,115.0,0.465,383.0,0.561,40.0,0.627,4.9,Rebounding,37,10,27,613.0,224599,42.5,23.3,19.2,4.05,4.29,3.79,SpeedDistance,37,10,27,613.0,1129,12,1,4,0.25,1,2,0.5,3,0.25,7,0.583,1,0.143,0,0.0,1,0.083,ElbowTouch,37,10,27,613.0,1129,3,0,0,0.0,1,2,0.5,1,0.333,2,0.667,1,0.333,0,0.0,1,0.333,PostTouch,37,10,27,613.0,1129,59,14,36,0.389,10,12,0.833,39,0.661,13,0.22,2,0.034,3,0.051,5,0.085,PaintTouch
201569,Eric Gordon,1610612755,PHI,6,3,3,74.0,10,4,7,0.571,1,2,0.5,9,0.9,1,0.1,0,0.0,1,0.1,1,0.1,Drives,6,3,3,74.0,4,1,1,4,4,1.0,Defense,6,3,3,74.0,7,12,0.583,21,7.0,12.0,0.583,0.875,CatchShoot,6,3,3,74.0,74,81,3,0,0,5,6,3,0.041,0.041,Passing,6,3,3,74.0,33,103,70,3.2,1.87,0.92,0.32,0,0,1,0.0,0.0,0.0,Possessions,6,3,3,74.0,0,1,0.0,0,0.0,1.0,0.0,0.0,PullUpShot,1.0,0.0,1.0,22.0,1.0,0.0,1.0,0.0,1.0,1.0,0.0,1.0,6.3,1.0,0.0,1.0,0.0,1.0,1.0,0.0,1.0,11.1,2.0,0.0,2.0,0.0,2.0,1.0,0.0,1.0,8.7,Rebounding,6,3,3,74.0,24642,4.7,2.5,2.1,3.85,3.99,3.54,SpeedDistance,6,3,3,74.0,103,0,0,0,0.0,0,0,0.0,0,0.0,0,0.0,0,0.0,0,0.0,0,0.0,ElbowTouch,6,3,3,74.0,103,0,0,0,0.0,0,0,0.0,0,0.0,0,0.0,0,0.0,0,0.0,0,0.0,PostTouch,6,3,3,74.0,103,1,0,0,0.0,0,0,0.0,0,0.0,1,1.0,1,1.0,0,0.0,0,0.0,PaintTouch
201572,Brook Lopez,1610612746,LAC,75,41,34,1635.0,96,24,57,0.421,9,12,0.75,61,0.635,20,0.208,5,0.052,12,0.125,6,0.063,Drives,75,41,34,1635.0,45,87,226,182,344,0.529,Defense,75,41,34,1635.0,113,300,0.377,327,101.0,278.0,0.363,0.545,CatchShoot,75,41,34,1635.0,1253,1330,97,8,11,163,264,116,0.077,0.093,Passing,75,41,34,1635.0,634,1929,1290,54.5,1.7,0.62,0.329,74,95,136,0.473,0.8,0.89,Possessions,75,41,34,1635.0,31,78,0.397,71,9.0,23.0,0.391,0.455,PullUpShot,68.0,41.0,27.0,1539.0,47.0,37.0,10.0,0.787,116.0,0.405,2.0,0.412,4.7,226.0,108.0,118.0,0.478,411.0,0.55,60.0,0.644,5.9,273.0,145.0,128.0,0.531,518.0,0.527,62.0,0.599,5.7,Rebounding,75,41,34,1635.0,586498,111.1,57.0,54.1,3.88,3.94,3.82,SpeedDistance,75,41,34,1635.0,1929,74,14,29,0.483,7,10,0.7,35,0.473,35,0.473,9,0.257,3,0.041,5,0.068,ElbowTouch,75,41,34,1635.0,1929,95,32,53,0.604,8,12,0.667,76,0.8,30,0.316,9,0.095,3,0.032,6,0.063,PostTouch,75,41,34,1635.0,1929,136,49,82,0.598,19,24,0.792,121,0.89,27,0.199,4,0.029,11,0.081,11,0.081,PaintTouch
201587,Nicolas Batum,1610612746,LAC,74,39,35,1295.0,1,0,0,0.0,0,0,0.0,0,0.0,1,1.0,0,0.0,0,0.0,0,0.0,Drives,74,39,35,1295.0,47,23,161,98,132,0.742,Defense,74,39,35,1295.0,90,220,0.409,267,87.0,213.0,0.408,0.607,CatchShoot,74,39,35,1295.0,1421,743,64,11,9,110,175,84,0.045,0.059,Passing,74,39,35,1295.0,293,1717,834,36.6,1.28,0.28,0.171,15,0,13,0.133,0.0,0.154,Possessions,74,39,35,1295.0,5,15,0.333,15,5.0,15.0,0.333,0.5,PullUpShot,65.0,34.0,31.0,1212.0,23.0,7.0,16.0,0.304,56.0,0.411,0.0,0.411,14.0,161.0,36.0,125.0,0.224,259.0,0.622,25.0,0.688,6.3,184.0,43.0,141.0,0.234,297.0,0.62,25.0,0.676,7.3,Rebounding,74,39,35,1295.0,510685,96.7,51.5,45.2,4.3,4.44,4.16,SpeedDistance,74,39,35,1295.0,1717,15,1,3,0.333,0,0,0.0,2,0.133,11,0.733,2,0.182,1,0.067,0,0.0,ElbowTouch,74,39,35,1295.0,1717,0,0,0,0.0,0,0,0.0,0,0.0,0,0.0,0,0.0,0,0.0,0,0.0,PostTouch,74,39,35,1295.0,1717,13,1,3,0.333,0,0,0.0,2,0.154,8,0.615,1,0.077,2,0.154,0,0.0,PaintTouch
201599,DeAndre Jordan,1610612740,NOP,12,6,6,199.0,0,0,0,0.0,0,0,0.0,0,0.0,0,0.0,0,0.0,0,0.0,0,0.0,Drives,12,6,6,199.0,4,10,50,16,26,0.615,Defense,12,6,6,199.0,0,0,,0,,,,,CatchShoot,12,6,6,199.0,189,116,11,2,0,22,30,13,0.058,0.069,Passing,12,6,6,199.0,53,241,127,5.3,1.33,0.23,0.22,14,1,47,0.571,1.0,0.957,Possessions,12,6,6,199.0,0,0,,0,,,,,PullUpShot,12.0,6.0,6.0,199.0,26.0,16.0,10.0,0.615,46.0,0.565,0.0,0.565,4.7,50.0,21.0,29.0,0.42,81.0,0.617,8.0,0.685,4.7,76.0,37.0,39.0,0.487,125.0,0.608,8.0,0.65,4.7,Rebounding,12,6,6,199.0,66040,12.5,6.6,5.9,3.55,3.7,3.39,SpeedDistance,12,6,6,199.0,241,14,3,3,1.0,1,2,0.5,8,0.571,8,0.571,2,0.25,2,0.143,0,0.0,ElbowTouch,12,6,6,199.0,241,1,0,0,0.0,1,2,0.5,1,1.0,0,0.0,0,0.0,0,0.0,1,1.0,PostTouch,12,6,6,199.0,241,47,19,28,0.679,6,10,0.6,45,0.957,9,0.191,3,0.064,3,0.064,4,0.085,PaintTouch
201935,James Harden,1610612739,CLE,70,40,30,2438.0,953,205,418,0.49,172,206,0.835,596,0.625,346,0.363,112,0.118,55,0.058,104,0.109,Drives,70,40,30,2438.0,79,28,296,123,152,0.809,Defense,70,40,30,2438.0,58,151,0.384,174,58.0,147.0,0.395,0.576,CatchShoot,70,40,30,2438.0,3564,4412,557,51,66,936,1424,674,0.156,0.189,Passing,70,40,30,2438.0,1652,5366,2127,498.3,5.57,4.98,0.308,26,44,26,0.538,0.636,0.692,Possessions,70,40,30,2438.0,221,568,0.389,597,155.0,421.0,0.368,0.526,PullUpShot,67.0,40.0,27.0,2345.0,40.0,16.0,24.0,0.4,161.0,0.248,4.0,0.255,13.8,296.0,50.0,246.0,0.169,436.0,0.679,32.0,0.733,7.7,336.0,66.0,270.0,0.196,565.0,0.595,36.0,0.635,8.4,Rebounding,70,40,30,2438.0,795984,150.8,82.1,68.7,3.59,3.8,3.37,SpeedDistance,70,40,30,2438.0,5366,26,4,7,0.571,6,6,1.0,14,0.538,14,0.538,2,0.143,1,0.038,1,0.038,ElbowTouch,70,40,30,2438.0,5366,44,10,20,0.5,8,8,1.0,28,0.636,19,0.432,9,0.205,1,0.023,4,0.091,PostTouch,70,40,30,2438.0,5366,26,6,9,0.667,4,4,1.0,18,0.692,12,0.462,1,0.038,1,0.038,1,0.038,PaintTouch
201939,Stephen Curry,1610612744,GSW,43,24,19,1329.0,337,79,152,0.52,47,50,0.94,213,0.632,132,0.392,23,0.068,14,0.042,25,0.074,Drives,43,24,19,1329.0,49,17,137,41,59,0.695,Defense,43,24,19,1329.0,100,261,0.383,293,93.0,247.0,0.377,0.561,CatchShoot,43,24,19,1329.0,1673,2415,203,21,56,373,513,280,0.121,0.167,Passing,43,24,19,1329.0,1142,2812,1265,187.5,4.0,3.97,0.406,39,0,67,0.846,0.0,1.209,Possessions,43,24,19,1329.0,140,323,0.433,376,96.0,236.0,0.407,0.582,PullUpShot,41.0,23.0,18.0,1268.0,17.0,4.0,13.0,0.235,63.0,0.27,2.0,0.279,13.5,137.0,30.0,107.0,0.219,230.0,0.596,19.0,0.649,8.2,154.0,34.0,120.0,0.221,292.0,0.527,21.0,0.568,8.8,Rebounding,43,24,19,1329.0,511848,96.9,55.0,41.9,4.3,4.82,3.76,SpeedDistance,43,24,19,1329.0,2812,39,13,21,0.619,4,4,1.0,33,0.846,12,0.308,2,0.167,2,0.051,2,0.051,ElbowTouch,43,24,19,1329.0,2812,0,0,0,0.0,0,0,0.0,0,0.0,0,0.0,0,0.0,0,0.0,0,0.0,PostTouch,43,24,19,1329.0,2812,67,32,41,0.78,15,16,0.938,81,1.209,13,0.194,5,0.075,2,0.03,7,0.104,PaintTouch
201942,DeMar DeRozan,1610612758,SAC,77,20,57,2406.0,669,157,282,0.557,103,117,0.88,433,0.647,283,0.423,71,0.106,36,0.054,60,0.09,Drives,77,20,57,2406.0,80,23,191,174,225,0.773,Defense,77,20,57,2406.0,78,189,0.413,195,39.0,111.0,0.351,0.516,CatchShoot,77,20,57,2406.0,1936,2899,316,16,49,616,818,381,0.163,0.197,Passing,77,20,57,2406.0,1419,3327,2202,230.0,4.15,3.48,0.427,107,219,56,0.551,0.594,0.875,Possessions,77,20,57,2406.0,255,560,0.455,518,8.0,36.0,0.222,0.463,PullUpShot,71.0,17.0,54.0,2261.0,35.0,12.0,22.0,0.343,112.0,0.313,4.0,0.324,14.5,191.0,51.0,141.0,0.267,325.0,0.588,28.0,0.643,8.6,226.0,63.0,163.0,0.279,429.0,0.527,32.0,0.569,9.5,Rebounding,77,20,57,2406.0,870937,165.0,89.5,75.4,4.01,4.26,3.74,SpeedDistance,77,20,57,2406.0,3327,107,22,45,0.489,14,16,0.875,59,0.551,50,0.467,8,0.16,2,0.019,8,0.075,ElbowTouch,77,20,57,2406.0,3327,219,46,92,0.5,29,36,0.806,130,0.594,96,0.438,21,0.096,6,0.027,19,0.087,PostTouch,77,20,57,2406.0,3327,56,20,26,0.769,9,12,0.75,49,0.875,18,0.321,3,0.054,4,0.071,5,0.089,PaintTouch
201950,Jrue Holiday,1610612757,POR,53,28,25,1560.0,614,118,233,0.506,35,40,0.875,278,0.453,291,0.474,77,0.125,51,0.083,21,0.034,Drives,53,28,25,1560.0,54,6,174,74,90,0.822,Defense,53,28,25,1560.0,56,129,0.434,166,54.0,126.0,0.429,0.643,CatchShoot,53,28,25,1560.0,2614,2910,322,42,27,633,846,391,0.123,0.15,Passing,53,28,25,1560.0,865,3599,1460,239.0,3.99,3.7,0.24,64,19,120,0.375,0.263,0.475,Possessions,53,28,25,1560.0,125,333,0.375,332,82.0,232.0,0.353,0.498,PullUpShot,53.0,28.0,25.0,1560.0,71.0,24.0,47.0,0.338,162.0,0.438,7.0,0.458,11.4,174.0,27.0,147.0,0.155,269.0,0.647,11.0,0.674,8.7,245.0,51.0,194.0,0.208,426.0,0.575,18.0,0.6,9.5,Rebounding,53,28,25,1560.0,616288,116.7,61.9,54.8,4.3,4.7,3.93,SpeedDistance,53,28,25,1560.0,3599,64,8,18,0.444,6,6,1.0,24,0.375,38,0.594,11,0.289,5,0.078,3,0.047,ElbowTouch,53,28,25,1560.0,3599,19,2,9,0.222,1,2,0.5,5,0.263,9,0.474,0,0.0,0,0.0,1,0.053,PostTouch,53,28,25,1560.0,3599,120,26,41,0.634,3,4,0.75,57,0.475,64,0.533,17,0.142,10,0.083,2,0.017,PaintTouch
201959,Taj Gibson,1610612763,MEM,10,1,9,97.0,4,2,2,1.0,4,4,1.0,8,2.0,0,0.0,0,0.0,0,0.0,2,0.5,Drives,10,1,9,97.0,2,1,16,13,20,0.65,Defense,10,1,9,97.0,5,11,0.455,13,3.0,6.0,0.5,0.591,CatchShoot,10,1,9,97.0,67,60,6,0,0,12,15,6,0.09,0.09,Passing,10,1,9,97.0,34,98,70,2.2,1.36,0.53,0.347,12,3,21,0.667,0.0,0.524,Possessions,10,1,9,97.0,0,1,0.0,0,0.0,0.0,,0.0,PullUpShot,10.0,1.0,9.0,97.0,11.0,10.0,1.0,0.909,22.0,0.5,0.0,0.5,5.5,16.0,8.0,8.0,0.5,30.0,0.533,7.0,0.696,6.2,27.0,18.0,9.0,0.667,51.0,0.529,7.0,0.614,5.9,Rebounding,10,1,9,97.0,37269,7.1,3.5,3.5,4.14,4.17,4.0,SpeedDistance,10,1,9,97.0,98,12,4,6,0.667,0,0,0.0,8,0.667,6,0.5,0,0.0,0,0.0,0,0.0,ElbowTouch,10,1,9,97.0,98,3,0,2,0.0,0,0,0.0,0,0.0,1,0.333,0,0.0,0,0.0,0,0.0,PostTouch,10,1,9,97.0,98,21,4,10,0.4,3,4,0.75,11,0.524,9,0.429,3,0.143,0,0.0,2,0.095,PaintTouch
202066,Garrett Temple,1610612761,TOR,22,10,12,73.0,5,0,1,0.0,0,0,0.0,0,0.0,2,0.4,1,0.2,1,0.2,0,0.0,Drives,22,10,12,73.0,4,2,8,3,4,0.75,Defense,22,10,12,73.0,3,10,0.3,9,3.0,10.0,0.3,0.45,CatchShoot,22,10,12,73.0,118,109,9,1,0,11,22,10,0.076,0.085,Passing,22,10,12,73.0,17,149,55,9.6,3.85,3.3,0.114,0,1,1,0.0,2.0,1.0,Possessions,22,10,12,73.0,1,3,0.333,2,0.0,2.0,0.0,0.333,PullUpShot,9.0,5.0,4.0,40.0,1.0,1.0,0.0,1.0,2.0,0.5,0.0,0.5,3.5,8.0,3.0,5.0,0.375,12.0,0.667,0.0,0.667,7.5,9.0,4.0,5.0,0.444,14.0,0.643,0.0,0.643,7.1,Rebounding,22,10,12,73.0,28433,5.4,2.8,2.5,4.06,4.42,3.58,SpeedDistance,22,10,12,73.0,149,0,0,0,0.0,0,0,0.0,0,0.0,0,0.0,0,0.0,0,0.0,0,0.0,ElbowTouch,22,10,12,73.0,149,1,1,1,1.0,0,0,0.0,2,2.0,0,0.0,0,0.0,0,0.0,0,0.0,PostTouch,22,10,12,73.0,149,1,0,0,0.0,1,2,0.5,1,1.0,0,0.0,0,0.0,0,0.0,1,1.0,PaintTouch
202331,Paul George,1610612755,PHI,37,22,15,1135.0,210,44,102,0.431,27,32,0.844,119,0.567,74,0.352,19,0.09,9,0.043,17,0.081,Drives,37,22,15,1135.0,62,16,176,67,122,0.549,Defense,37,22,15,1135.0,77,183,0.421,224,70.0,168.0,0.417,0.612,CatchShoot,37,22,15,1135.0,1609,1525,133,19,18,238,347,170,0.083,0.106,Passing,37,22,15,1135.0,641,2301,1090,113.7,2.97,2.16,0.279,27,34,34,0.704,0.735,0.441,Possessions,37,22,15,1135.0,86,213,0.404,200,28.0,83.0,0.337,0.469,PullUpShot,37.0,22.0,15.0,1135.0,20.0,11.0,9.0,0.55,64.0,0.313,1.0,0.317,8.4,176.0,33.0,144.0,0.188,322.0,0.547,32.0,0.607,6.5,196.0,44.0,153.0,0.224,365.0,0.537,33.0,0.59,6.7,Rebounding,37,22,15,1135.0,433628,82.1,43.6,38.5,4.18,4.41,3.93,SpeedDistance,37,22,15,1135.0,2301,27,7,12,0.583,4,4,1.0,19,0.704,12,0.444,1,0.083,0,0.0,0,0.0,ElbowTouch,37,22,15,1135.0,2301,34,11,20,0.55,2,2,1.0,25,0.735,10,0.294,1,0.029,1,0.029,1,0.029,PostTouch,37,22,15,1135.0,2301,34,5,13,0.385,4,4,1.0,15,0.441,15,0.441,4,0.118,1,0.029,2,0.059,PaintTouch
202685,Jonas Valanciunas,1610612743,DEN,65,42,23,871.0,38,14,23,0.609,5,6,0.833,33,0.868,9,0.237,1,0.026,2,0.053,3,0.079,Drives,65,42,23,871.0,14,37,224,78,135,0.578,Defense,65,42,23,871.0,32,69,0.464,69,5.0,20.0,0.25,0.5,CatchShoot,65,42,23,871.0,1180,1087,78,7,3,108,201,88,0.066,0.075,Passing,65,42,23,871.0,567,1764,1116,61.2,2.08,0.65,0.321,140,144,263,0.586,0.826,1.053,Possessions,65,42,23,871.0,12,26,0.462,24,0.0,1.0,0.0,0.462,PullUpShot,64.0,42.0,22.0,869.0,105.0,75.0,30.0,0.714,227.0,0.463,6.0,0.475,3.8,224.0,67.0,155.0,0.299,366.0,0.612,40.0,0.687,4.2,329.0,142.0,185.0,0.432,578.0,0.569,46.0,0.618,4.1,Rebounding,65,42,23,871.0,310668,58.8,31.7,27.1,3.96,4.0,3.91,SpeedDistance,65,42,23,871.0,1764,140,33,59,0.559,15,18,0.833,82,0.586,61,0.436,16,0.262,5,0.036,9,0.064,ElbowTouch,65,42,23,871.0,1764,144,44,74,0.595,30,38,0.789,119,0.826,17,0.118,2,0.014,17,0.118,19,0.132,PostTouch,65,42,23,871.0,1764,263,111,178,0.624,50,64,0.781,277,1.053,28,0.106,8,0.03,9,0.034,32,0.122,PaintTouch
202687,Bismack Biyombo,1610612759,SAS,25,20,5,141.0,0,0,0,0.0,0,0,0.0,0,0.0,0,0.0,0,0.0,0,0.0,0,0.0,Drives,25,20,5,141.0,4,2,21,17,24,0.708,Defense,25,20,5,141.0,0,0,,0,,,,,CatchShoot,25,20,5,141.0,136,76,5,0,1,8,15,6,0.037,0.044,Passing,25,20,5,141.0,23,163,78,5.0,1.84,0.4,0.141,10,1,22,0.0,0.0,0.773,Possessions,25,20,5,141.0,0,0,,0,,,,,PullUpShot,18.0,16.0,2.0,119.0,5.0,3.0,2.0,0.6,30.0,0.167,3.0,0.185,5.3,21.0,5.0,16.0,0.238,45.0,0.467,5.0,0.525,4.5,26.0,8.0,18.0,0.308,69.0,0.377,8.0,0.426,4.7,Rebounding,25,20,5,141.0,52868,10.0,5.5,4.5,4.13,4.24,4.0,SpeedDistance,25,20,5,141.0,163,10,0,2,0.0,0,0,0.0,0,0.0,8,0.8,1,0.125,0,0.0,0,0.0,ElbowTouch,25,20,5,141.0,163,1,0,0,0.0,0,0,0.0,0,0.0,1,1.0,0,0.0,0,0.0,0,0.0,PostTouch,25,20,5,141.0,163,22,8,13,0.615,1,2,0.5,17,0.773,4,0.182,0,0.0,2,0.091,1,0.045,PaintTouch
202691,Klay Thompson,1610612742,DAL,69,21,48,1497.0,148,23,58,0.397,0,0,0.0,46,0.311,76,0.514,14,0.095,12,0.081,0,0.0,Drives,69,21,48,1497.0,33,22,125,67,110,0.609,Defense,69,21,48,1497.0,158,413,0.383,465,149.0,389.0,0.383,0.563,CatchShoot,69,21,48,1497.0,842,1398,96,19,10,170,248,124,0.114,0.147,Passing,69,21,48,1497.0,810,1718,1287,58.5,2.04,1.34,0.471,19,2,33,0.579,0.0,1.03,Possessions,69,21,48,1497.0,87,239,0.364,223,49.0,132.0,0.371,0.467,PullUpShot,59.0,18.0,41.0,1311.0,18.0,6.0,12.0,0.333,42.0,0.429,0.0,0.429,15.9,125.0,30.0,94.0,0.24,223.0,0.561,25.0,0.631,9.3,143.0,36.0,106.0,0.252,262.0,0.546,25.0,0.603,10.2,Rebounding,69,21,48,1497.0,590964,111.9,62.2,49.8,4.34,4.82,3.86,SpeedDistance,69,21,48,1497.0,1718,19,4,9,0.444,2,4,0.5,11,0.579,6,0.316,0,0.0,2,0.105,2,0.105,ElbowTouch,69,21,48,1497.0,1718,2,0,1,0.0,0,0,0.0,0,0.0,1,0.5,1,0.5,0,0.0,0,0.0,PostTouch,69,21,48,1497.0,1718,33,16,26,0.615,2,4,0.5,34,1.03,4,0.121,0,0.0,1,0.03,2,0.061,PaintTouch
202695,Kawhi Leonard,1610612746,LAC,65,37,28,2085.0,671,184,355,0.518,115,131,0.878,499,0.744,202,0.301,55,0.082,37,0.055,66,0.098,Drives,65,37,28,2085.0,122,27,342,145,186,0.78,Defense,65,37,28,2085.0,79,203,0.389,228,70.0,178.0,0.393,0.562,CatchShoot,65,37,28,2085.0,1991,2773,234,15,57,449,619,306,0.118,0.154,Passing,65,37,28,2085.0,1813,3717,2022,278.6,4.5,3.94,0.488,90,99,122,0.967,0.778,1.156,Possessions,65,37,28,2085.0,306,673,0.455,706,94.0,254.0,0.37,0.525,PullUpShot,65.0,37.0,28.0,2085.0,71.0,39.0,32.0,0.549,158.0,0.449,5.0,0.464,9.5,342.0,69.0,273.0,0.202,523.0,0.654,44.0,0.714,6.9,413.0,108.0,305.0,0.262,648.0,0.637,49.0,0.689,7.3,Rebounding,65,37,28,2085.0,782569,148.2,80.6,67.6,4.1,4.39,3.8,SpeedDistance,65,37,28,2085.0,3717,90,32,51,0.627,17,17,1.0,87,0.967,26,0.289,7,0.269,3,0.033,9,0.1,ElbowTouch,65,37,28,2085.0,3717,99,30,52,0.577,13,14,0.929,77,0.778,31,0.313,2,0.02,6,0.061,7,0.071,PostTouch,65,37,28,2085.0,3717,122,58,82,0.707,19,21,0.905,141,1.156,23,0.189,10,0.082,3,0.025,9,0.074,PaintTouch
202696,Nikola Vučević,1610612738,BOS,64,35,29,1818.0,167,42,76,0.553,8,10,0.8,95,0.569,67,0.401,16,0.096,9,0.054,6,0.036,Drives,64,35,29,1818.0,39,41,412,207,319,0.649,Defense,64,35,29,1818.0,145,350,0.414,389,99.0,266.0,0.372,0.556,CatchShoot,64,35,29,1818.0,2804,2846,213,6,22,352,537,241,0.076,0.086,Passing,64,35,29,1818.0,965,3789,2836,92.8,1.47,0.55,0.255,240,247,432,0.533,0.36,0.755,Possessions,64,35,29,1818.0,27,58,0.466,54,0.0,2.0,0.0,0.466,PullUpShot,63.0,34.0,29.0,1816.0,125.0,78.0,47.0,0.624,268.0,0.466,9.0,0.483,5.9,412.0,139.0,273.0,0.337,648.0,0.636,61.0,0.702,4.8,537.0,217.0,320.0,0.404,897.0,0.599,70.0,0.649,5.1,Rebounding,64,35,29,1818.0,647784,122.7,64.2,58.5,3.97,4.13,3.81,SpeedDistance,64,35,29,1818.0,3789,240,62,116,0.534,2,2,1.0,128,0.533,108,0.45,16,0.148,10,0.042,2,0.008,ElbowTouch,64,35,29,1818.0,3789,247,38,89,0.427,11,16,0.688,89,0.36,122,0.494,32,0.13,11,0.045,9,0.036,PostTouch,64,35,29,1818.0,3789,432,150,254,0.591,23,26,0.885,326,0.755,130,0.301,24,0.056,15,0.035,13,0.03,PaintTouch
202699,Tobias Harris,1610612765,DET,63,46,17,1746.0,242,63,137,0.46,27,32,0.844,160,0.661,75,0.31,20,0.083,9,0.037,16,0.066,Drives,63,46,17,1746.0,58,26,268,80,129,0.62,Defense,63,46,17,1745.0,78,207,0.377,231,75.0,197.0,0.381,0.558,CatchShoot,63,46,17,1746.0,1830,1713,157,19,23,271,404,199,0.086,0.109,Passing,63,46,17,1746.0,836,2668,1566,120.8,2.72,1.73,0.313,54,191,112,0.815,0.743,0.902,Possessions,63,46,17,1745.0,79,179,0.441,164,6.0,24.0,0.25,0.458,PullUpShot,60.0,44.0,16.0,1712.0,55.0,22.0,32.0,0.4,138.0,0.399,7.0,0.42,9.5,268.0,63.0,203.0,0.235,426.0,0.629,36.0,0.687,6.9,323.0,85.0,235.0,0.263,553.0,0.584,43.0,0.633,7.3,Rebounding,63,46,17,1746.0,666718,126.3,67.1,59.1,4.21,4.5,3.93,SpeedDistance,63,46,17,1746.0,2668,54,17,28,0.607,6,7,0.857,44,0.815,22,0.407,5,0.227,0,0.0,4,0.074,ElbowTouch,63,46,17,1746.0,2668,191,56,93,0.602,23,28,0.821,142,0.743,69,0.361,16,0.084,9,0.047,15,0.079,PostTouch,63,46,17,1746.0,2668,112,42,68,0.618,13,16,0.813,101,0.902,28,0.25,4,0.036,7,0.063,8,0.071,PaintTouch
202710,Jimmy Butler III,1610612744,GSW,38,23,15,1182.0,429,72,135,0.533,94,110,0.855,249,0.58,198,0.462,42,0.098,32,0.075,56,0.131,Drives,38,23,15,1182.0,55,8,123,65,83,0.783,Defense,38,23,15,1182.0,24,66,0.364,69,21.0,55.0,0.382,0.523,CatchShoot,38,23,15,1182.0,1722,1811,185,18,31,408,509,234,0.107,0.136,Passing,38,23,15,1182.0,760,2441,1544,151.4,3.72,2.58,0.311,64,67,246,0.703,0.433,0.813,Possessions,38,23,15,1182.0,30,96,0.313,68,8.0,25.0,0.32,0.354,PullUpShot,38.0,23.0,15.0,1182.0,88.0,60.0,27.0,0.682,197.0,0.447,7.0,0.463,6.0,123.0,36.0,87.0,0.293,211.0,0.583,17.0,0.634,7.5,211.0,96.0,114.0,0.455,402.0,0.525,24.0,0.558,6.9,Rebounding,38,23,15,1182.0,449929,85.2,46.0,39.2,4.29,4.49,4.09,SpeedDistance,38,23,15,1182.0,2441,64,12,21,0.571,16,16,1.0,45,0.703,30,0.469,11,0.367,1,0.016,9,0.141,ElbowTouch,38,23,15,1182.0,2441,67,11,19,0.579,6,6,1.0,29,0.433,42,0.627,11,0.164,2,0.03,3,0.045,PostTouch,38,23,15,1182.0,2441,246,74,111,0.667,44,52,0.846,200,0.813,90,0.366,20,0.081,7,0.028,27,0.11,PaintTouch
203076,Anthony Davis,1610612764,WAS,20,10,10,626.0,89,27,61,0.443,10,14,0.714,64,0.719,11,0.124,3,0.034,10,0.112,7,0.079,Drives,20,10,10,626.0,22,33,159,67,125,0.536,Defense,20,10,10,626.0,16,49,0.327,40,8.0,30.0,0.267,0.408,CatchShoot,20,10,10,626.0,743,744,56,2,5,85,133,63,0.075,0.085,Passing,20,10,10,626.0,407,1187,758,49.3,2.49,1.22,0.343,85,64,156,0.682,0.359,1.122,Possessions,20,10,10,626.0,31,81,0.383,64,2.0,6.0,0.333,0.395,PullUpShot,20.0,10.0,10.0,626.0,62.0,49.0,13.0,0.79,119.0,0.521,6.0,0.549,3.3,159.0,57.0,102.0,0.358,253.0,0.628,21.0,0.685,5.3,221.0,106.0,115.0,0.48,358.0,0.617,27.0,0.668,4.7,Rebounding,20,10,10,626.0,207482,39.3,20.7,18.5,3.74,3.83,3.63,SpeedDistance,20,10,10,626.0,1187,85,22,47,0.468,11,12,0.917,58,0.682,23,0.271,9,0.391,6,0.071,6,0.071,ElbowTouch,20,10,10,626.0,1187,64,10,25,0.4,1,2,0.5,23,0.359,25,0.391,6,0.094,6,0.094,1,0.016,PostTouch,20,10,10,626.0,1187,156,76,113,0.673,20,28,0.714,175,1.122,12,0.077,5,0.032,11,0.071,14,0.09,PaintTouch
203078,Bradley Beal,1610612746,LAC,6,2,4,121.0,19,1,10,0.1,2,2,1.0,4,0.211,5,0.263,3,0.158,2,0.105,1,0.053,Drives,6,2,4,121.0,3,0,3,6,7,0.857,Defense,6,2,4,121.0,7,16,0.438,21,7.0,14.0,0.5,0.656,CatchShoot,6,2,4,121.0,111,146,10,1,0,16,27,11,0.09,0.099,Passing,6,2,4,121.0,49,177,109,8.6,2.92,2.54,0.277,1,0,7,0.0,0.0,1.143,Possessions,6,2,4,121.0,4,18,0.222,8,0.0,5.0,0.0,0.222,PullUpShot,5.0,2.0,3.0,101.0,2.0,1.0,1.0,0.5,4.0,0.5,0.0,0.5,12.4,3.0,0.0,3.0,0.0,9.0,0.333,0.0,0.333,9.0,5.0,1.0,4.0,0.2,13.0,0.385,0.0,0.385,10.4,Rebounding,6,2,4,121.0,43718,8.3,4.4,3.9,4.4,4.45,4.34,SpeedDistance,6,2,4,121.0,177,1,0,1,0.0,0,0,0.0,0,0.0,0,0.0,0,0.0,0,0.0,0,0.0,ElbowTouch,6,2,4,121.0,177,0,0,0,0.0,0,0,0.0,0,0.0,0,0.0,0,0.0,0,0.0,0,0.0,PostTouch,6,2,4,121.0,177,7,2,4,0.5,4,4,1.0,8,1.143,1,0.143,1,0.143,0,0.0,2,0.286,PaintTouch
203083,Andre Drummond,1610612755,PHI,63,33,30,1231.0,17,2,9,0.222,1,2,0.5,5,0.294,4,0.235,0,0.0,3,0.176,1,0.059,Drives,63,33,30,1231.0,38,49,332,134,196,0.684,Defense,63,33,30,1231.0,30,87,0.345,90,30.0,85.0,0.353,0.517,CatchShoot,63,33,30,1231.0,986,759,80,2,10,105,191,91,0.081,0.092,Passing,63,33,30,1231.0,403,1430,893,36.4,1.53,0.4,0.282,66,12,307,0.409,0.917,0.788,Possessions,63,33,30,1231.0,2,5,0.4,6,2.0,3.0,0.667,0.6,PullUpShot,62.0,32.0,30.0,1227.0,200.0,144.0,56.0,0.72,357.0,0.56,9.0,0.575,4.1,332.0,112.0,220.0,0.337,522.0,0.636,36.0,0.683,4.2,532.0,256.0,276.0,0.481,838.0,0.635,45.0,0.671,4.2,Rebounding,63,33,30,1231.0,450753,85.4,43.7,41.6,4.08,4.14,4.02,SpeedDistance,63,33,30,1231.0,1430,66,12,22,0.545,3,6,0.5,27,0.409,36,0.545,13,0.361,3,0.045,3,0.045,ElbowTouch,63,33,30,1231.0,1430,12,5,8,0.625,1,2,0.5,11,0.917,0,0.0,0,0.0,1,0.083,1,0.083,PostTouch,63,33,30,1231.0,1430,307,107,201,0.532,23,42,0.548,242,0.788,60,0.195,13,0.042,17,0.055,19,0.062,PaintTouch
203084,Harrison Barnes,1610612759,SAS,77,57,20,1986.0,271,79,144,0.549,47,54,0.87,211,0.779,76,0.28,19,0.07,17,0.063,27,0.1,Drives,77,57,20,1986.0,50,12,151,109,149,0.732,Defense,77,57,20,1986.0,124,318,0.39,372,124.0,316.0,0.392,0.585,CatchShoot,77,57,20,1986.0,1701,1549,148,12,14,246,373,174,0.087,0.102,Passing,77,57,20,1986.0,765,2427,1514,84.5,2.09,1.0,0.315,48,11,65,0.333,0.636,0.769,Possessions,77,57,20,1986.0,24,71,0.338,62,14.0,40.0,0.35,0.437,PullUpShot,70.0,52.0,18.0,1831.0,62.0,20.0,43.0,0.323,135.0,0.459,5.0,0.477,13.6,151.0,48.0,104.0,0.318,261.0,0.579,21.0,0.629,7.9,213.0,68.0,147.0,0.319,388.0,0.549,26.0,0.588,9.5,Rebounding,77,57,20,1986.0,781062,147.9,77.0,70.9,4.37,4.63,4.13,SpeedDistance,77,57,20,1986.0,2427,48,6,13,0.462,3,4,0.75,16,0.333,27,0.563,3,0.111,4,0.083,2,0.042,ElbowTouch,77,57,20,1986.0,2427,11,2,4,0.5,2,2,1.0,7,0.636,3,0.273,0,0.0,3,0.273,1,0.091,PostTouch,77,57,20,1986.0,2427,65,21,27,0.778,6,8,0.75,50,0.769,28,0.431,2,0.031,5,0.077,4,0.062,PaintTouch
203110,Draymond Green,1610612744,GSW,68,31,37,1869.0,163,32,55,0.582,16,21,0.762,81,0.497,74,0.454,13,0.08,16,0.098,11,0.067,Drives,68,31,37,1869.0,61,42,320,165,264,0.625,Defense,68,31,37,1869.0,103,314,0.328,304,98.0,301.0,0.326,0.484,CatchShoot,68,31,37,1869.0,3896,3302,376,40,37,703,996,453,0.097,0.116,Passing,68,31,37,1869.0,570,4694,2558,154.9,1.98,1.05,0.121,134,14,155,0.179,0.0,0.619,Possessions,68,31,37,1869.0,4,15,0.267,8,0.0,2.0,0.0,0.267,PullUpShot,68.0,31.0,37.0,1869.0,55.0,26.0,30.0,0.473,138.0,0.399,3.0,0.407,8.1,320.0,107.0,211.0,0.334,555.0,0.577,61.0,0.648,4.6,375.0,133.0,241.0,0.355,665.0,0.564,64.0,0.624,5.1,Rebounding,68,31,37,1869.0,661256,125.2,67.5,57.7,3.89,4.15,3.62,SpeedDistance,68,31,37,1869.0,4694,134,9,23,0.391,6,12,0.5,24,0.179,91,0.679,19,0.209,10,0.075,6,0.045,ElbowTouch,68,31,37,1869.0,4694,14,0,2,0.0,0,0,0.0,0,0.0,11,0.786,3,0.214,1,0.071,0,0.0,PostTouch,68,31,37,1869.0,4694,155,39,68,0.574,16,24,0.667,96,0.619,60,0.387,15,0.097,11,0.071,12,0.077,PaintTouch
203114,Khris Middleton,1610612742,DAL,63,18,45,1439.0,277,53,112,0.473,27,31,0.871,136,0.491,123,0.444,31,0.112,19,0.069,16,0.058,Drives,63,18,45,1439.0,41,9,180,86,115,0.748,Defense,63,18,45,1439.0,60,142,0.423,167,47.0,116.0,0.405,0.588,CatchShoot,63,18,45,1439.0,1209,1490,176,29,22,335,446,219,0.146,0.181,Passing,63,18,45,1439.0,640,1981,1283,100.4,3.04,2.18,0.323,26,98,59,0.423,0.592,0.661,Possessions,63,18,45,1439.0,101,262,0.385,220,18.0,64.0,0.281,0.42,PullUpShot,62.0,18.0,44.0,1425.0,51.0,21.0,30.0,0.412,96.0,0.531,3.0,0.548,10.2,180.0,39.0,141.0,0.217,302.0,0.596,22.0,0.643,7.5,231.0,60.0,171.0,0.26,385.0,0.6,25.0,0.642,8.1,Rebounding,63,18,45,1439.0,557189,105.5,56.3,49.2,4.28,4.65,3.92,SpeedDistance,63,18,45,1439.0,1981,26,4,9,0.444,2,2,1.0,11,0.423,13,0.5,2,0.154,3,0.115,1,0.038,ElbowTouch,63,18,45,1439.0,1981,98,26,54,0.481,6,6,1.0,58,0.592,32,0.327,4,0.041,6,0.061,3,0.031,PostTouch,63,18,45,1439.0,1981,59,15,30,0.5,8,10,0.8,39,0.661,20,0.339,3,0.051,2,0.034,4,0.068,PaintTouch
203468,CJ McCollum,1610612737,ATL,76,37,39,2263.0,786,196,389,0.504,53,68,0.779,453,0.576,296,0.377,68,0.087,43,0.055,34,0.043,Drives,76,37,39,2263.0,64,35,190,130,173,0.751,Defense,76,37,39,2263.0,98,260,0.377,286,90.0,249.0,0.361,0.55,CatchShoot,76,37,39,2263.0,2828,3675,293,27,39,580,789,359,0.104,0.127,Passing,76,37,39,2263.0,1424,4372,1954,338.7,4.65,4.25,0.326,44,3,55,0.705,0.667,0.673,Possessions,76,37,39,2263.0,241,554,0.435,582,100.0,259.0,0.386,0.525,PullUpShot,71.0,33.0,38.0,2117.0,62.0,17.0,45.0,0.274,133.0,0.466,0.0,0.466,13.3,190.0,33.0,157.0,0.174,308.0,0.617,19.0,0.657,9.5,252.0,50.0,202.0,0.198,435.0,0.579,19.0,0.606,10.4,Rebounding,76,37,39,2263.0,934036,176.9,97.4,79.5,4.56,5.09,4.05,SpeedDistance,76,37,39,2263.0,4372,44,11,16,0.688,5,7,0.714,31,0.705,22,0.5,7,0.318,1,0.023,3,0.068,ElbowTouch,76,37,39,2263.0,4372,3,1,2,0.5,0,0,0.0,2,0.667,1,0.333,0,0.0,0,0.0,0,0.0,PostTouch,76,37,39,2263.0,4372,55,15,19,0.789,6,8,0.75,37,0.673,28,0.509,7,0.127,3,0.055,4,0.073,PaintTouch
203471,Dennis Schröder,1610612739,CLE,70,29,41,1696.0,627,119,271,0.439,79,95,0.832,328,0.523,256,0.408,66,0.105,26,0.041,48,0.077,Drives,70,29,41,1696.0,55,11,157,88,109,0.807,Defense,70,29,41,1696.0,60,170,0.353,178,58.0,163.0,0.356,0.524,CatchShoot,70,29,41,1696.0,3009,3216,341,27,25,546,862,393,0.113,0.131,Passing,70,29,41,1696.0,756,3961,1556,300.1,4.55,4.03,0.191,10,3,23,0.4,0.0,0.391,Possessions,70,29,41,1696.0,74,205,0.361,163,15.0,60.0,0.25,0.398,PullUpShot,66.0,27.0,39.0,1618.0,33.0,5.0,28.0,0.152,82.0,0.402,2.0,0.413,18.7,157.0,29.0,127.0,0.185,277.0,0.567,26.0,0.625,9.0,190.0,34.0,155.0,0.179,357.0,0.532,28.0,0.578,10.7,Rebounding,70,29,41,1696.0,679360,128.7,68.0,60.7,4.37,4.7,4.06,SpeedDistance,70,29,41,1696.0,3961,10,2,3,0.667,0,0,0.0,4,0.4,7,0.7,2,0.286,0,0.0,0,0.0,ElbowTouch,70,29,41,1696.0,3961,3,0,0,0.0,0,0,0.0,0,0.0,2,0.667,0,0.0,1,0.333,0,0.0,PostTouch,70,29,41,1696.0,3961,23,3,4,0.75,3,4,0.75,9,0.391,15,0.652,4,0.174,2,0.087,2,0.087,PaintTouch
203482,Kelly Olynyk,1610612759,SAS,42,33,9,360.0,53,10,18,0.556,10,12,0.833,30,0.566,25,0.472,5,0.094,4,0.075,6,0.113,Drives,42,33,9,360.0,15,3,52,33,47,0.702,Defense,42,33,9,360.0,14,47,0.298,40,12.0,45.0,0.267,0.426,CatchShoot,42,33,9,360.0,509,438,49,5,3,82,124,57,0.096,0.112,Passing,42,33,9,360.0,133,668,400,26.7,2.4,1.04,0.199,29,10,45,0.207,0.7,0.867,Possessions,42,33,9,360.0,1,7,0.143,2,0.0,2.0,0.0,0.143,PullUpShot,32.0,25.0,7.0,321.0,24.0,15.0,9.0,0.625,51.0,0.471,1.0,0.48,8.5,52.0,9.0,43.0,0.173,77.0,0.675,10.0,0.776,6.6,76.0,24.0,52.0,0.316,124.0,0.613,11.0,0.673,7.2,Rebounding,42,33,9,360.0,140851,26.7,14.7,12.0,4.36,4.7,4.01,SpeedDistance,42,33,9,360.0,668,29,2,4,0.5,2,2,1.0,6,0.207,20,0.69,2,0.1,2,0.069,0,0.0,ElbowTouch,42,33,9,360.0,668,10,2,2,1.0,3,4,0.75,7,0.7,5,0.5,1,0.1,1,0.1,2,0.2,PostTouch,42,33,9,360.0,668,45,18,20,0.9,3,4,0.75,39,0.867,17,0.378,4,0.089,5,0.111,2,0.044,PaintTouch
203484,Kentavious Caldwell-Pope,1610612763,MEM,51,20,31,1088.0,152,31,71,0.437,30,34,0.882,93,0.612,54,0.355,15,0.099,6,0.039,17,0.112,Drives,51,20,31,1088.0,43,8,105,44,50,0.88,Defense,51,20,31,1088.0,45,129,0.349,128,38.0,119.0,0.319,0.496,CatchShoot,51,20,31,1088.0,1563,1442,139,18,18,246,367,175,0.089,0.112,Passing,51,20,31,1088.0,428,2061,1214,95.8,2.79,1.95,0.208,11,2,20,0.364,0.0,0.9,Possessions,51,20,31,1088.0,55,145,0.379,127,17.0,54.0,0.315,0.438,PullUpShot,46.0,18.0,28.0,971.0,20.0,7.0,13.0,0.35,46.0,0.435,2.0,0.455,14.1,105.0,17.0,88.0,0.162,155.0,0.677,12.0,0.734,9.3,125.0,24.0,101.0,0.192,199.0,0.628,14.0,0.676,10.0,Rebounding,51,20,31,1088.0,405690,76.8,39.8,37.0,4.2,4.41,4.0,SpeedDistance,51,20,31,1088.0,2061,11,2,5,0.4,0,0,0.0,4,0.364,6,0.545,2,0.333,0,0.0,0,0.0,ElbowTouch,51,20,31,1088.0,2061,2,0,0,0.0,0,0,0.0,0,0.0,1,0.5,1,0.5,0,0.0,0,0.0,PostTouch,51,20,31,1088.0,2061,20,6,10,0.6,6,6,1.0,18,0.9,7,0.35,3,0.15,0,0.0,3,0.15,PaintTouch
203486,Mason Plumlee,1610612759,SAS,20,10,10,171.0,3,0,0,0.0,0,0,0.0,0,0.0,3,1.0,2,0.667,0,0.0,0,0.0,Drives,20,10,10,171.0,10,0,36,16,25,0.64,Defense,20,10,10,171.0,0,0,,0,,,,,CatchShoot,20,10,10,171.0,208,113,20,3,2,27,57,25,0.096,0.12,Passing,20,10,10,171.0,31,243,126,7.8,1.91,0.53,0.128,11,1,38,0.182,2.0,0.632,Possessions,20,10,10,171.0,0,0,,0,,,,,PullUpShot,17.0,9.0,8.0,150.0,17.0,7.0,10.0,0.412,43.0,0.395,2.0,0.415,6.4,36.0,9.0,27.0,0.25,70.0,0.514,7.0,0.571,3.9,53.0,16.0,37.0,0.302,107.0,0.495,9.0,0.541,4.7,Rebounding,20,10,10,171.0,68330,12.9,7.3,5.7,4.52,4.91,4.16,SpeedDistance,20,10,10,171.0,243,11,1,2,0.5,0,0,0.0,2,0.182,9,0.818,2,0.222,0,0.0,0,0.0,ElbowTouch,20,10,10,171.0,243,1,1,1,1.0,0,0,0.0,2,2.0,0,0.0,0,0.0,0,0.0,0,0.0,PostTouch,20,10,10,171.0,243,38,9,11,0.818,4,4,1.0,24,0.632,19,0.5,4,0.105,6,0.158,2,0.053,PaintTouch
203497,Rudy Gobert,1610612750,MIN,76,46,30,2380.0,51,11,28,0.393,2,8,0.25,24,0.471,14,0.275,1,0.02,5,0.098,4,0.078,Drives,76,46,30,2380.0,58,124,573,247,456,0.542,Defense,76,46,30,2380.0,4,15,0.267,8,0.0,5.0,0.0,0.267,CatchShoot,76,46,30,2380.0,2602,1590,128,8,19,179,338,153,0.049,0.059,Passing,76,46,30,2380.0,829,3390,1793,77.6,1.37,0.28,0.245,167,27,640,0.665,0.37,1.036,Possessions,76,46,30,2380.0,0,1,0.0,0,0.0,0.0,,0.0,PullUpShot,75.0,45.0,30.0,2345.0,296.0,174.0,120.0,0.588,628.0,0.471,15.0,0.483,5.1,564.0,174.0,389.0,0.309,933.0,0.605,96.0,0.674,4.4,860.0,348.0,509.0,0.405,1515.0,0.568,111.0,0.613,4.7,Rebounding,76,46,30,2380.0,914249,173.2,90.8,82.3,4.28,4.48,4.07,SpeedDistance,76,46,30,2380.0,3390,167,45,70,0.643,16,36,0.444,111,0.665,60,0.359,10,0.167,12,0.072,18,0.108,ElbowTouch,76,46,30,2380.0,3390,27,4,5,0.8,2,8,0.25,10,0.37,11,0.407,4,0.148,1,0.037,4,0.148,PostTouch,76,46,30,2380.0,3390,640,280,372,0.753,93,166,0.56,663,1.036,109,0.17,19,0.03,40,0.063,78,0.122,PaintTouch
203500,Steven Adams,1610612745,HOU,32,21,11,730.0,10,3,5,0.6,0,2,0.0,6,0.6,4,0.4,1,0.1,0,0.0,1,0.1,Drives,32,21,11,730.0,22,20,131,80,117,0.684,Defense,32,21,11,730.0,3,6,0.5,6,,,,0.5,CatchShoot,32,21,11,730.0,678,435,48,3,9,69,110,58,0.071,0.086,Passing,32,21,11,730.0,187,901,535,25.0,1.67,0.41,0.208,80,7,238,0.35,0.857,0.597,Possessions,32,21,11,730.0,0,0,,0,,,,,PullUpShot,31.0,21.0,10.0,715.0,145.0,104.0,39.0,0.717,287.0,0.505,11.0,0.525,4.5,131.0,45.0,85.0,0.344,230.0,0.57,23.0,0.633,5.1,276.0,149.0,124.0,0.54,514.0,0.537,34.0,0.575,4.8,Rebounding,32,21,11,730.0,259502,49.1,26.4,22.8,4.03,4.05,4.03,SpeedDistance,32,21,11,730.0,901,80,11,23,0.478,5,6,0.833,28,0.35,47,0.588,5,0.106,4,0.05,2,0.025,ElbowTouch,32,21,11,730.0,901,7,3,3,1.0,0,0,0.0,6,0.857,2,0.286,0,0.0,2,0.286,0,0.0,PostTouch,32,21,11,730.0,901,238,56,116,0.483,29,48,0.604,142,0.597,76,0.319,10,0.042,9,0.038,23,0.097,PaintTouch
203501,Tim Hardaway Jr.,1610612743,DEN,80,52,28,2127.0,131,36,74,0.486,37,46,0.804,110,0.84,30,0.229,12,0.092,2,0.015,23,0.176,Drives,80,52,28,2127.0,42,10,189,118,154,0.766,Defense,80,52,28,2127.0,187,441,0.424,551,177.0,427.0,0.415,0.625,CatchShoot,80,52,28,2127.0,1562,1726,108,7,15,169,269,130,0.069,0.083,Passing,80,52,28,2127.0,1079,2501,1537,78.3,1.88,1.05,0.431,33,1,36,1.212,2.0,1.361,Possessions,80,52,28,2127.0,91,211,0.431,229,47.0,121.0,0.388,0.543,PullUpShot,77.0,49.0,28.0,2046.0,17.0,6.0,11.0,0.353,56.0,0.304,0.0,0.304,15.8,189.0,51.0,138.0,0.27,323.0,0.585,28.0,0.641,8.0,206.0,57.0,149.0,0.277,364.0,0.566,28.0,0.613,8.6,Rebounding,80,52,28,2127.0,768612,145.6,76.5,69.1,3.93,4.08,3.77,SpeedDistance,80,52,28,2127.0,2501,33,16,19,0.842,7,8,0.875,40,1.212,9,0.273,2,0.222,1,0.03,3,0.091,ElbowTouch,80,52,28,2127.0,2501,1,1,1,1.0,0,0,0.0,2,2.0,0,0.0,0,0.0,0,0.0,0,0.0,PostTouch,80,52,28,2127.0,2501,36,20,27,0.741,8,8,1.0,49,1.361,5,0.139,1,0.028,0,0.0,4,0.111,PaintTouch
203507,Giannis Antetokounmpo,1610612749,MIL,36,17,19,1039.0,362,107,161,0.665,68,106,0.642,293,0.809,107,0.296,28,0.077,19,0.052,54,0.149,Drives,36,17,19,1039.0,34,24,254,54,104,0.519,Defense,36,17,19,1039.0,11,25,0.44,32,10.0,20.0,0.5,0.64,CatchShoot,36,17,19,1039.0,1559,1804,196,9,35,386,547,239,0.126,0.153,Passing,36,17,19,1039.0,993,2553,1204,170.2,4.0,2.79,0.389,168,186,248,0.583,0.511,1.077,Possessions,36,17,19,1039.0,30,113,0.265,65,5.0,24.0,0.208,0.288,PullUpShot,36.0,17.0,19.0,1039.0,98.0,68.0,29.0,0.694,194.0,0.505,4.0,0.516,5.2,254.0,51.0,203.0,0.201,351.0,0.724,25.0,0.779,5.1,352.0,119.0,232.0,0.338,511.0,0.689,29.0,0.73,5.1,Rebounding,36,17,19,1039.0,369949,70.1,38.1,31.9,3.99,4.38,3.59,SpeedDistance,36,17,19,1039.0,2553,168,40,67,0.597,19,26,0.731,98,0.583,75,0.446,20,0.267,8,0.048,12,0.071,ElbowTouch,36,17,19,1039.0,2553,186,42,71,0.592,8,12,0.667,95,0.511,77,0.414,18,0.097,16,0.086,6,0.032,PostTouch,36,17,19,1039.0,2553,248,109,147,0.741,46,76,0.605,267,1.077,31,0.125,10,0.04,12,0.048,34,0.137,PaintTouch
203552,Seth Curry,1610612744,GSW,10,1,9,133.0,15,4,5,0.8,0,0,0.0,8,0.533,10,0.667,3,0.2,0,0.0,0,0.0,Drives,10,1,9,133.0,3,0,8,11,12,0.917,Defense,10,1,9,133.0,9,23,0.391,27,9.0,20.0,0.45,0.587,CatchShoot,10,1,9,133.0,129,151,10,0,1,19,21,11,0.078,0.085,Passing,10,1,9,133.0,71,188,134,7.9,2.54,1.65,0.378,0,0,2,0.0,0.0,2.0,Possessions,10,1,9,133.0,9,19,0.474,21,3.0,5.0,0.6,0.553,PullUpShot,8.0,0.0,8.0,104.0,4.0,1.0,3.0,0.25,8.0,0.5,1.0,0.571,18.0,8.0,2.0,6.0,0.25,11.0,0.727,0.0,0.727,14.3,12.0,3.0,9.0,0.25,19.0,0.632,1.0,0.667,15.5,Rebounding,10,1,9,133.0,51730,9.8,5.4,4.4,4.17,4.37,3.94,SpeedDistance,10,1,9,133.0,188,0,0,0,0.0,0,0,0.0,0,0.0,0,0.0,0,0.0,0,0.0,0,0.0,ElbowTouch,10,1,9,133.0,188,0,0,0,0.0,0,0,0.0,0,0.0,0,0.0,0,0.0,0,0.0,0,0.0,PostTouch,10,1,9,133.0,188,2,2,2,1.0,0,0,0.0,4,2.0,0,0.0,0,0.0,0,0.0,0,0.0,PaintTouch
203648,Thanasis Antetokounmpo,1610612749,MIL,34,9,25,148.0,37,5,12,0.417,7,14,0.5,18,0.486,15,0.405,3,0.081,3,0.081,7,0.189,Drives,34,9,25,148.0,13,6,18,13,21,0.619,Defense,34,9,25,148.0,0,4,0.0,0,0.0,3.0,0.0,0.0,CatchShoot,34,9,25,148.0,155,146,15,2,0,36,46,17,0.097,0.11,Passing,34,9,25,148.0,47,219,137,9.0,2.46,1.99,0.215,4,2,23,0.5,0.5,0.522,Possessions,34,9,25,148.0,0,2,0.0,0,0.0,1.0,0.0,0.0,PullUpShot,19.0,3.0,16.0,113.0,12.0,9.0,3.0,0.75,30.0,0.4,0.0,0.4,7.6,18.0,5.0,13.0,0.278,24.0,0.75,2.0,0.818,7.6,30.0,14.0,16.0,0.467,52.0,0.577,2.0,0.6,7.6,Rebounding,34,9,25,148.0,58579,11.1,5.8,5.3,4.15,4.32,3.99,SpeedDistance,34,9,25,148.0,219,4,1,1,1.0,0,0,0.0,2,0.5,3,0.75,0,0.0,0,0.0,0,0.0,ElbowTouch,34,9,25,148.0,219,2,0,0,0.0,1,2,0.5,1,0.5,0,0.0,0,0.0,1,0.5,1,0.5,PostTouch,34,9,25,148.0,219,23,5,9,0.556,3,6,0.5,12,0.522,11,0.478,2,0.087,1,0.043,2,0.087,PaintTouch
203897,Zach LaVine,1610612758,SAC,39,9,30,1224.0,249,55,103,0.534,53,60,0.883,166,0.667,98,0.394,18,0.072,14,0.056,30,0.12,Drives,39,9,30,1224.0,28,10,100,75,92,0.815,Defense,39,9,30,1224.0,53,130,0.408,156,50.0,118.0,0.424,0.6,CatchShoot,39,9,30,1224.0,1258,1475,89,5,11,189,221,105,0.071,0.083,Passing,39,9,30,1224.0,748,1999,1109,100.1,3.01,2.26,0.374,11,7,32,1.091,0.286,0.688,Possessions,39,9,30,1224.0,89,226,0.394,225,47.0,132.0,0.356,0.498,PullUpShot,37.0,9.0,28.0,1173.0,8.0,2.0,6.0,0.25,41.0,0.195,3.0,0.211,18.5,100.0,19.0,81.0,0.19,176.0,0.568,16.0,0.625,7.1,108.0,21.0,87.0,0.194,209.0,0.517,19.0,0.568,8.0,Rebounding,39,9,30,1224.0,469773,89.0,48.8,40.2,4.39,4.76,4.01,SpeedDistance,39,9,30,1224.0,1999,11,6,9,0.667,0,0,0.0,12,1.091,2,0.182,0,0.0,0,0.0,0,0.0,ElbowTouch,39,9,30,1224.0,1999,7,1,3,0.333,0,0,0.0,2,0.286,2,0.286,0,0.0,1,0.143,0,0.0,PostTouch,39,9,30,1224.0,1999,32,11,16,0.688,0,0,0.0,22,0.688,12,0.375,4,0.125,3,0.094,0,0.0,PaintTouch
203903,Jordan Clarkson,1610612752,NYK,72,45,27,1279.0,311,77,165,0.467,38,50,0.76,198,0.637,94,0.302,25,0.08,21,0.068,25,0.08,Drives,72,45,27,1279.0,30,9,65,58,86,0.674,Defense,72,45,27,1279.0,62,176,0.352,184,60.0,169.0,0.355,0.523,CatchShoot,72,45,27,1279.0,955,1205,96,5,10,167,252,111,0.101,0.116,Passing,72,45,27,1279.0,622,1630,1020,74.8,2.75,2.07,0.382,36,1,90,0.667,0.0,0.967,Possessions,72,45,27,1279.0,40,119,0.336,90,10.0,44.0,0.227,0.378,PullUpShot,56.0,36.0,20.0,1073.0,62.0,25.0,37.0,0.403,132.0,0.47,8.0,0.5,9.6,65.0,14.0,51.0,0.215,136.0,0.478,19.0,0.556,10.4,127.0,39.0,88.0,0.307,267.0,0.476,27.0,0.529,10.0,Rebounding,72,45,27,1279.0,532552,100.9,54.1,46.8,4.6,4.85,4.34,SpeedDistance,72,45,27,1279.0,1630,36,11,18,0.611,2,2,1.0,24,0.667,14,0.389,5,0.357,1,0.028,1,0.028,ElbowTouch,72,45,27,1279.0,1630,1,0,0,0.0,0,0,0.0,0,0.0,1,1.0,0,0.0,0,0.0,0,0.0,PostTouch,72,45,27,1279.0,1630,90,40,59,0.678,4,4,1.0,87,0.967,26,0.289,6,0.067,2,0.022,2,0.022,PaintTouch
203914,Gary Harris,1610612749,MIL,48,15,33,661.0,48,9,20,0.45,2,2,1.0,22,0.458,23,0.479,4,0.083,3,0.063,1,0.021,Drives,48,15,33,661.0,27,9,45,37,48,0.771,Defense,48,15,33,661.0,27,61,0.443,81,27.0,60.0,0.45,0.664,CatchShoot,48,15,33,661.0,593,445,51,4,8,77,134,63,0.086,0.106,Passing,48,15,33,661.0,128,724,460,24.3,2.01,1.25,0.177,5,0,18,0.0,0.0,0.444,Possessions,48,15,33,661.0,3,16,0.188,7,1.0,8.0,0.125,0.219,PullUpShot,32.0,11.0,21.0,496.0,16.0,6.0,10.0,0.375,35.0,0.457,1.0,0.471,10.7,45.0,7.0,38.0,0.156,75.0,0.6,6.0,0.652,9.1,61.0,13.0,48.0,0.213,105.0,0.581,7.0,0.622,9.5,Rebounding,48,15,33,661.0,259979,49.2,25.6,23.6,4.36,4.48,4.24,SpeedDistance,48,15,33,661.0,724,5,0,2,0.0,0,0,0.0,0,0.0,2,0.4,1,0.5,1,0.2,0,0.0,ElbowTouch,48,15,33,661.0,724,0,0,0,0.0,0,0,0.0,0,0.0,0,0.0,0,0.0,0,0.0,0,0.0,PostTouch,48,15,33,661.0,724,18,4,4,1.0,0,0,0.0,8,0.444,13,0.722,2,0.111,1,0.056,0,0.0,PaintTouch
203924,Jerami Grant,1610612757,POR,57,27,30,1695.0,577,112,242,0.463,103,136,0.757,339,0.588,191,0.331,30,0.052,51,0.088,72,0.125,Drives,57,27,30,1695.0,42,36,143,84,125,0.672,Defense,57,27,30,1695.0,123,325,0.378,368,122.0,322.0,0.379,0.566,CatchShoot,57,27,30,1695.0,1586,1957,122,10,13,245,327,145,0.077,0.091,Passing,57,27,30,1695.0,1060,2637,1598,126.0,2.87,2.06,0.402,39,33,60,0.41,0.515,1.1,Possessions,57,27,30,1695.0,31,88,0.352,76,14.0,28.0,0.5,0.432,PullUpShot,56.0,26.0,30.0,1672.0,55.0,21.0,34.0,0.382,125.0,0.44,5.0,0.458,13.7,143.0,24.0,118.0,0.168,237.0,0.603,19.0,0.656,7.8,198.0,45.0,152.0,0.227,349.0,0.567,24.0,0.609,9.5,Rebounding,57,27,30,1695.0,651029,123.3,64.2,59.1,4.26,4.53,4.0,SpeedDistance,57,27,30,1695.0,2637,39,6,12,0.5,4,4,1.0,16,0.41,19,0.487,2,0.105,4,0.103,2,0.051,ElbowTouch,57,27,30,1695.0,2637,33,8,9,0.889,0,0,0.0,17,0.515,19,0.576,5,0.152,5,0.152,0,0.0,PostTouch,57,27,30,1695.0,2637,60,27,36,0.75,7,8,0.875,66,1.1,16,0.267,2,0.033,2,0.033,4,0.067,PaintTouch
203926,Doug McDermott,1610612758,SAC,29,8,21,439.0,20,2,4,0.5,0,0,0.0,4,0.2,13,0.65,2,0.1,2,0.1,0,0.0,Drives,29,8,21,439.0,6,4,30,27,42,0.643,Defense,29,8,21,439.0,44,112,0.393,132,44.0,112.0,0.393,0.589,CatchShoot,29,8,21,439.0,407,407,22,3,4,48,58,29,0.054,0.071,Passing,29,8,21,439.0,164,570,415,11.3,1.19,0.46,0.288,5,0,7,0.8,0.0,0.857,Possessions,29,8,21,439.0,5,16,0.313,14,4.0,11.0,0.364,0.438,PullUpShot,18.0,5.0,13.0,337.0,7.0,3.0,4.0,0.429,13.0,0.538,1.0,0.583,15.8,30.0,8.0,22.0,0.267,52.0,0.577,6.0,0.652,8.8,37.0,11.0,26.0,0.297,64.0,0.578,7.0,0.649,10.1,Rebounding,29,8,21,439.0,177700,33.7,18.7,15.0,4.3,4.7,3.9,SpeedDistance,29,8,21,439.0,570,5,2,3,0.667,0,0,0.0,4,0.8,2,0.4,0,0.0,0,0.0,0,0.0,ElbowTouch,29,8,21,439.0,570,0,0,0,0.0,0,0,0.0,0,0.0,0,0.0,0,0.0,0,0.0,0,0.0,PostTouch,29,8,21,439.0,570,7,3,4,0.75,0,0,0.0,6,0.857,3,0.429,0,0.0,0,0.0,0,0.0,PaintTouch
203932,Aaron Gordon,1610612743,DEN,36,27,9,1005.0,119,28,55,0.509,42,51,0.824,100,0.84,24,0.202,5,0.042,8,0.067,26,0.218,Drives,36,27,9,1005.0,21,10,158,75,108,0.694,Defense,36,27,9,1005.0,46,108,0.426,134,42.0,97.0,0.433,0.62,CatchShoot,36,27,9,1005.0,1168,1183,96,11,11,175,256,117,0.082,0.1,Passing,36,27,9,1005.0,582,1728,873,101.9,3.54,2.46,0.337,66,59,169,0.591,0.542,1.083,Possessions,36,27,9,1005.0,36,99,0.364,86,14.0,45.0,0.311,0.434,PullUpShot,36.0,27.0,9.0,1005.0,51.0,33.0,18.0,0.647,102.0,0.5,6.0,0.531,6.3,158.0,47.0,111.0,0.297,235.0,0.672,14.0,0.715,5.7,209.0,80.0,129.0,0.383,327.0,0.639,20.0,0.681,5.8,Rebounding,36,27,9,1005.0,358827,68.0,36.2,31.7,3.96,4.13,3.77,SpeedDistance,36,27,9,1005.0,1728,66,15,25,0.6,8,10,0.8,39,0.591,34,0.515,9,0.265,2,0.03,5,0.076,ElbowTouch,36,27,9,1005.0,1728,59,8,31,0.258,15,18,0.833,32,0.542,13,0.22,3,0.051,4,0.068,9,0.153,PostTouch,36,27,9,1005.0,1728,169,77,111,0.694,23,32,0.719,183,1.083,36,0.213,8,0.047,4,0.024,15,0.089,PaintTouch
203935,Marcus Smart,1610612747,LAL,62,41,21,1769.0,230,53,105,0.505,27,32,0.844,138,0.6,83,0.361,21,0.091,16,0.07,16,0.07,Drives,62,41,21,1769.0,87,23,136,67,105,0.638,Defense,62,41,21,1769.0,87,259,0.336,259,85.0,256.0,0.332,0.5,CatchShoot,62,41,21,1769.0,2068,2192,185,21,21,291,455,226,0.089,0.109,Passing,62,41,21,1769.0,579,2749,1235,146.5,3.2,2.55,0.211,20,25,40,0.2,0.36,0.7,Possessions,62,41,21,1769.0,35,82,0.427,81,11.0,34.0,0.324,0.494,PullUpShot,55.0,38.0,17.0,1591.0,36.0,10.0,26.0,0.278,74.0,0.486,4.0,0.514,12.7,136.0,57.0,78.0,0.419,251.0,0.542,29.0,0.613,8.8,172.0,67.0,104.0,0.39,318.0,0.541,33.0,0.604,9.6,Rebounding,62,41,21,1769.0,617946,117.0,61.1,55.9,3.81,3.99,3.63,SpeedDistance,62,41,21,1769.0,2749,20,2,5,0.4,0,0,0.0,4,0.2,13,0.65,3,0.231,2,0.1,0,0.0,ElbowTouch,62,41,21,1769.0,2749,25,3,8,0.375,2,2,1.0,9,0.36,15,0.6,3,0.12,0,0.0,1,0.04,PostTouch,62,41,21,1769.0,2749,40,12,19,0.632,4,4,1.0,28,0.7,17,0.425,5,0.125,2,0.05,2,0.05,PaintTouch
203937,Kyle Anderson,1610612750,MIN,43,15,28,853.0,191,50,100,0.5,20,28,0.714,123,0.644,67,0.351,17,0.089,7,0.037,14,0.073,Drives,43,15,28,853.0,45,26,108,63,92,0.685,Defense,43,15,28,853.0,4,11,0.364,9,1.0,7.0,0.143,0.409,CatchShoot,43,15,28,853.0,1164,922,126,8,6,195,312,140,0.108,0.12,Passing,43,15,28,853.0,266,1472,747,71.7,2.92,1.75,0.181,56,4,77,0.429,1.5,0.74,Possessions,43,15,28,853.0,17,31,0.548,37,3.0,3.0,1.0,0.597,PullUpShot,40.0,14.0,26.0,802.0,42.0,19.0,23.0,0.452,85.0,0.494,0.0,0.494,8.6,105.0,33.0,72.0,0.314,188.0,0.559,20.0,0.625,6.2,147.0,52.0,95.0,0.354,260.0,0.565,20.0,0.613,6.9,Rebounding,43,15,28,853.0,330748,62.6,33.1,29.5,4.16,4.49,3.84,SpeedDistance,43,15,28,853.0,1472,56,11,17,0.647,2,4,0.5,24,0.429,30,0.536,8,0.267,5,0.089,2,0.036,ElbowTouch,43,15,28,853.0,1472,4,3,3,1.0,0,0,0.0,6,1.5,1,0.25,0,0.0,0,0.0,0,0.0,PostTouch,43,15,28,853.0,1472,77,26,41,0.634,4,10,0.4,57,0.74,24,0.312,7,0.091,5,0.065,5,0.065,PaintTouch
203939,Dwight Powell,1610612742,DAL,63,19,44,904.0,15,4,6,0.667,5,8,0.625,13,0.867,4,0.267,1,0.067,1,0.067,4,0.267,Drives,63,19,44,904.0,34,21,161,110,176,0.625,Defense,63,19,44,904.0,3,9,0.333,8,2.0,7.0,0.286,0.444,CatchShoot,63,19,44,904.0,908,597,68,2,7,111,170,79,0.075,0.087,Passing,63,19,44,904.0,210,1108,645,30.9,1.68,0.82,0.19,87,1,172,0.575,0.0,0.622,Possessions,63,19,44,904.0,0,0,,0,0.0,0.0,,,PullUpShot,54.0,18.0,36.0,870.0,96.0,47.0,48.0,0.49,227.0,0.423,3.0,0.429,6.3,161.0,45.0,116.0,0.28,264.0,0.61,11.0,0.636,5.6,257.0,92.0,164.0,0.358,480.0,0.535,14.0,0.552,5.9,Rebounding,63,19,44,904.0,372677,70.6,37.1,33.5,4.51,4.76,4.26,SpeedDistance,63,19,44,904.0,1108,87,15,23,0.652,17,26,0.654,50,0.575,49,0.563,7,0.143,1,0.011,13,0.149,ElbowTouch,63,19,44,904.0,1108,1,0,0,0.0,0,0,0.0,0,0.0,1,1.0,0,0.0,0,0.0,0,0.0,PostTouch,63,19,44,904.0,1108,172,38,58,0.655,25,36,0.694,107,0.622,79,0.459,8,0.047,11,0.064,18,0.105,PaintTouch
203944,Julius Randle,1610612750,MIN,79,47,32,2610.0,810,199,370,0.538,148,181,0.818,567,0.7,278,0.343,69,0.085,45,0.056,91,0.112,Drives,79,47,32,2610.0,86,18,400,188,261,0.72,Defense,79,47,32,2610.0,77,232,0.332,224,70.0,212.0,0.33,0.483,CatchShoot,79,47,32,2610.0,3036,3744,398,29,35,677,1064,460,0.131,0.152,Passing,79,47,32,2610.0,1667,4800,3092,264.6,3.31,2.26,0.347,152,197,244,0.625,0.411,0.951,Possessions,79,47,32,2610.0,153,387,0.395,341,35.0,121.0,0.289,0.441,PullUpShot,78.0,46.0,32.0,2577.0,131.0,78.0,53.0,0.595,342.0,0.383,7.0,0.391,6.5,393.0,109.0,281.0,0.277,636.0,0.618,69.0,0.693,6.1,524.0,187.0,334.0,0.357,924.0,0.567,76.0,0.618,6.2,Rebounding,79,47,32,2610.0,929005,175.9,92.1,83.9,3.93,4.14,3.73,SpeedDistance,79,47,32,2610.0,4800,152,36,59,0.61,16,20,0.8,95,0.625,69,0.454,18,0.261,8,0.053,10,0.066,ElbowTouch,79,47,32,2610.0,4800,197,31,69,0.449,16,22,0.727,81,0.411,95,0.482,27,0.137,13,0.066,11,0.056,PostTouch,79,47,32,2610.0,4800,244,87,136,0.64,50,60,0.833,232,0.951,51,0.209,13,0.053,17,0.07,27,0.111,PaintTouch
203952,Andrew Wiggins,1610612748,MIA,68,35,33,2063.0,459,80,183,0.437,53,66,0.803,215,0.468,199,0.434,34,0.074,34,0.074,33,0.072,Drives,68,35,33,2063.0,76,69,214,176,244,0.721,Defense,68,35,33,2063.0,116,290,0.4,346,114.0,281.0,0.406,0.597,CatchShoot,68,35,33,2063.0,1890,2013,182,11,43,314,473,235,0.096,0.124,Passing,68,35,33,2063.0,1045,2933,1924,122.2,2.5,1.78,0.356,25,62,153,1.04,0.645,0.915,Possessions,68,35,33,2063.0,73,177,0.412,168,22.0,50.0,0.44,0.475,PullUpShot,68.0,35.0,33.0,2063.0,115.0,73.0,42.0,0.635,255.0,0.451,6.0,0.462,5.9,214.0,68.0,145.0,0.318,425.0,0.504,65.0,0.594,6.7,329.0,141.0,187.0,0.429,669.0,0.492,71.0,0.55,6.4,Rebounding,68,35,33,2063.0,802699,152.0,79.0,73.0,4.32,4.78,3.92,SpeedDistance,68,35,33,2063.0,2933,25,12,19,0.632,1,2,0.5,26,1.04,4,0.16,0,0.0,1,0.04,1,0.04,ElbowTouch,68,35,33,2063.0,2933,62,15,33,0.455,10,14,0.714,40,0.645,17,0.274,2,0.032,4,0.065,7,0.113,PostTouch,68,35,33,2063.0,2933,153,63,102,0.618,8,12,0.667,140,0.915,35,0.229,9,0.059,6,0.039,6,0.039,PaintTouch
203954,Joel Embiid,1610612755,PHI,38,24,14,1201.0,212,46,100,0.46,71,86,0.826,167,0.788,54,0.255,14,0.066,11,0.052,43,0.203,Drives,38,24,14,1201.0,21,46,218,159,258,0.616,Defense,38,24,14,1201.0,87,198,0.439,215,41.0,120.0,0.342,0.543,CatchShoot,38,24,14,1201.0,1634,1970,150,19,19,271,400,188,0.092,0.115,Passing,38,24,14,1201.0,1021,2638,1904,106.1,2.41,1.17,0.387,124,198,145,0.927,0.677,1.117,Possessions,38,24,14,1201.0,100,222,0.45,208,8.0,31.0,0.258,0.468,PullUpShot,38.0,24.0,14.0,1201.0,75.0,50.0,25.0,0.667,159.0,0.472,4.0,0.484,5.7,218.0,77.0,141.0,0.353,388.0,0.562,33.0,0.614,4.6,293.0,127.0,166.0,0.433,524.0,0.559,37.0,0.602,4.9,Rebounding,38,24,14,1201.0,403128,76.4,40.0,36.3,3.67,3.78,3.55,SpeedDistance,38,24,14,1201.0,2638,124,40,65,0.615,31,38,0.816,115,0.927,30,0.242,8,0.267,7,0.056,19,0.153,ElbowTouch,38,24,14,1201.0,2638,198,49,90,0.544,33,40,0.825,134,0.677,69,0.348,12,0.061,12,0.061,20,0.101,PostTouch,38,24,14,1201.0,2638,145,64,107,0.598,25,30,0.833,162,1.117,14,0.097,4,0.028,4,0.028,12,0.083,PaintTouch
203967,Dario Saric,1610612758,SAC,5,1,4,41.0,0,0,0,0.0,0,0,0.0,0,0.0,0,0.0,0,0.0,0,0.0,0,0.0,Drives,5,1,4,41.0,0,0,5,7,8,0.875,Defense,5,1,4,41.0,1,3,0.333,3,1.0,3.0,0.333,0.5,CatchShoot,5,1,4,41.0,31,23,2,0,1,2,5,3,0.065,0.097,Passing,5,1,4,41.0,5,40,22,0.8,1.14,0.38,0.125,0,0,3,0.0,0.0,0.0,Possessions,5,1,4,41.0,0,1,0.0,0,0.0,0.0,,0.0,PullUpShot,3.0,1.0,2.0,33.0,1.0,1.0,0.0,1.0,4.0,0.25,0.0,0.25,2.7,5.0,3.0,2.0,0.6,8.0,0.625,1.0,0.714,4.7,6.0,4.0,2.0,0.667,12.0,0.5,1.0,0.545,4.4,Rebounding,5,1,4,41.0,15495,2.9,1.5,1.5,4.23,4.62,4.16,SpeedDistance,5,1,4,41.0,40,0,0,0,0.0,0,0,0.0,0,0.0,0,0.0,0,0.0,0,0.0,0,0.0,ElbowTouch,5,1,4,41.0,40,0,0,0,0.0,0,0,0.0,0,0.0,0,0.0,0,0.0,0,0.0,0,0.0,PostTouch,5,1,4,41.0,40,3,0,2,0.0,0,0,0.0,0,0.0,1,0.333,0,0.0,0,0.0,0,0.0,PaintTouch
203991,Clint Capela,1610612745,HOU,75,47,28,926.0,28,5,15,0.333,4,8,0.5,14,0.5,7,0.25,1,0.036,2,0.071,4,0.143,Drives,75,47,28,926.0,36,63,185,95,194,0.49,Defense,75,47,28,926.0,1,2,0.5,3,1.0,2.0,0.5,0.75,CatchShoot,75,47,28,926.0,863,549,50,3,9,81,131,62,0.058,0.072,Passing,75,47,28,926.0,282,1182,675,29.9,1.52,0.42,0.239,92,8,298,0.413,0.5,0.772,Possessions,75,47,28,926.0,0,2,0.0,0,0.0,0.0,,0.0,PullUpShot,71.0,47.0,24.0,899.0,160.0,117.0,43.0,0.731,279.0,0.573,6.0,0.586,5.0,182.0,79.0,103.0,0.434,324.0,0.562,37.0,0.634,5.1,342.0,196.0,146.0,0.573,590.0,0.58,43.0,0.625,5.1,Rebounding,75,47,28,926.0,342228,64.8,34.8,30.0,4.06,4.16,3.94,SpeedDistance,75,47,28,926.0,1182,92,14,25,0.56,10,18,0.556,38,0.413,53,0.576,13,0.245,3,0.033,8,0.087,ElbowTouch,75,47,28,926.0,1182,8,2,3,0.667,0,2,0.0,4,0.5,4,0.5,0,0.0,0,0.0,1,0.125,PostTouch,75,47,28,926.0,1182,298,102,185,0.551,22,33,0.667,230,0.772,76,0.255,11,0.037,11,0.037,19,0.064,PaintTouch
203992,Bogdan Bogdanović,1610612746,LAC,23,8,15,452.0,90,16,32,0.5,14,18,0.778,47,0.522,46,0.511,11,0.122,2,0.022,9,0.1,Drives,23,8,15,452.0,10,3,53,39,49,0.796,Defense,23,8,15,452.0,16,52,0.308,48,16.0,52.0,0.308,0.462,CatchShoot,23,8,15,452.0,570,555,51,7,11,90,144,69,0.089,0.121,Passing,23,8,15,452.0,171,786,348,49.7,3.79,3.22,0.218,5,0,6,0.0,0.0,0.667,Possessions,23,8,15,452.0,30,69,0.435,77,17.0,43.0,0.395,0.558,PullUpShot,20.0,6.0,14.0,428.0,6.0,1.0,5.0,0.167,22.0,0.273,3.0,0.316,20.0,53.0,11.0,42.0,0.208,101.0,0.525,16.0,0.624,8.4,59.0,12.0,47.0,0.203,121.0,0.488,19.0,0.578,9.6,Rebounding,23,8,15,452.0,167805,31.8,17.1,14.7,4.18,4.5,3.87,SpeedDistance,23,8,15,452.0,786,5,0,1,0.0,0,0,0.0,0,0.0,3,0.6,1,0.333,0,0.0,0,0.0,ElbowTouch,23,8,15,452.0,786,0,0,0,0.0,0,0,0.0,0,0.0,0,0.0,0,0.0,0,0.0,0,0.0,PostTouch,23,8,15,452.0,786,6,2,4,0.5,0,0,0.0,4,0.667,1,0.167,1,0.167,1,0.167,0,0.0,PaintTouch
203994,Jusuf Nurkić,1610612762,UTA,41,14,27,1083.0,43,6,20,0.3,10,12,0.833,22,0.512,10,0.233,0,0.0,5,0.116,6,0.14,Drives,41,14,27,1083.0,52,22,319,140,213,0.657,Defense,41,14,27,1083.0,36,81,0.444,94,22.0,62.0,0.355,0.58,CatchShoot,41,14,27,1083.0,1832,1508,196,18,8,311,500,221,0.107,0.121,Passing,41,14,27,1083.0,447,2372,1412,73.4,1.86,0.72,0.188,123,47,243,0.748,0.723,0.815,Possessions,41,14,27,1083.0,3,12,0.25,7,1.0,6.0,0.167,0.292,PullUpShot,41.0,14.0,27.0,1083.0,106.0,85.0,21.0,0.802,274.0,0.387,4.0,0.393,5.1,319.0,105.0,213.0,0.329,489.0,0.652,56.0,0.737,4.1,425.0,190.0,234.0,0.447,747.0,0.569,60.0,0.619,4.4,Rebounding,41,14,27,1083.0,390635,74.0,39.5,34.5,4.08,4.3,3.85,SpeedDistance,41,14,27,1083.0,2372,123,42,71,0.592,7,16,0.438,92,0.748,36,0.293,11,0.306,6,0.049,8,0.065,ElbowTouch,41,14,27,1083.0,2372,47,13,29,0.448,6,7,0.857,34,0.723,12,0.255,4,0.085,1,0.021,4,0.085,PostTouch,41,14,27,1083.0,2372,243,88,153,0.575,19,44,0.432,198,0.815,47,0.193,8,0.033,13,0.053,21,0.086,PaintTouch
203999,Nikola Jokić,1610612743,DEN,65,43,22,2265.0,283,90,147,0.612,40,46,0.87,230,0.813,89,0.314,27,0.095,20,0.071,23,0.081,Drives,65,43,22,2265.0,92,53,644,295,448,0.658,Defense,65,43,22,2265.0,114,253,0.451,307,79.0,200.0,0.395,0.607,CatchShoot,65,43,22,2265.0,4744,4546,697,87,68,1143,1830,851,0.147,0.179,Passing,65,43,22,2265.0,1799,6513,3625,297.3,2.74,1.32,0.276,581,469,507,0.589,0.65,1.036,Possessions,65,43,22,2265.0,72,156,0.462,164,20.0,61.0,0.328,0.526,PullUpShot,65.0,43.0,22.0,2265.0,192.0,135.0,55.0,0.703,390.0,0.492,5.0,0.499,4.9,644.0,254.0,386.0,0.394,972.0,0.663,97.0,0.736,4.4,836.0,389.0,441.0,0.465,1334.0,0.627,102.0,0.679,4.5,Rebounding,65,43,22,2265.0,768586,145.6,78.0,67.6,3.75,4.04,3.46,SpeedDistance,65,43,22,2265.0,6513,581,134,207,0.647,61,72,0.847,342,0.589,286,0.492,85,0.297,27,0.046,30,0.052,ElbowTouch,65,43,22,2265.0,6513,469,124,201,0.617,53,62,0.855,305,0.65,188,0.401,56,0.119,26,0.055,31,0.066,PostTouch,65,43,22,2265.0,6513,507,218,330,0.661,76,90,0.844,525,1.036,94,0.185,31,0.061,13,0.026,40,0.079,PaintTouch
204001,Kristaps Porziņģis,1610612744,GSW,32,13,19,769.0,60,7,23,0.304,17,18,0.944,32,0.533,25,0.417,6,0.1,2,0.033,9,0.15,Drives,32,13,19,769.0,18,38,127,81,154,0.526,Defense,32,13,19,769.0,53,157,0.338,156,50.0,146.0,0.342,0.497,CatchShoot,32,13,19,769.0,771,963,81,3,7,118,205,91,0.105,0.118,Passing,32,13,19,769.0,533,1302,935,39.5,1.82,0.71,0.409,96,118,149,0.698,0.78,1.007,Possessions,32,13,19,769.0,42,92,0.457,88,4.0,12.0,0.333,0.478,PullUpShot,32.0,13.0,19.0,769.0,40.0,34.0,6.0,0.85,101.0,0.396,1.0,0.4,5.7,127.0,54.0,73.0,0.425,218.0,0.583,25.0,0.658,5.5,167.0,88.0,79.0,0.527,309.0,0.54,26.0,0.59,5.5,Rebounding,32,13,19,769.0,276927,52.4,27.7,24.8,3.99,4.23,3.77,SpeedDistance,32,13,19,769.0,1302,96,23,46,0.5,16,24,0.667,67,0.698,29,0.302,10,0.345,3,0.031,13,0.135,ElbowTouch,32,13,19,769.0,1302,118,35,63,0.556,18,20,0.9,92,0.78,30,0.254,5,0.042,6,0.051,11,0.093,PostTouch,32,13,19,769.0,1302,149,54,81,0.667,36,44,0.818,150,1.007,19,0.128,1,0.007,8,0.054,22,0.148,PaintTouch
204060,Joe Ingles,1610612750,MIN,27,13,14,153.0,27,7,9,0.778,2,2,1.0,16,0.593,13,0.481,5,0.185,3,0.111,1,0.037,Drives,27,13,14,153.0,9,2,19,10,16,0.625,Defense,27,13,14,153.0,4,9,0.444,11,3.0,8.0,0.375,0.611,CatchShoot,27,13,14,153.0,228,188,34,4,2,50,80,39,0.149,0.171,Passing,27,13,14,153.0,41,285,142,14.4,3.02,1.89,0.144,1,0,1,2.0,0.0,0.0,Possessions,27,13,14,153.0,5,10,0.5,14,4.0,8.0,0.5,0.7,PullUpShot,9.0,6.0,3.0,88.0,0.0,0.0,0.0,0.0,0.0,0.0,0.0,0.0,0.0,19.0,3.0,16.0,0.158,25.0,0.76,0.0,0.76,6.4,19.0,3.0,16.0,0.158,25.0,0.76,0.0,0.76,6.4,Rebounding,27,13,14,153.0,57599,10.9,5.8,5.1,3.96,4.27,3.65,SpeedDistance,27,13,14,153.0,285,1,1,1,1.0,0,0,0.0,2,2.0,0,0.0,0,0.0,0,0.0,0,0.0,ElbowTouch,27,13,14,153.0,285,0,0,0,0.0,0,0,0.0,0,0.0,0,0.0,0,0.0,0,0.0,0,0.0,PostTouch,27,13,14,153.0,285,1,0,0,0.0,0,0,0.0,0,0.0,0,0.0,0,0.0,1,1.0,0,0.0,PaintTouch
204456,T.J. McConnell,1610612754,IND,56,15,41,963.0,570,133,240,0.554,15,18,0.833,285,0.5,285,0.5,75,0.132,20,0.035,9,0.016,Drives,56,15,41,963.0,56,10,102,45,60,0.75,Defense,56,15,41,963.0,23,53,0.434,59,13.0,37.0,0.351,0.557,CatchShoot,56,15,41,963.0,2181,2343,287,29,33,515,777,349,0.132,0.16,Passing,56,15,41,963.0,525,2800,970,231.7,4.97,4.75,0.188,24,0,46,1.083,0.0,0.783,Possessions,56,15,41,963.0,119,230,0.517,240,2.0,9.0,0.222,0.522,PullUpShot,50.0,13.0,37.0,866.0,22.0,7.0,15.0,0.318,64.0,0.344,6.0,0.379,11.0,102.0,12.0,90.0,0.118,158.0,0.646,16.0,0.718,9.9,124.0,19.0,105.0,0.153,214.0,0.579,22.0,0.646,10.1,Rebounding,56,15,41,963.0,414862,78.6,42.7,35.9,4.74,5.1,4.37,SpeedDistance,56,15,41,963.0,2800,24,12,14,0.857,2,2,1.0,26,1.083,7,0.292,2,0.286,1,0.042,1,0.042,ElbowTouch,56,15,41,963.0,2800,0,0,0,0.0,0,0,0.0,0,0.0,0,0.0,0,0.0,0,0.0,0,0.0,PostTouch,56,15,41,963.0,2800,46,16,25,0.64,4,4,1.0,36,0.783,16,0.348,3,0.065,2,0.043,2,0.043,PaintTouch
1626145,Tyus Jones,1610612743,DEN,67,37,30,979.0,89,26,54,0.481,5,6,0.833,57,0.64,26,0.292,7,0.079,5,0.056,3,0.034,Drives,67,37,30,979.0,37,3,64,46,52,0.885,Defense,67,37,30,979.0,30,104,0.288,89,29.0,102.0,0.284,0.428,CatchShoot,67,37,30,979.0,1845,1733,159,20,22,273,419,200,0.086,0.108,Passing,67,37,30,979.0,199,2131,844,147.8,4.16,3.79,0.093,4,0,5,0.0,0.0,0.4,Possessions,67,37,30,979.0,30,76,0.395,71,11.0,35.0,0.314,0.467,PullUpShot,41.0,23.0,18.0,679.0,12.0,0.0,12.0,0.0,20.0,0.6,0.0,0.6,20.9,64.0,9.0,55.0,0.141,97.0,0.66,9.0,0.727,10.8,76.0,9.0,67.0,0.118,117.0,0.65,9.0,0.704,12.4,Rebounding,67,37,30,979.0,382866,72.5,39.6,32.9,4.36,4.61,4.09,SpeedDistance,67,37,30,979.0,2131,4,0,2,0.0,0,0,0.0,0,0.0,2,0.5,0,0.0,0,0.0,0,0.0,ElbowTouch,67,37,30,979.0,2131,0,0,0,0.0,0,0,0.0,0,0.0,0,0.0,0,0.0,0,0.0,0,0.0,PostTouch,67,37,30,979.0,2131,5,1,1,1.0,0,0,0.0,2,0.4,4,0.8,0,0.0,0,0.0,0,0.0,PaintTouch
1626156,D'Angelo Russell,1610612764,WAS,26,9,17,495.0,150,39,75,0.52,22,28,0.786,100,0.667,49,0.327,16,0.107,7,0.047,14,0.093,Drives,26,9,17,495.0,12,2,53,33,49,0.673,Defense,26,9,17,495.0,19,58,0.328,56,18.0,57.0,0.316,0.483,CatchShoot,26,9,17,495.0,853,891,104,16,11,178,282,131,0.122,0.154,Passing,26,9,17,495.0,264,1209,486,84.8,4.21,3.65,0.218,2,1,10,0.0,2.0,0.6,Possessions,26,9,17,495.0,44,118,0.373,103,15.0,54.0,0.278,0.436,PullUpShot,22.0,8.0,14.0,429.0,8.0,1.0,7.0,0.125,18.0,0.444,0.0,0.444,13.6,53.0,7.0,46.0,0.132,84.0,0.631,5.0,0.671,6.8,61.0,8.0,53.0,0.131,98.0,0.622,5.0,0.656,7.7,Rebounding,26,9,17,495.0,185610,35.2,19.2,16.0,4.37,4.82,3.92,SpeedDistance,26,9,17,495.0,1209,2,0,1,0.0,0,0,0.0,0,0.0,1,0.5,0,0.0,0,0.0,0,0.0,ElbowTouch,26,9,17,495.0,1209,1,1,1,1.0,0,0,0.0,2,2.0,0,0.0,0,0.0,0,0.0,0,0.0,PostTouch,26,9,17,495.0,1209,10,3,6,0.5,0,0,0.0,6,0.6,2,0.2,0,0.0,2,0.2,0,0.0,PaintTouch
1626157,Karl-Anthony Towns,1610612752,NYK,75,49,26,2322.0,499,142,267,0.532,132,153,0.863,439,0.88,94,0.188,22,0.044,40,0.08,80,0.16,Drives,75,49,26,2322.0,65,40,656,162,261,0.621,Defense,75,49,26,2322.0,102,279,0.366,301,97.0,263.0,0.369,0.539,CatchShoot,75,49,26,2322.0,2417,2572,226,14,24,341,555,264,0.094,0.109,Passing,75,49,26,2322.0,1504,3924,2679,142.6,2.18,0.79,0.383,151,199,373,0.709,0.618,0.96,Possessions,75,49,26,2322.0,30,87,0.345,72,12.0,37.0,0.324,0.414,PullUpShot,75.0,49.0,26.0,2322.0,233.0,154.0,79.0,0.661,505.0,0.461,14.0,0.475,5.1,656.0,179.0,476.0,0.273,959.0,0.684,79.0,0.745,4.8,889.0,333.0,555.0,0.375,1414.0,0.629,93.0,0.673,4.9,Rebounding,75,49,26,2322.0,825200,156.3,81.1,75.2,3.94,3.98,3.89,SpeedDistance,75,49,26,2322.0,3924,151,38,60,0.633,24,27,0.889,107,0.709,58,0.384,14,0.241,10,0.066,15,0.099,ElbowTouch,75,49,26,2322.0,3924,199,47,91,0.516,23,27,0.852,123,0.618,53,0.266,14,0.07,22,0.111,14,0.07,PostTouch,75,49,26,2322.0,3924,373,138,241,0.573,71,80,0.888,358,0.96,50,0.134,16,0.043,22,0.059,41,0.11,PaintTouch
1626162,Kelly Oubre Jr.,1610612755,PHI,50,27,23,1574.0,252,82,165,0.497,50,64,0.781,223,0.885,32,0.127,9,0.036,19,0.075,32,0.127,Drives,50,27,23,1574.0,68,24,202,114,162,0.704,Defense,50,27,23,1574.0,79,211,0.374,237,79.0,210.0,0.376,0.562,CatchShoot,50,27,23,1574.0,1574,1416,80,4,12,121,194,96,0.051,0.061,Passing,50,27,23,1574.0,705,2288,1288,90.5,2.37,1.45,0.308,16,5,89,0.75,0.8,1.067,Possessions,50,27,23,1574.0,21,66,0.318,49,7.0,28.0,0.25,0.371,PullUpShot,50.0,27.0,23.0,1574.0,50.0,23.0,27.0,0.46,134.0,0.373,7.0,0.394,8.9,202.0,40.0,162.0,0.198,342.0,0.591,27.0,0.641,6.1,252.0,63.0,189.0,0.25,449.0,0.561,34.0,0.607,6.7,Rebounding,50,27,23,1574.0,604971,114.6,58.9,55.7,4.19,4.29,4.09,SpeedDistance,50,27,23,1574.0,2288,16,6,7,0.857,0,0,0.0,12,0.75,7,0.438,1,0.143,1,0.063,0,0.0,ElbowTouch,50,27,23,1574.0,2288,5,2,4,0.5,0,0,0.0,4,0.8,1,0.2,0,0.0,0,0.0,0,0.0,PostTouch,50,27,23,1574.0,2288,89,40,64,0.625,13,14,0.929,95,1.067,12,0.135,2,0.022,4,0.045,8,0.09,PaintTouch
1626164,Devin Booker,1610612756,PHX,64,37,27,2146.0,1006,228,441,0.517,141,164,0.86,625,0.621,382,0.38,92,0.091,64,0.064,83,0.083,Drives,64,37,27,2146.0,51,18,200,114,179,0.637,Defense,64,37,27,2146.0,51,137,0.372,149,47.0,122.0,0.385,0.544,CatchShoot,64,37,27,2146.0,2301,3647,386,37,77,785,1053,500,0.168,0.217,Passing,64,37,27,2146.0,1668,4112,2516,321.2,4.69,4.03,0.406,47,57,84,0.681,0.439,0.69,Possessions,64,37,27,2146.0,292,697,0.419,656,72.0,239.0,0.301,0.471,PullUpShot,61.0,36.0,25.0,2053.0,48.0,25.0,23.0,0.521,151.0,0.318,6.0,0.331,10.4,200.0,42.0,155.0,0.21,363.0,0.551,37.0,0.613,8.8,248.0,67.0,178.0,0.27,511.0,0.485,43.0,0.53,9.1,Rebounding,64,37,27,2146.0,785283,148.7,82.3,66.4,4.03,4.45,3.6,SpeedDistance,64,37,27,2146.0,4112,47,15,25,0.6,0,0,0.0,32,0.681,19,0.404,5,0.263,2,0.043,0,0.0,ElbowTouch,64,37,27,2146.0,4112,57,9,23,0.391,6,6,1.0,25,0.439,22,0.386,9,0.158,5,0.088,3,0.053,PostTouch,64,37,27,2146.0,4112,84,19,42,0.452,18,22,0.818,58,0.69,22,0.262,6,0.071,8,0.095,10,0.119,PaintTouch
1626166,Cameron Payne,1610612755,PHI,22,12,10,374.0,75,19,43,0.442,14,16,0.875,52,0.693,19,0.253,7,0.093,2,0.027,8,0.107,Drives,22,12,10,374.0,24,7,41,20,25,0.8,Defense,22,12,10,374.0,14,40,0.35,42,14.0,40.0,0.35,0.525,CatchShoot,22,12,10,374.0,691,684,58,5,10,95,135,73,0.084,0.106,Passing,22,12,10,374.0,163,887,348,63.4,4.29,3.41,0.184,1,0,3,0.0,0.0,0.667,Possessions,22,12,10,374.0,27,71,0.38,72,18.0,54.0,0.333,0.507,PullUpShot,17.0,10.0,7.0,328.0,3.0,1.0,2.0,0.333,11.0,0.273,2.0,0.333,10.2,41.0,5.0,36.0,0.122,65.0,0.631,5.0,0.683,8.5,44.0,6.0,38.0,0.136,75.0,0.587,7.0,0.647,8.7,Rebounding,22,12,10,374.0,154204,29.2,16.2,13.0,4.34,4.74,3.92,SpeedDistance,22,12,10,374.0,887,1,0,0,0.0,0,0,0.0,0,0.0,1,1.0,0,0.0,0,0.0,0,0.0,ElbowTouch,22,12,10,374.0,887,0,0,0,0.0,0,0,0.0,0,0.0,0,0.0,0,0.0,0,0.0,0,0.0,PostTouch,22,12,10,374.0,887,3,1,2,0.5,0,0,0.0,2,0.667,1,0.333,0,0.0,0,0.0,0,0.0,PaintTouch
1626167,Myles Turner,1610612749,MIL,71,30,41,1912.0,96,26,58,0.448,16,24,0.667,75,0.781,14,0.146,2,0.021,7,0.073,13,0.135,Drives,71,30,41,1912.0,50,115,303,244,406,0.601,Defense,71,30,41,1912.0,153,376,0.407,440,134.0,341.0,0.393,0.585,CatchShoot,71,30,41,1912.0,1430,1639,103,7,17,155,274,127,0.072,0.089,Passing,71,30,41,1912.0,846,2274,1660,58.5,1.54,0.64,0.372,103,73,222,0.592,0.603,0.892,Possessions,71,30,41,1912.0,24,79,0.304,60,12.0,40.0,0.3,0.38,PullUpShot,69.0,30.0,39.0,1869.0,75.0,46.0,28.0,0.613,171.0,0.439,5.0,0.452,5.9,303.0,112.0,191.0,0.37,636.0,0.476,96.0,0.561,5.2,378.0,158.0,219.0,0.418,793.0,0.477,101.0,0.546,5.3,Rebounding,71,30,41,1912.0,720803,136.5,72.5,64.0,4.22,4.44,3.99,SpeedDistance,71,30,41,1912.0,2274,103,20,32,0.625,19,24,0.792,61,0.592,47,0.456,8,0.17,5,0.049,11,0.107,ElbowTouch,71,30,41,1912.0,2274,73,16,37,0.432,12,14,0.857,44,0.603,14,0.192,2,0.027,8,0.11,7,0.096,PostTouch,71,30,41,1912.0,2274,222,72,113,0.637,46,62,0.742,198,0.892,52,0.234,7,0.032,17,0.077,31,0.14,PaintTouch
1626171,Bobby Portis Jr.,1610612749,MIL,67,26,41,1619.0,103,29,66,0.439,4,8,0.5,62,0.602,24,0.233,2,0.019,6,0.058,4,0.039,Drives,67,26,41,1619.0,41,12,339,153,219,0.699,Defense,67,26,41,1619.0,157,338,0.464,440,126.0,276.0,0.457,0.651,CatchShoot,67,26,41,1619.0,2214,1837,105,5,16,183,278,126,0.047,0.057,Passing,67,26,41,1619.0,915,3093,1765,97.9,1.9,1.0,0.296,71,166,181,0.648,0.627,0.934,Possessions,67,26,41,1619.0,84,183,0.459,177,9.0,20.0,0.45,0.484,PullUpShot,66.0,26.0,40.0,1603.0,89.0,51.0,37.0,0.573,204.0,0.436,3.0,0.443,6.9,339.0,84.0,255.0,0.248,544.0,0.623,39.0,0.671,5.5,428.0,135.0,292.0,0.315,708.0,0.605,42.0,0.643,5.8,Rebounding,67,26,41,1619.0,616199,116.7,61.5,55.2,4.22,4.43,4.01,SpeedDistance,67,26,41,1619.0,3093,71,22,33,0.667,1,2,0.5,46,0.648,33,0.465,6,0.182,4,0.056,1,0.014,ElbowTouch,67,26,41,1619.0,3093,166,45,85,0.529,13,14,0.929,104,0.627,63,0.38,17,0.102,8,0.048,7,0.042,PostTouch,67,26,41,1619.0,3093,181,78,125,0.624,10,14,0.714,169,0.934,38,0.21,8,0.044,7,0.039,6,0.033,PaintTouch
1626172,Kevon Looney,1610612740,NOP,21,3,18,308.0,5,0,3,0.0,0,2,0.0,0,0.0,0,0.0,0,0.0,1,0.2,1,0.2,Drives,21,3,18,308.0,9,10,70,41,52,0.788,Defense,21,3,18,307.0,2,13,0.154,6,2.0,10.0,0.2,0.231,CatchShoot,21,3,18,308.0,414,282,34,1,2,52,87,37,0.082,0.089,Passing,21,3,18,308.0,59,492,307,12.7,1.55,0.59,0.12,25,0,62,0.24,0.0,0.71,Possessions,21,3,18,307.0,1,6,0.167,2,0.0,3.0,0.0,0.167,PullUpShot,20.0,3.0,17.0,297.0,48.0,30.0,17.0,0.625,85.0,0.565,1.0,0.571,5.9,70.0,20.0,50.0,0.286,113.0,0.619,8.0,0.667,5.7,118.0,50.0,67.0,0.424,190.0,0.621,9.0,0.652,5.8,Rebounding,21,3,18,308.0,114083,21.6,11.3,10.3,4.18,4.32,4.03,SpeedDistance,21,3,18,308.0,492,25,3,8,0.375,0,0,0.0,6,0.24,16,0.64,3,0.188,1,0.04,0,0.0,ElbowTouch,21,3,18,308.0,492,0,0,0,0.0,0,0,0.0,0,0.0,0,0.0,0,0.0,0,0.0,0,0.0,PostTouch,21,3,18,308.0,492,62,20,33,0.606,4,4,1.0,44,0.71,25,0.403,8,0.129,2,0.032,2,0.032,PaintTouch
1626181,Norman Powell,1610612748,MIA,58,29,29,1717.0,575,181,318,0.569,55,66,0.833,431,0.75,177,0.308,37,0.064,31,0.054,33,0.057,Drives,58,29,29,1717.0,64,14,181,78,109,0.716,Defense,58,29,29,1717.0,105,255,0.412,307,97.0,241.0,0.402,0.602,CatchShoot,58,29,29,1717.0,1387,2123,143,11,23,263,362,177,0.103,0.128,Passing,58,29,29,1717.0,1261,2612,1795,108.3,2.49,2.08,0.483,33,3,25,0.576,1.333,1.04,Possessions,58,29,29,1717.0,116,293,0.396,291,59.0,169.0,0.349,0.497,PullUpShot,55.0,28.0,27.0,1642.0,22.0,5.0,17.0,0.227,74.0,0.297,1.0,0.301,15.1,181.0,53.0,128.0,0.293,304.0,0.595,31.0,0.663,8.4,203.0,58.0,145.0,0.286,375.0,0.541,32.0,0.592,9.1,Rebounding,58,29,29,1717.0,665602,126.1,67.8,58.2,4.29,4.92,3.73,SpeedDistance,58,29,29,1717.0,2612,33,7,18,0.389,4,4,1.0,19,0.576,13,0.394,2,0.154,0,0.0,2,0.061,ElbowTouch,58,29,29,1717.0,2612,3,2,3,0.667,0,0,0.0,4,1.333,0,0.0,0,0.0,0,0.0,0,0.0,PostTouch,58,29,29,1717.0,2612,25,12,15,0.8,1,2,0.5,26,1.04,9,0.36,1,0.04,0,0.0,1,0.04,PaintTouch
1626192,Pat Connaughton,1610612766,CHA,42,25,17,297.0,46,10,20,0.5,3,4,0.75,24,0.522,19,0.413,5,0.109,4,0.087,2,0.043,Drives,42,25,17,297.0,11,1,46,14,26,0.538,Defense,42,25,17,297.0,20,50,0.4,60,20.0,50.0,0.4,0.6,CatchShoot,42,25,17,297.0,359,273,18,5,2,53,50,25,0.05,0.07,Passing,42,25,17,297.0,110,470,253,15.7,2.0,1.09,0.234,11,0,16,0.545,0.0,0.313,Possessions,42,25,17,297.0,2,4,0.5,5,1.0,1.0,1.0,0.625,PullUpShot,31.0,18.0,13.0,257.0,15.0,6.0,9.0,0.4,34.0,0.441,3.0,0.484,11.7,46.0,16.0,30.0,0.348,77.0,0.597,5.0,0.639,4.3,61.0,22.0,39.0,0.361,111.0,0.55,8.0,0.592,6.1,Rebounding,42,25,17,297.0,112904,21.4,12.5,8.9,4.18,4.51,3.79,SpeedDistance,42,25,17,297.0,470,11,3,4,0.75,0,0,0.0,6,0.545,6,0.545,3,0.5,1,0.091,0,0.0,ElbowTouch,42,25,17,297.0,470,0,0,0,0.0,0,0,0.0,0,0.0,0,0.0,0,0.0,0,0.0,0,0.0,PostTouch,42,25,17,297.0,470,16,2,3,0.667,1,2,0.5,5,0.313,10,0.625,2,0.125,1,0.063,1,0.063,PaintTouch
1626204,Larry Nance Jr.,1610612739,CLE,35,25,10,449.0,14,1,3,0.333,1,2,0.5,3,0.214,9,0.643,0,0.0,1,0.071,1,0.071,Drives,35,25,10,449.0,21,6,64,28,45,0.622,Defense,35,25,10,449.0,21,67,0.313,63,21.0,63.0,0.333,0.47,CatchShoot,35,25,10,449.0,425,373,34,2,4,63,90,40,0.08,0.094,Passing,35,25,10,449.0,131,581,379,17.5,1.8,0.85,0.225,28,4,70,0.286,0.0,0.614,Possessions,35,25,10,449.0,1,1,1.0,2,0.0,0.0,,1.0,PullUpShot,32.0,23.0,9.0,433.0,29.0,17.0,12.0,0.586,69.0,0.42,0.0,0.42,8.9,64.0,12.0,52.0,0.188,117.0,0.547,12.0,0.61,5.9,93.0,29.0,64.0,0.312,178.0,0.522,12.0,0.56,6.8,Rebounding,35,25,10,449.0,175207,33.2,17.3,15.8,4.4,4.62,4.15,SpeedDistance,35,25,10,449.0,581,28,4,10,0.4,0,0,0.0,8,0.286,14,0.5,3,0.214,3,0.107,0,0.0,ElbowTouch,35,25,10,449.0,581,4,0,2,0.0,0,0,0.0,0,0.0,2,0.5,0,0.0,0,0.0,0,0.0,PostTouch,35,25,10,449.0,581,70,21,41,0.512,1,2,0.5,43,0.614,20,0.286,3,0.043,4,0.057,1,0.014,PaintTouch
1626220,Royce O'Neale,1610612756,PHX,78,43,35,2213.0,159,20,54,0.37,8,10,0.8,48,0.302,81,0.509,28,0.176,16,0.101,5,0.031,Drives,78,43,35,2213.0,84,32,313,163,209,0.78,Defense,78,43,35,2213.0,164,397,0.413,492,164.0,397.0,0.413,0.62,CatchShoot,78,43,35,2213.0,3311,2229,208,10,31,374,525,248,0.063,0.075,Passing,78,43,35,2213.0,765,4131,2011,148.9,2.16,1.22,0.185,27,0,46,0.296,0.0,0.478,Possessions,78,43,35,2213.0,52,131,0.397,148,44.0,114.0,0.386,0.565,PullUpShot,77.0,43.0,34.0,2195.0,59.0,11.0,48.0,0.186,156.0,0.378,6.0,0.393,12.2,309.0,78.0,229.0,0.252,495.0,0.624,45.0,0.687,6.4,368.0,89.0,277.0,0.242,623.0,0.591,51.0,0.643,7.3,Rebounding,78,43,35,2213.0,833186,157.8,86.7,71.1,4.16,4.57,3.76,SpeedDistance,78,43,35,2213.0,4131,27,4,5,0.8,0,0,0.0,8,0.296,22,0.815,3,0.136,0,0.0,0,0.0,ElbowTouch,78,43,35,2213.0,4131,0,0,0,0.0,0,0,0.0,0,0.0,0,0.0,0,0.0,0,0.0,0,0.0,PostTouch,78,43,35,2213.0,4131,46,11,17,0.647,0,0,0.0,22,0.478,23,0.5,3,0.065,6,0.13,0,0.0,PaintTouch
1627734,Domantas Sabonis,1610612758,SAC,19,3,16,564.0,39,10,18,0.556,2,4,0.5,22,0.564,13,0.333,1,0.026,5,0.128,2,0.051,Drives,19,3,16,564.0,18,4,152,89,127,0.701,Defense,19,3,16,564.0,13,39,0.333,31,5.0,27.0,0.185,0.397,CatchShoot,19,3,16,564.0,893,698,78,7,7,135,190,93,0.087,0.104,Passing,19,3,16,564.0,301,1212,727,38.7,1.91,0.99,0.248,137,42,199,0.723,0.357,0.889,Possessions,19,3,16,564.0,1,2,0.5,2,0.0,0.0,,0.5,PullUpShot,19.0,3.0,16.0,564.0,64.0,50.0,14.0,0.781,168.0,0.381,4.0,0.39,4.3,152.0,44.0,108.0,0.289,246.0,0.618,24.0,0.685,3.7,216.0,94.0,122.0,0.435,396.0,0.545,28.0,0.587,3.9,Rebounding,19,3,16,564.0,215372,40.8,21.6,19.2,4.37,4.54,4.19,SpeedDistance,19,3,16,564.0,1212,137,42,61,0.689,14,18,0.778,99,0.723,54,0.394,7,0.13,9,0.066,9,0.066,ElbowTouch,19,3,16,564.0,1212,42,5,16,0.313,5,6,0.833,15,0.357,16,0.381,4,0.095,7,0.167,3,0.071,PostTouch,19,3,16,564.0,1212,199,74,117,0.632,26,32,0.813,177,0.889,47,0.236,11,0.055,11,0.055,16,0.08,PaintTouch
1627739,Kris Dunn,1610612746,LAC,82,42,40,2230.0,337,60,123,0.488,25,32,0.781,149,0.442,167,0.496,46,0.136,24,0.071,16,0.047,Drives,82,42,40,2230.0,131,14,213,102,150,0.68,Defense,82,42,40,2230.0,82,215,0.381,240,76.0,204.0,0.373,0.558,CatchShoot,82,42,40,2230.0,3475,3006,295,28,33,499,748,356,0.085,0.102,Passing,82,42,40,2230.0,596,4201,1544,256.8,3.67,2.97,0.142,75,9,113,0.387,0.222,0.549,Possessions,82,42,40,2230.0,14,40,0.35,32,4.0,10.0,0.4,0.4,PullUpShot,78.0,40.0,38.0,2141.0,58.0,25.0,33.0,0.431,130.0,0.446,4.0,0.46,10.9,213.0,44.0,169.0,0.207,395.0,0.539,43.0,0.605,6.4,271.0,69.0,202.0,0.255,523.0,0.518,47.0,0.569,7.4,Rebounding,82,42,40,2230.0,894569,169.4,88.5,80.9,4.41,4.54,4.27,SpeedDistance,82,42,40,2230.0,4201,75,14,27,0.519,0,0,0.0,29,0.387,44,0.587,10,0.227,1,0.013,0,0.0,ElbowTouch,82,42,40,2230.0,4201,9,1,2,0.5,0,0,0.0,2,0.222,7,0.778,3,0.333,0,0.0,0,0.0,PostTouch,82,42,40,2230.0,4201,113,29,45,0.644,4,4,1.0,62,0.549,62,0.549,18,0.159,2,0.018,0,0.0,PaintTouch
1627741,Buddy Hield,1610612737,ATL,51,25,26,819.0,97,23,37,0.622,6,6,1.0,53,0.546,52,0.536,13,0.134,4,0.041,3,0.031,Drives,51,25,26,819.0,39,9,89,61,93,0.656,Defense,51,25,26,819.0,59,154,0.383,177,59.0,151.0,0.391,0.575,CatchShoot,51,25,26,819.0,1099,1042,71,13,17,133,203,101,0.065,0.092,Passing,51,25,26,819.0,390,1514,884,50.7,2.01,1.3,0.258,26,1,45,1.0,0.0,0.933,Possessions,51,25,26,819.0,22,85,0.259,59,15.0,61.0,0.246,0.347,PullUpShot,42.0,23.0,19.0,732.0,27.0,13.0,14.0,0.481,84.0,0.321,3.0,0.333,11.4,89.0,18.0,71.0,0.202,153.0,0.582,12.0,0.631,6.9,116.0,31.0,85.0,0.267,227.0,0.511,15.0,0.547,7.9,Rebounding,51,25,26,819.0,351595,66.6,36.2,30.4,4.85,5.06,4.61,SpeedDistance,51,25,26,819.0,1514,26,12,14,0.857,2,4,0.5,26,1.0,10,0.385,2,0.2,0,0.0,2,0.077,ElbowTouch,51,25,26,819.0,1514,1,0,0,0.0,0,0,0.0,0,0.0,1,1.0,0,0.0,0,0.0,0,0.0,PostTouch,51,25,26,819.0,1514,45,19,28,0.679,4,6,0.667,42,0.933,13,0.289,2,0.044,1,0.022,3,0.067,PaintTouch
1627742,Brandon Ingram,1610612761,TOR,77,43,34,2604.0,793,186,358,0.52,103,129,0.798,486,0.613,290,0.366,61,0.077,58,0.073,65,0.082,Drives,77,43,34,2604.0,58,55,367,137,213,0.643,Defense,77,43,34,2604.0,132,319,0.414,373,109.0,269.0,0.405,0.585,CatchShoot,77,43,34,2604.0,2486,3219,284,17,46,576,739,346,0.114,0.139,Passing,77,43,34,2604.0,1655,4241,2873,245.9,3.48,2.37,0.39,78,123,124,0.564,0.52,0.935,Possessions,77,43,34,2604.0,292,629,0.464,607,23.0,79.0,0.291,0.483,PullUpShot,73.0,41.0,32.0,2500.0,62.0,31.0,30.0,0.5,162.0,0.383,6.0,0.397,10.0,363.0,111.0,252.0,0.306,551.0,0.659,30.0,0.697,6.2,425.0,142.0,282.0,0.334,691.0,0.615,36.0,0.649,6.7,Rebounding,77,43,34,2604.0,940705,178.2,93.4,84.7,3.99,4.26,3.73,SpeedDistance,77,43,34,2604.0,4241,78,18,44,0.409,8,10,0.8,44,0.564,21,0.269,2,0.095,5,0.064,5,0.064,ElbowTouch,77,43,34,2604.0,4241,123,26,59,0.441,10,12,0.833,64,0.52,44,0.358,10,0.081,6,0.049,6,0.049,PostTouch,77,43,34,2604.0,4241,124,48,71,0.676,18,22,0.818,116,0.935,29,0.234,7,0.056,6,0.048,10,0.081,PaintTouch
1627746,Skal Labissiere,1610612764,WAS,3,2,1,38.0,0,0,0,0.0,0,0,0.0,0,0.0,0,0.0,0,0.0,0,0.0,0,0.0,Drives,3,2,1,38.0,2,1,6,11,14,0.786,Defense,3,2,1,38.0,2,5,0.4,5,1.0,4.0,0.25,0.5,CatchShoot,3,2,1,38.0,55,42,3,1,0,7,10,4,0.055,0.073,Passing,3,2,1,38.0,13,67,44,2.1,1.89,0.78,0.194,7,0,8,0.857,0.0,1.0,Possessions,3,2,1,38.0,1,1,1.0,2,0.0,0.0,,1.0,PullUpShot,3.0,2.0,1.0,38.0,3.0,0.0,3.0,0.0,4.0,0.75,0.0,0.75,11.5,6.0,2.0,4.0,0.333,17.0,0.353,6.0,0.545,4.1,9.0,2.0,7.0,0.222,21.0,0.429,6.0,0.6,6.6,Rebounding,3,2,1,38.0,14495,2.7,1.5,1.3,4.02,4.37,3.97,SpeedDistance,3,2,1,38.0,67,7,3,3,1.0,0,0,0.0,6,0.857,3,0.429,0,0.0,1,0.143,0,0.0,ElbowTouch,3,2,1,38.0,67,0,0,0,0.0,0,0,0.0,0,0.0,0,0.0,0,0.0,0,0.0,0,0.0,PostTouch,3,2,1,38.0,67,8,4,4,1.0,0,0,0.0,8,1.0,4,0.5,0,0.0,0,0.0,0,0.0,PaintTouch
1627747,Caris LeVert,1610612765,DET,60,44,16,1154.0,320,50,118,0.424,16,20,0.8,119,0.372,157,0.491,49,0.153,24,0.075,10,0.031,Drives,60,44,16,1154.0,51,41,94,57,86,0.663,Defense,60,44,16,1154.0,38,107,0.355,113,37.0,105.0,0.352,0.528,CatchShoot,60,44,16,1154.0,1509,1592,159,17,11,310,405,187,0.105,0.124,Passing,60,44,16,1154.0,443,2080,1186,127.4,3.68,3.13,0.213,20,1,48,0.6,0.0,0.646,Possessions,60,44,16,1154.0,46,132,0.348,115,23.0,72.0,0.319,0.436,PullUpShot,54.0,39.0,15.0,1051.0,23.0,13.0,10.0,0.565,64.0,0.359,3.0,0.377,9.5,91.0,21.0,70.0,0.231,175.0,0.52,18.0,0.58,8.3,114.0,34.0,80.0,0.298,233.0,0.489,21.0,0.538,8.6,Rebounding,60,44,16,1154.0,448987,85.0,45.9,39.1,4.3,4.67,3.94,SpeedDistance,60,44,16,1154.0,2080,20,5,8,0.625,2,2,1.0,12,0.6,7,0.35,2,0.286,3,0.15,1,0.05,ElbowTouch,60,44,16,1154.0,2080,1,0,0,0.0,0,0,0.0,0,0.0,0,0.0,0,0.0,1,1.0,0,0.0,PostTouch,60,44,16,1154.0,2080,48,12,18,0.667,6,8,0.75,31,0.646,21,0.438,2,0.042,3,0.063,3,0.063,PaintTouch
1627749,Dejounte Murray,1610612740,NOP,14,5,9,389.0,156,43,74,0.581,10,14,0.714,100,0.641,57,0.365,13,0.083,12,0.077,7,0.045,Drives,14,5,9,389.0,23,3,71,38,48,0.792,Defense,14,5,9,389.0,11,33,0.333,33,11.0,32.0,0.344,0.5,CatchShoot,14,5,9,389.0,663,716,89,14,14,160,233,117,0.134,0.176,Passing,14,5,9,389.0,234,932,281,87.5,5.64,5.43,0.251,1,1,6,2.0,0.0,0.667,Possessions,14,5,9,389.0,38,79,0.481,84,8.0,30.0,0.267,0.532,PullUpShot,14.0,5.0,9.0,389.0,4.0,2.0,2.0,0.5,25.0,0.16,2.0,0.174,6.8,71.0,5.0,66.0,0.07,110.0,0.645,10.0,0.71,6.9,75.0,7.0,68.0,0.093,132.0,0.568,12.0,0.625,6.9,Rebounding,14,5,9,389.0,153951,29.2,15.2,14.0,4.19,4.45,3.95,SpeedDistance,14,5,9,389.0,932,1,1,1,1.0,0,0,0.0,2,2.0,0,0.0,0,0.0,0,0.0,0,0.0,ElbowTouch,14,5,9,389.0,932,1,0,0,0.0,0,0,0.0,0,0.0,1,1.0,0,0.0,0,0.0,0,0.0,PostTouch,14,5,9,389.0,932,6,2,4,0.5,0,0,0.0,4,0.667,1,0.167,0,0.0,1,0.167,0,0.0,PaintTouch
1627750,Jamal Murray,1610612743,DEN,75,48,27,2652.0,897,241,452,0.533,93,105,0.886,599,0.668,321,0.358,100,0.111,55,0.061,52,0.058,Drives,75,48,27,2652.0,66,29,298,163,226,0.721,Defense,75,48,27,2652.0,99,211,0.469,293,95.0,207.0,0.459,0.694,CatchShoot,75,48,27,2652.0,3821,4683,535,64,91,954,1400,689,0.14,0.18,Passing,75,48,27,2652.0,1905,5720,2572,479.3,5.03,4.61,0.333,80,47,75,0.825,0.83,1.053,Possessions,75,48,27,2652.0,310,708,0.438,768,148.0,350.0,0.423,0.542,PullUpShot,73.0,46.0,27.0,2609.0,32.0,11.0,21.0,0.344,115.0,0.278,5.0,0.291,12.1,298.0,62.0,233.0,0.208,482.0,0.618,49.0,0.688,7.1,330.0,73.0,254.0,0.221,581.0,0.568,54.0,0.626,7.6,Rebounding,75,48,27,2652.0,1009770,191.2,106.8,84.5,4.19,4.59,3.79,SpeedDistance,75,48,27,2652.0,5720,80,22,31,0.71,20,21,0.952,66,0.825,34,0.425,11,0.324,3,0.038,9,0.113,ElbowTouch,75,48,27,2652.0,5720,47,17,32,0.531,5,6,0.833,39,0.83,11,0.234,1,0.021,1,0.021,3,0.064,PostTouch,75,48,27,2652.0,5720,75,29,38,0.763,20,22,0.909,79,1.053,24,0.32,5,0.067,0,0.0,11,0.147,PaintTouch
1627751,Jakob Poeltl,1610612761,TOR,46,26,20,1149.0,21,3,7,0.429,2,4,0.5,8,0.381,10,0.476,1,0.048,2,0.095,2,0.095,Drives,46,26,20,1149.0,40,32,209,149,233,0.639,Defense,46,26,20,1149.0,20,42,0.476,40,,,,0.476,CatchShoot,46,26,20,1149.0,1285,936,93,6,13,123,225,111,0.072,0.086,Passing,46,26,20,1149.0,493,1702,1018,44.2,1.56,0.33,0.29,165,19,346,0.752,0.526,0.988,Possessions,46,26,20,1149.0,0,2,0.0,0,,,,0.0,PullUpShot,43.0,25.0,18.0,1087.0,111.0,84.0,27.0,0.757,247.0,0.449,9.0,0.466,4.6,205.0,94.0,111.0,0.459,360.0,0.569,40.0,0.641,4.1,316.0,178.0,138.0,0.563,593.0,0.533,49.0,0.581,4.3,Rebounding,46,26,20,1149.0,460729,87.3,45.2,42.0,4.49,4.75,4.23,SpeedDistance,46,26,20,1149.0,1702,165,56,83,0.675,9,14,0.643,124,0.752,59,0.358,13,0.22,12,0.073,7,0.042,ElbowTouch,46,26,20,1149.0,1702,19,4,5,0.8,2,4,0.5,10,0.526,10,0.526,2,0.105,2,0.105,2,0.105,PostTouch,46,26,20,1149.0,1702,346,155,211,0.735,27,40,0.675,342,0.988,85,0.246,20,0.058,20,0.058,18,0.052,PaintTouch
1627752,Taurean Prince,1610612749,MIL,26,10,16,611.0,65,16,35,0.457,2,2,1.0,35,0.538,20,0.308,7,0.108,6,0.092,1,0.015,Drives,26,10,16,611.0,16,6,77,37,49,0.755,Defense,26,10,16,611.0,43,105,0.41,128,42.0,104.0,0.404,0.61,CatchShoot,26,10,16,611.0,581,534,46,3,7,78,124,56,0.079,0.096,Passing,26,10,16,611.0,239,819,533,28.5,2.09,0.98,0.292,3,0,3,0.0,0.0,0.0,Possessions,26,10,16,611.0,28,52,0.538,75,19.0,34.0,0.559,0.721,PullUpShot,22.0,8.0,14.0,526.0,4.0,1.0,3.0,0.25,10.0,0.4,1.0,0.444,15.3,77.0,16.0,61.0,0.208,120.0,0.642,6.0,0.675,7.7,81.0,17.0,64.0,0.21,128.0,0.633,7.0,0.669,8.1,Rebounding,26,10,16,611.0,225625,42.7,22.5,20.2,4.05,4.24,3.85,SpeedDistance,26,10,16,611.0,819,3,0,1,0.0,0,0,0.0,0,0.0,2,0.667,1,0.5,0,0.0,0,0.0,ElbowTouch,26,10,16,611.0,819,0,0,0,0.0,0,0,0.0,0,0.0,0,0.0,0,0.0,0,0.0,0,0.0,PostTouch,26,10,16,611.0,819,3,0,0,0.0,0,0,0.0,0,0.0,2,0.667,1,0.333,1,0.333,0,0.0,PaintTouch
1627759,Jaylen Brown,1610612738,BOS,71,47,24,2443.0,1353,364,679,0.536,177,225,0.787,939,0.694,404,0.299,107,0.079,95,0.07,114,0.084,Drives,71,47,24,2443.0,72,27,411,94,140,0.671,Defense,71,47,24,2443.0,66,193,0.342,192,60.0,181.0,0.331,0.497,CatchShoot,71,47,24,2443.0,2583,3725,364,23,51,657,962,438,0.141,0.17,Passing,71,47,24,2443.0,2038,4859,2738,351.8,4.34,3.68,0.419,55,85,96,0.564,0.565,0.688,Possessions,71,47,24,2443.0,298,708,0.421,671,75.0,215.0,0.349,0.474,PullUpShot,71.0,47.0,24.0,2443.0,81.0,36.0,45.0,0.444,232.0,0.349,3.0,0.354,11.5,411.0,96.0,313.0,0.234,634.0,0.648,49.0,0.703,6.1,492.0,132.0,358.0,0.268,824.0,0.597,52.0,0.637,7.0,Rebounding,71,47,24,2443.0,897545,170.0,95.4,74.6,4.06,4.36,3.73,SpeedDistance,71,47,24,2443.0,4859,55,13,25,0.52,5,6,0.833,31,0.564,18,0.327,9,0.5,3,0.055,3,0.055,ElbowTouch,71,47,24,2443.0,4859,85,19,36,0.528,10,10,1.0,48,0.565,31,0.365,10,0.118,4,0.047,5,0.059,PostTouch,71,47,24,2443.0,4859,96,28,48,0.583,6,6,1.0,66,0.688,33,0.344,9,0.094,6,0.063,4,0.042,PaintTouch
1627780,Gary Payton II,1610612744,GSW,73,33,40,1142.0,69,22,39,0.564,4,8,0.5,49,0.71,22,0.319,5,0.072,4,0.058,4,0.058,Drives,73,33,40,1142.0,67,21,164,68,103,0.66,Defense,73,33,40,1142.0,31,116,0.267,93,31.0,116.0,0.267,0.401,CatchShoot,73,33,40,1142.0,1585,1299,123,7,14,222,316,144,0.078,0.091,Passing,73,33,40,1142.0,547,2105,1306,63.0,1.79,0.95,0.26,77,13,278,0.753,0.0,0.957,Possessions,73,33,40,1142.0,5,13,0.385,14,4.0,9.0,0.444,0.538,PullUpShot,64.0,29.0,35.0,1071.0,101.0,50.0,51.0,0.495,182.0,0.555,3.0,0.564,6.1,164.0,28.0,136.0,0.171,287.0,0.571,22.0,0.619,5.2,265.0,78.0,187.0,0.294,462.0,0.574,25.0,0.606,5.5,Rebounding,73,33,40,1142.0,501045,94.9,50.0,44.9,4.77,4.99,4.55,SpeedDistance,73,33,40,1142.0,2105,77,27,33,0.818,2,6,0.333,58,0.753,37,0.481,10,0.27,1,0.013,3,0.039,ElbowTouch,73,33,40,1142.0,2105,13,0,0,0.0,0,0,0.0,0,0.0,11,0.846,3,0.231,1,0.077,0,0.0,PostTouch,73,33,40,1142.0,2105,278,128,172,0.744,8,10,0.8,266,0.957,79,0.284,18,0.065,10,0.036,5,0.018,PaintTouch
1627783,Pascal Siakam,1610612754,IND,62,17,45,2057.0,783,203,384,0.529,93,126,0.738,519,0.663,274,0.35,55,0.07,40,0.051,63,0.08,Drives,62,17,45,2057.0,69,25,322,167,242,0.69,Defense,62,17,45,2057.0,85,247,0.344,250,80.0,225.0,0.356,0.506,CatchShoot,62,17,45,2057.0,2732,3086,236,20,45,457,633,301,0.086,0.11,Passing,62,17,45,2057.0,1485,4308,2434,195.2,2.72,1.98,0.345,118,194,194,0.661,0.629,0.959,Possessions,62,17,45,2057.0,153,362,0.423,330,24.0,62.0,0.387,0.456,PullUpShot,62.0,17.0,45.0,2057.0,89.0,53.0,36.0,0.596,211.0,0.422,5.0,0.432,8.4,322.0,63.0,259.0,0.196,499.0,0.645,47.0,0.712,6.7,411.0,116.0,295.0,0.282,686.0,0.599,52.0,0.648,7.1,Rebounding,62,17,45,2057.0,810175,153.4,84.0,69.4,4.37,4.85,3.91,SpeedDistance,62,17,45,2057.0,4308,118,30,64,0.469,13,16,0.813,78,0.661,37,0.314,9,0.243,4,0.034,9,0.076,ElbowTouch,62,17,45,2057.0,4308,194,47,93,0.505,22,28,0.786,122,0.629,67,0.345,7,0.036,12,0.062,14,0.072,PostTouch,62,17,45,2057.0,4308,194,85,124,0.685,9,16,0.563,186,0.959,40,0.206,6,0.031,14,0.072,9,0.046,PaintTouch
1627824,Guerschon Yabusele,1610612741,CHI,67,32,35,1007.0,93,21,42,0.5,19,22,0.864,61,0.656,28,0.301,7,0.075,9,0.097,11,0.118,Drives,67,32,35,1007.0,26,16,178,105,159,0.66,Defense,67,32,35,1007.0,65,188,0.346,194,64.0,183.0,0.35,0.516,CatchShoot,67,32,35,1007.0,1005,928,63,2,11,99,160,75,0.063,0.075,Passing,67,32,35,1007.0,373,1415,913,40.8,1.73,0.82,0.264,44,21,96,0.432,0.524,0.354,Possessions,67,32,35,1007.0,5,14,0.357,13,3.0,7.0,0.429,0.464,PullUpShot,60.0,28.0,32.0,956.0,56.0,28.0,28.0,0.5,154.0,0.364,9.0,0.386,7.7,178.0,46.0,127.0,0.258,317.0,0.562,46.0,0.657,6.1,234.0,74.0,155.0,0.316,457.0,0.512,55.0,0.582,6.5,Rebounding,67,32,35,1007.0,401548,76.1,40.5,35.6,4.35,4.6,4.1,SpeedDistance,67,32,35,1007.0,1415,44,9,18,0.5,0,2,0.0,19,0.432,23,0.523,2,0.087,1,0.023,1,0.023,ElbowTouch,67,32,35,1007.0,1415,21,4,9,0.444,3,4,0.75,11,0.524,7,0.333,3,0.143,1,0.048,2,0.095,PostTouch,67,32,35,1007.0,1415,96,14,31,0.452,6,10,0.6,34,0.354,46,0.479,6,0.063,7,0.073,5,0.052,PaintTouch
1627826,Ivica Zubac,1610612754,IND,48,17,31,1447.0,33,12,16,0.75,2,4,0.5,28,0.848,5,0.152,0,0.0,5,0.152,2,0.061,Drives,48,17,31,1447.0,18,40,347,132,239,0.552,Defense,48,17,31,1447.0,14,25,0.56,28,,,,0.56,CatchShoot,48,17,31,1447.0,1615,1372,105,5,22,199,262,131,0.065,0.081,Passing,48,17,31,1447.0,677,2304,1455,69.3,1.81,0.69,0.294,227,232,524,0.542,0.547,0.834,Possessions,48,17,31,1447.0,1,8,0.125,2,,,,0.125,PullUpShot,48.0,17.0,31.0,1447.0,162.0,138.0,24.0,0.852,361.0,0.449,7.0,0.458,3.7,347.0,129.0,218.0,0.372,574.0,0.605,61.0,0.676,4.3,509.0,267.0,242.0,0.525,920.0,0.553,68.0,0.597,4.1,Rebounding,48,17,31,1447.0,519462,98.4,52.4,46.0,4.08,4.18,3.97,SpeedDistance,48,17,31,1447.0,2304,227,57,99,0.576,4,8,0.5,123,0.542,103,0.454,11,0.107,14,0.062,4,0.018,ElbowTouch,48,17,31,1447.0,2304,232,57,103,0.553,10,20,0.5,127,0.547,87,0.375,20,0.086,14,0.06,11,0.047,PostTouch,48,17,31,1447.0,2304,524,190,320,0.594,46,71,0.648,437,0.834,110,0.21,22,0.042,29,0.055,34,0.065,PaintTouch
1627827,Dorian Finney-Smith,1610612745,HOU,37,23,14,620.0,27,5,8,0.625,0,0,0.0,11,0.407,15,0.556,6,0.222,4,0.148,0,0.0,Drives,37,23,14,620.0,16,6,58,48,68,0.706,Defense,37,23,14,620.0,26,95,0.274,78,26.0,95.0,0.274,0.411,CatchShoot,37,23,14,620.0,569,415,36,2,3,58,89,40,0.063,0.07,Passing,37,23,14,620.0,123,741,390,19.5,1.58,0.52,0.166,10,0,43,0.0,0.0,0.605,Possessions,37,23,14,620.0,1,6,0.167,3,1.0,5.0,0.2,0.25,PullUpShot,35.0,21.0,14.0,591.0,35.0,18.0,17.0,0.514,75.0,0.467,1.0,0.473,8.5,58.0,18.0,40.0,0.31,108.0,0.537,12.0,0.604,6.1,93.0,36.0,57.0,0.387,176.0,0.528,13.0,0.571,7.0,Rebounding,37,23,14,620.0,237654,45.0,24.2,20.8,4.05,4.18,3.91,SpeedDistance,37,23,14,620.0,741,10,0,1,0.0,0,0,0.0,0,0.0,9,0.9,1,0.111,0,0.0,0,0.0,ElbowTouch,37,23,14,620.0,741,0,0,0,0.0,0,0,0.0,0,0.0,0,0.0,0,0.0,0,0.0,0,0.0,PostTouch,37,23,14,620.0,741,43,11,19,0.579,4,4,1.0,26,0.605,20,0.465,3,0.07,1,0.023,2,0.047,PaintTouch
1627884,Derrick Jones Jr.,1610612746,LAC,50,26,24,1350.0,97,24,63,0.381,3,8,0.375,58,0.598,17,0.175,3,0.031,5,0.052,5,0.052,Drives,50,26,24,1350.0,45,50,112,68,100,0.68,Defense,50,26,24,1350.0,54,145,0.372,161,53.0,143.0,0.371,0.555,CatchShoot,50,26,24,1350.0,1186,1056,69,3,7,95,176,79,0.058,0.067,Passing,50,26,24,1350.0,504,1672,840,55.4,1.99,1.06,0.301,35,1,134,0.971,0.0,1.007,Possessions,50,26,24,1350.0,6,27,0.222,14,2.0,10.0,0.2,0.259,PullUpShot,49.0,26.0,23.0,1322.0,61.0,33.0,27.0,0.541,109.0,0.56,3.0,0.575,6.6,112.0,34.0,78.0,0.304,209.0,0.536,23.0,0.602,7.7,173.0,67.0,105.0,0.387,317.0,0.546,26.0,0.595,7.3,Rebounding,50,26,24,1350.0,530011,100.4,52.3,48.1,4.28,4.37,4.19,SpeedDistance,50,26,24,1350.0,1672,35,13,19,0.684,6,6,1.0,34,0.971,12,0.343,5,0.417,0,0.0,3,0.086,ElbowTouch,50,26,24,1350.0,1672,1,0,0,0.0,0,0,0.0,0,0.0,1,1.0,0,0.0,0,0.0,0,0.0,PostTouch,50,26,24,1350.0,1672,134,60,90,0.667,13,16,0.813,135,1.007,30,0.224,6,0.045,4,0.03,8,0.06,PaintTouch
1627936,Alex Caruso,1610612760,OKC,56,47,9,1020.0,100,19,43,0.442,12,14,0.857,52,0.52,41,0.41,11,0.11,7,0.07,7,0.07,Drives,56,47,9,1020.0,72,17,127,35,51,0.686,Defense,56,47,9,1020.0,52,163,0.319,154,50.0,160.0,0.313,0.472,CatchShoot,56,47,9,1020.0,1232,1024,110,6,13,172,275,129,0.089,0.105,Passing,56,47,9,1020.0,348,1646,814,69.8,2.54,1.78,0.211,45,1,55,0.444,0.0,0.636,Possessions,56,47,9,1020.0,8,30,0.267,19,3.0,20.0,0.15,0.317,PullUpShot,52.0,43.0,9.0,971.0,28.0,10.0,18.0,0.357,80.0,0.35,3.0,0.364,11.7,127.0,31.0,95.0,0.244,201.0,0.632,15.0,0.683,8.3,155.0,41.0,113.0,0.265,272.0,0.57,18.0,0.61,8.9,Rebounding,56,47,9,1020.0,410969,77.8,40.0,37.8,4.36,4.71,4.05,SpeedDistance,56,47,9,1020.0,1646,45,10,14,0.714,0,0,0.0,20,0.444,25,0.556,4,0.16,3,0.067,0,0.0,ElbowTouch,56,47,9,1020.0,1646,1,0,0,0.0,0,0,0.0,0,0.0,1,1.0,1,1.0,0,0.0,0,0.0,PostTouch,56,47,9,1020.0,1646,55,17,27,0.63,1,2,0.5,35,0.636,23,0.418,4,0.073,4,0.073,1,0.018,PaintTouch
1628365,Markelle Fultz,1610612761,TOR,5,3,2,36.0,10,1,6,0.167,0,0,0.0,2,0.2,4,0.4,1,0.1,0,0.0,0,0.0,Drives,5,3,2,36.0,2,0,1,3,3,1.0,Defense,5,3,2,36.0,0,1,0.0,0,,,,0.0,CatchShoot,5,3,2,36.0,48,55,8,2,1,13,22,11,0.167,0.229,Passing,5,3,2,36.0,4,64,17,5.7,5.34,5.89,0.063,3,0,0,0.667,0.0,0.0,Possessions,5,3,2,36.0,1,6,0.167,2,,,,0.167,PullUpShot,1.0,1.0,0.0,7.0,0.0,0.0,0.0,0.0,1.0,0.0,0.0,0.0,0.0,1.0,0.0,1.0,0.0,1.0,1.0,0.0,1.0,13.8,1.0,0.0,1.0,0.0,2.0,0.5,0.0,0.5,13.8,Rebounding,5,3,2,36.0,15624,3.0,1.6,1.4,4.61,4.93,4.3,SpeedDistance,5,3,2,36.0,64,3,1,3,0.333,0,0,0.0,2,0.667,0,0.0,0,0.0,0,0.0,0,0.0,ElbowTouch,5,3,2,36.0,64,0,0,0,0.0,0,0,0.0,0,0.0,0,0.0,0,0.0,0,0.0,0,0.0,PostTouch,5,3,2,36.0,64,0,0,0,0.0,0,0,0.0,0,0.0,0,0.0,0,0.0,0,0.0,0,0.0,PaintTouch
1628366,Lonzo Ball,1610612739,CLE,35,19,16,728.0,52,4,10,0.4,2,2,1.0,10,0.192,36,0.692,10,0.192,4,0.077,1,0.019,Drives,35,19,16,728.0,45,9,114,35,54,0.648,Defense,35,19,16,728.0,28,108,0.259,83,27.0,106.0,0.255,0.384,CatchShoot,35,19,16,728.0,1361,1068,136,12,19,226,352,167,0.1,0.123,Passing,35,19,16,728.0,160,1621,676,71.5,2.65,1.87,0.099,15,1,36,0.133,0.0,0.361,Possessions,35,19,16,728.0,15,46,0.326,43,13.0,40.0,0.325,0.467,PullUpShot,34.0,19.0,15.0,722.0,26.0,13.0,13.0,0.5,63.0,0.413,0.0,0.413,9.1,114.0,30.0,84.0,0.263,180.0,0.633,14.0,0.687,6.8,140.0,43.0,97.0,0.307,229.0,0.611,14.0,0.651,7.2,Rebounding,35,19,16,728.0,280879,53.2,28.4,24.8,4.39,4.86,3.96,SpeedDistance,35,19,16,728.0,1621,15,1,3,0.333,0,0,0.0,2,0.133,11,0.733,0,0.0,1,0.067,0,0.0,ElbowTouch,35,19,16,728.0,1621,1,0,0,0.0,0,0,0.0,0,0.0,1,1.0,0,0.0,0,0.0,0,0.0,PostTouch,35,19,16,728.0,1621,36,5,7,0.714,3,4,0.75,13,0.361,24,0.667,1,0.028,2,0.056,1,0.028,PaintTouch
1628368,De'Aaron Fox,1610612759,SAS,72,55,17,2231.0,870,218,393,0.555,80,110,0.727,524,0.602,355,0.408,95,0.109,38,0.044,56,0.064,Drives,72,55,17,2231.0,89,19,228,82,118,0.695,Defense,72,55,17,2231.0,82,210,0.39,237,73.0,194.0,0.376,0.564,CatchShoot,72,55,17,2231.0,3267,3775,445,52,59,815,1207,556,0.136,0.17,Passing,72,55,17,2231.0,1336,4726,1779,340.0,4.32,3.85,0.283,42,2,59,0.738,1.0,0.966,Possessions,72,55,17,2231.0,178,440,0.405,410,54.0,191.0,0.283,0.466,PullUpShot,70.0,53.0,17.0,2172.0,42.0,14.0,27.0,0.333,106.0,0.396,2.0,0.404,14.5,228.0,25.0,201.0,0.11,365.0,0.625,27.0,0.675,9.1,270.0,39.0,228.0,0.144,465.0,0.581,29.0,0.619,9.9,Rebounding,72,55,17,2231.0,862923,163.4,85.3,78.1,4.28,4.65,3.95,SpeedDistance,72,55,17,2231.0,4726,42,15,21,0.714,0,0,0.0,31,0.738,19,0.452,5,0.263,2,0.048,0,0.0,ElbowTouch,72,55,17,2231.0,4726,2,1,2,0.5,0,0,0.0,2,1.0,0,0.0,0,0.0,0,0.0,0,0.0,PostTouch,72,55,17,2231.0,4726,59,27,36,0.75,2,2,1.0,57,0.966,17,0.288,3,0.051,4,0.068,1,0.017,PaintTouch
1628369,Jayson Tatum,1610612738,BOS,16,13,3,522.0,174,45,90,0.5,21,24,0.875,113,0.649,60,0.345,18,0.103,10,0.057,12,0.069,Drives,16,13,3,522.0,22,3,152,28,39,0.718,Defense,16,13,3,522.0,12,37,0.324,34,10.0,33.0,0.303,0.459,CatchShoot,16,13,3,522.0,840,708,85,7,15,161,218,107,0.101,0.127,Passing,16,13,3,522.0,348,1220,590,73.8,3.63,2.45,0.285,18,8,20,0.667,0.5,1.05,Possessions,16,13,3,522.0,54,156,0.346,144,36.0,109.0,0.33,0.462,PullUpShot,16.0,13.0,3.0,522.0,8.0,2.0,6.0,0.25,41.0,0.195,2.0,0.205,11.3,152.0,34.0,118.0,0.224,205.0,0.741,13.0,0.792,5.3,160.0,36.0,124.0,0.225,234.0,0.684,15.0,0.731,5.6,Rebounding,16,13,3,522.0,186828,35.4,20.0,15.4,3.82,4.09,3.52,SpeedDistance,16,13,3,522.0,1220,18,6,8,0.75,0,0,0.0,12,0.667,10,0.556,3,0.3,0,0.0,0,0.0,ElbowTouch,16,13,3,522.0,1220,8,2,5,0.4,0,0,0.0,4,0.5,2,0.25,2,0.25,1,0.125,0,0.0,PostTouch,16,13,3,522.0,1220,20,9,14,0.643,3,4,0.75,21,1.05,3,0.15,1,0.05,1,0.05,2,0.1,PaintTouch
1628370,Malik Monk,1610612758,SAC,62,18,44,1364.0,401,70,191,0.366,47,56,0.839,189,0.471,147,0.367,44,0.11,25,0.062,28,0.07,Drives,62,18,44,1364.0,37,24,102,72,102,0.706,Defense,62,18,44,1364.0,76,168,0.452,228,76.0,168.0,0.452,0.679,CatchShoot,62,18,44,1364.0,1523,1938,185,23,13,321,471,220,0.121,0.144,Passing,62,18,44,1364.0,772,2365,1221,149.7,3.8,3.34,0.326,13,0,28,1.0,0.0,0.929,Possessions,62,18,44,1364.0,97,266,0.365,242,48.0,145.0,0.331,0.455,PullUpShot,52.0,13.0,39.0,1214.0,15.0,3.0,12.0,0.2,58.0,0.259,2.0,0.268,16.1,102.0,22.0,80.0,0.216,173.0,0.59,15.0,0.646,9.2,117.0,25.0,92.0,0.214,227.0,0.515,17.0,0.557,10.1,Rebounding,62,18,44,1364.0,512918,97.1,53.3,43.8,4.14,4.53,3.75,SpeedDistance,62,18,44,1364.0,2365,13,6,10,0.6,0,0,0.0,13,1.0,2,0.154,0,0.0,1,0.077,0,0.0,ElbowTouch,62,18,44,1364.0,2365,0,0,0,0.0,0,0,0.0,0,0.0,0,0.0,0,0.0,0,0.0,0,0.0,PostTouch,62,18,44,1364.0,2365,28,13,19,0.684,0,0,0.0,26,0.929,5,0.179,0,0.0,3,0.107,0,0.0,PaintTouch
1628371,Jonathan Isaac,1610612753,ORL,52,29,23,521.0,18,2,7,0.286,7,10,0.7,11,0.611,4,0.222,0,0.0,1,0.056,5,0.278,Drives,52,29,23,521.0,20,31,89,44,83,0.53,Defense,52,29,23,521.0,8,41,0.195,23,7.0,38.0,0.184,0.28,CatchShoot,52,29,23,521.0,447,272,22,3,4,35,60,29,0.049,0.065,Passing,52,29,23,521.0,134,613,307,13.6,1.33,0.34,0.219,34,0,91,0.265,0.0,0.769,Possessions,52,29,23,521.0,0,5,0.0,0,0.0,0.0,,0.0,PullUpShot,44.0,26.0,18.0,483.0,43.0,30.0,13.0,0.698,131.0,0.328,4.0,0.339,4.4,89.0,24.0,65.0,0.27,152.0,0.586,17.0,0.659,4.8,132.0,54.0,78.0,0.409,265.0,0.498,21.0,0.541,4.7,Rebounding,52,29,23,521.0,204564,38.7,20.3,18.4,4.32,4.52,4.12,SpeedDistance,52,29,23,521.0,613,34,3,7,0.429,2,2,1.0,9,0.265,21,0.618,4,0.19,1,0.029,1,0.029,ElbowTouch,52,29,23,521.0,613,0,0,0,0.0,0,0,0.0,0,0.0,0,0.0,0,0.0,0,0.0,0,0.0,PostTouch,52,29,23,521.0,613,91,28,46,0.609,13,18,0.722,70,0.769,22,0.242,3,0.033,6,0.066,8,0.088,PaintTouch
1628374,Lauri Markkanen,1610612762,UTA,42,17,25,1443.0,247,69,143,0.483,62,66,0.939,212,0.858,56,0.227,13,0.053,13,0.053,33,0.134,Drives,42,17,25,1443.0,42,21,205,97,140,0.693,Defense,42,17,25,1443.0,114,308,0.37,336,108.0,293.0,0.369,0.545,CatchShoot,42,17,25,1443.0,1181,1446,89,3,10,160,232,102,0.075,0.086,Passing,42,17,25,1443.0,1123,2223,1419,74.1,2.0,1.06,0.505,99,39,218,0.899,0.795,1.188,Possessions,42,17,25,1443.0,38,125,0.304,83,7.0,31.0,0.226,0.332,PullUpShot,42.0,17.0,25.0,1443.0,84.0,55.0,29.0,0.655,185.0,0.454,5.0,0.467,6.5,205.0,62.0,143.0,0.302,307.0,0.668,21.0,0.717,6.3,289.0,117.0,172.0,0.405,473.0,0.611,26.0,0.647,6.3,Rebounding,42,17,25,1443.0,556280,105.4,57.3,48.0,4.35,4.65,4.02,SpeedDistance,42,17,25,1443.0,2223,99,34,53,0.642,16,18,0.889,89,0.899,32,0.323,5,0.156,1,0.01,7,0.071,ElbowTouch,42,17,25,1443.0,2223,39,10,19,0.526,9,10,0.9,31,0.795,8,0.205,1,0.026,6,0.154,5,0.128,PostTouch,42,17,25,1443.0,2223,218,110,162,0.679,29,34,0.853,259,1.188,16,0.073,1,0.005,7,0.032,15,0.069,PaintTouch
1628378,Donovan Mitchell,1610612739,CLE,70,45,25,2342.0,990,283,481,0.588,122,138,0.884,706,0.713,341,0.344,82,0.083,64,0.065,69,0.07,Drives,70,45,25,2342.0,104,20,266,96,127,0.756,Defense,70,45,25,2342.0,104,251,0.414,305,97.0,238.0,0.408,0.608,CatchShoot,70,45,25,2342.0,2916,3874,398,50,70,775,1050,518,0.136,0.178,Passing,70,45,25,2342.0,1952,4914,2182,368.4,4.5,4.11,0.397,30,1,62,0.933,0.0,0.984,Possessions,70,45,25,2342.0,254,637,0.399,635,127.0,377.0,0.337,0.498,PullUpShot,69.0,44.0,25.0,2311.0,50.0,17.0,32.0,0.34,120.0,0.417,6.0,0.439,14.6,266.0,43.0,223.0,0.162,442.0,0.602,41.0,0.663,8.5,316.0,60.0,255.0,0.19,557.0,0.567,47.0,0.62,9.5,Rebounding,70,45,25,2342.0,878046,166.3,91.5,74.8,4.13,4.75,3.56,SpeedDistance,70,45,25,2342.0,4914,30,13,15,0.867,1,2,0.5,28,0.933,12,0.4,3,0.25,0,0.0,1,0.033,ElbowTouch,70,45,25,2342.0,4914,1,0,0,0.0,0,0,0.0,0,0.0,0,0.0,0,0.0,1,1.0,0,0.0,PostTouch,70,45,25,2342.0,4914,62,28,42,0.667,3,4,0.75,61,0.984,13,0.21,2,0.032,3,0.048,1,0.016,PaintTouch
1628379,Luke Kennard,1610612747,LAL,78,45,33,1681.0,316,45,84,0.536,23,26,0.885,113,0.358,201,0.636,46,0.146,11,0.035,13,0.041,Drives,78,45,33,1681.0,55,8,150,103,128,0.805,Defense,78,45,33,1680.0,106,214,0.495,312,100.0,203.0,0.493,0.729,CatchShoot,78,45,33,1681.0,1660,1652,174,21,24,297,454,219,0.105,0.132,Passing,78,45,33,1681.0,652,2244,1419,92.5,2.47,1.82,0.291,30,0,43,0.733,0.0,0.744,Possessions,78,45,33,1680.0,76,137,0.555,169,17.0,43.0,0.395,0.617,PullUpShot,64.0,39.0,25.0,1430.0,32.0,10.0,22.0,0.313,75.0,0.427,4.0,0.451,11.1,150.0,13.0,137.0,0.087,243.0,0.617,18.0,0.667,7.7,182.0,23.0,159.0,0.126,312.0,0.583,22.0,0.628,8.3,Rebounding,78,45,33,1681.0,678939,128.6,69.8,58.8,4.41,4.77,4.05,SpeedDistance,78,45,33,1681.0,2244,30,10,12,0.833,2,2,1.0,22,0.733,17,0.567,6,0.353,0,0.0,1,0.033,ElbowTouch,78,45,33,1681.0,2244,0,0,0,0.0,0,0,0.0,0,0.0,0,0.0,0,0.0,0,0.0,0,0.0,PostTouch,78,45,33,1681.0,2244,43,15,22,0.682,2,2,1.0,32,0.744,17,0.395,7,0.163,1,0.023,1,0.023,PaintTouch
1628380,Zach Collins,1610612741,CHI,10,6,4,184.0,4,2,2,1.0,0,0,0.0,4,1.0,1,0.25,0,0.0,1,0.25,0,0.0,Drives,10,6,4,184.0,2,4,40,26,39,0.667,Defense,10,6,4,184.0,13,27,0.481,35,9.0,21.0,0.429,0.648,CatchShoot,10,6,4,184.0,216,199,15,2,1,24,40,18,0.069,0.083,Passing,10,6,4,184.0,97,300,207,7.4,1.47,0.61,0.323,25,5,49,0.8,1.2,1.041,Possessions,10,6,4,184.0,0,2,0.0,0,0.0,0.0,,0.0,PullUpShot,10.0,6.0,4.0,184.0,16.0,12.0,4.0,0.75,44.0,0.364,2.0,0.381,3.6,40.0,15.0,25.0,0.375,68.0,0.588,9.0,0.678,4.9,56.0,27.0,29.0,0.482,105.0,0.533,11.0,0.596,4.5,Rebounding,10,6,4,184.0,73144,13.9,7.3,6.6,4.44,4.9,4.02,SpeedDistance,10,6,4,184.0,300,25,6,9,0.667,7,10,0.7,20,0.8,11,0.44,2,0.182,0,0.0,4,0.16,ElbowTouch,10,6,4,184.0,300,5,2,3,0.667,2,2,1.0,6,1.2,1,0.2,0,0.0,0,0.0,1,0.2,PostTouch,10,6,4,184.0,300,49,21,29,0.724,7,8,0.875,51,1.041,14,0.286,3,0.061,0,0.0,4,0.082,PaintTouch
1628381,John Collins,1610612746,LAC,69,32,37,1871.0,170,50,103,0.485,19,24,0.792,123,0.724,37,0.218,9,0.053,16,0.094,12,0.071,Drives,69,32,37,1871.0,60,51,257,109,183,0.596,Defense,69,32,37,1871.0,100,229,0.437,288,88.0,211.0,0.417,0.629,CatchShoot,69,32,37,1871.0,1678,1360,70,4,12,120,180,86,0.042,0.051,Passing,69,32,37,1871.0,935,2525,1263,77.1,1.83,0.82,0.37,72,82,254,1.042,0.939,1.075,Possessions,69,32,37,1871.0,27,64,0.422,55,1.0,7.0,0.143,0.43,PullUpShot,67.0,32.0,35.0,1824.0,110.0,70.0,40.0,0.636,272.0,0.404,5.0,0.412,6.5,257.0,77.0,180.0,0.3,457.0,0.562,45.0,0.624,5.6,367.0,147.0,220.0,0.401,706.0,0.52,50.0,0.559,5.9,Rebounding,69,32,37,1871.0,734288,139.1,73.8,65.3,4.35,4.51,4.18,SpeedDistance,69,32,37,1871.0,2525,72,32,45,0.711,7,8,0.875,75,1.042,18,0.25,6,0.333,2,0.028,4,0.056,ElbowTouch,69,32,37,1871.0,2525,82,36,50,0.72,3,6,0.5,77,0.939,22,0.268,7,0.085,5,0.061,3,0.037,PostTouch,69,32,37,1871.0,2525,254,118,163,0.724,32,40,0.8,273,1.075,40,0.157,7,0.028,20,0.079,17,0.067,PaintTouch
1628384,OG Anunoby,1610612752,NYK,67,45,22,2224.0,461,84,166,0.506,74,86,0.86,256,0.555,201,0.436,37,0.08,39,0.085,45,0.098,Drives,67,45,22,2224.0,104,48,266,121,190,0.637,Defense,67,45,22,2224.0,138,333,0.414,413,137.0,329.0,0.416,0.62,CatchShoot,67,45,22,2224.0,1819,1880,145,11,32,269,386,187,0.08,0.103,Passing,67,45,22,2224.0,1118,2927,1785,101.6,2.08,1.32,0.382,75,34,180,0.747,0.412,0.894,Possessions,67,45,22,2224.0,39,141,0.277,95,17.0,71.0,0.239,0.337,PullUpShot,64.0,44.0,20.0,2137.0,85.0,42.0,43.0,0.494,201.0,0.423,10.0,0.445,9.0,266.0,90.0,176.0,0.338,444.0,0.599,44.0,0.665,6.3,351.0,132.0,219.0,0.376,611.0,0.574,54.0,0.63,7.0,Rebounding,67,45,22,2224.0,850607,161.1,84.6,76.5,4.16,4.27,4.04,SpeedDistance,67,45,22,2224.0,2927,75,24,36,0.667,8,10,0.8,56,0.747,31,0.413,5,0.161,2,0.027,5,0.067,ElbowTouch,67,45,22,2224.0,2927,34,6,12,0.5,2,2,1.0,14,0.412,15,0.441,3,0.088,2,0.059,1,0.029,PostTouch,67,45,22,2224.0,2927,180,69,94,0.734,21,24,0.875,161,0.894,58,0.322,16,0.089,9,0.05,12,0.067,PaintTouch
1628386,Jarrett Allen,1610612739,CLE,56,37,19,1519.0,92,34,58,0.586,18,24,0.75,87,0.946,14,0.152,3,0.033,7,0.076,12,0.13,Drives,56,37,19,1519.0,55,47,332,131,255,0.514,Defense,56,37,19,1519.0,24,62,0.387,49,1.0,7.0,0.143,0.395,CatchShoot,56,37,19,1519.0,1361,1344,100,12,11,150,264,123,0.073,0.09,Passing,56,37,19,1519.0,860,2133,1450,56.5,1.59,0.59,0.403,232,55,520,0.759,0.909,1.029,Possessions,56,37,19,1519.0,4,13,0.308,8,0.0,2.0,0.0,0.308,PullUpShot,56.0,37.0,19.0,1519.0,144.0,96.0,47.0,0.667,311.0,0.463,6.0,0.472,6.0,332.0,102.0,227.0,0.307,533.0,0.623,53.0,0.692,4.9,476.0,198.0,274.0,0.416,823.0,0.578,59.0,0.623,5.2,Rebounding,56,37,19,1519.0,584077,110.6,57.5,53.1,4.21,4.49,3.96,SpeedDistance,56,37,19,1519.0,2133,232,72,132,0.545,31,44,0.705,176,0.759,59,0.254,9,0.153,12,0.052,22,0.095,ElbowTouch,56,37,19,1519.0,2133,55,19,28,0.679,12,18,0.667,50,0.909,5,0.091,3,0.055,6,0.109,9,0.164,PostTouch,56,37,19,1519.0,2133,520,222,315,0.705,87,122,0.713,535,1.029,94,0.181,15,0.029,25,0.048,53,0.102,PaintTouch
1628389,Bam Adebayo,1610612748,MIA,73,37,36,2365.0,515,127,276,0.46,117,146,0.801,380,0.738,133,0.258,24,0.047,23,0.045,73,0.142,Drives,73,37,36,2365.0,86,49,583,207,320,0.647,Defense,73,37,36,2365.0,131,379,0.346,367,105.0,334.0,0.314,0.484,CatchShoot,73,37,36,2365.0,2673,2617,232,14,36,349,613,284,0.087,0.106,Passing,73,37,36,2365.0,1468,4215,2290,175.5,2.5,1.6,0.348,150,188,301,0.787,0.41,0.937,Possessions,73,37,36,2365.0,96,277,0.347,212,20.0,62.0,0.323,0.383,PullUpShot,73.0,37.0,36.0,2365.0,149.0,89.0,60.0,0.597,334.0,0.446,12.0,0.463,7.1,583.0,155.0,426.0,0.266,827.0,0.705,72.0,0.772,5.6,732.0,244.0,486.0,0.333,1113.0,0.658,84.0,0.711,5.9,Rebounding,73,37,36,2365.0,908459,172.1,90.0,82.1,4.22,4.71,3.79,SpeedDistance,73,37,36,2365.0,4215,150,48,87,0.552,19,24,0.792,118,0.787,42,0.28,13,0.31,4,0.027,12,0.08,ElbowTouch,73,37,36,2365.0,4215,188,28,73,0.384,20,26,0.769,77,0.41,85,0.452,17,0.09,11,0.059,13,0.069,PostTouch,73,37,36,2365.0,4215,301,121,182,0.665,36,46,0.783,282,0.937,74,0.246,12,0.04,10,0.033,23,0.076,PaintTouch
1628392,Isaiah Hartenstein,1610612760,OKC,47,39,8,1137.0,28,7,14,0.5,1,2,0.5,15,0.536,9,0.321,5,0.179,3,0.107,1,0.036,Drives,47,39,8,1137.0,48,36,294,88,167,0.527,Defense,47,39,8,1137.0,23,50,0.46,46,0.0,7.0,0.0,0.46,CatchShoot,47,39,8,1137.0,1710,1157,166,12,10,245,408,187,0.097,0.109,Passing,47,39,8,1137.0,432,2149,1246,59.8,1.67,0.53,0.201,154,14,391,0.532,0.429,0.826,Possessions,47,39,8,1137.0,7,15,0.467,14,0.0,0.0,,0.467,PullUpShot,47.0,39.0,8.0,1137.0,149.0,107.0,43.0,0.718,345.0,0.432,14.0,0.45,5.0,294.0,97.0,197.0,0.33,484.0,0.607,56.0,0.687,5.0,443.0,204.0,240.0,0.46,807.0,0.549,70.0,0.601,5.0,Rebounding,47,39,8,1137.0,452575,85.7,45.9,39.8,4.49,4.82,4.16,SpeedDistance,47,39,8,1137.0,2149,154,33,59,0.559,12,22,0.545,82,0.532,73,0.474,18,0.247,5,0.032,12,0.078,ElbowTouch,47,39,8,1137.0,2149,14,3,5,0.6,0,0,0.0,6,0.429,6,0.429,4,0.286,2,0.143,0,0.0,PostTouch,47,39,8,1137.0,2149,391,138,206,0.67,37,58,0.638,323,0.826,123,0.315,30,0.077,19,0.049,30,0.077,PaintTouch
1628396,Tony Bradley,1610612737,ATL,41,10,31,451.0,12,6,10,0.6,0,0,0.0,12,1.0,2,0.167,1,0.083,0,0.0,0,0.0,Drives,41,10,31,451.0,6,7,56,45,67,0.672,Defense,41,10,31,451.0,4,11,0.364,10,2.0,4.0,0.5,0.455,CatchShoot,41,10,31,451.0,344,271,22,3,2,39,61,27,0.064,0.078,Passing,41,10,31,451.0,162,498,329,11.6,1.4,0.46,0.325,37,7,117,0.811,1.143,0.761,Possessions,41,10,31,451.0,2,3,0.667,4,0.0,0.0,,0.667,PullUpShot,34.0,7.0,27.0,417.0,60.0,41.0,19.0,0.683,135.0,0.444,3.0,0.455,4.3,56.0,16.0,40.0,0.286,96.0,0.583,9.0,0.644,4.8,116.0,57.0,59.0,0.491,222.0,0.523,12.0,0.552,4.5,Rebounding,41,10,31,451.0,176673,33.5,17.0,16.5,4.43,4.53,4.33,SpeedDistance,41,10,31,451.0,498,37,12,17,0.706,5,6,0.833,30,0.811,15,0.405,4,0.267,1,0.027,3,0.081,ElbowTouch,41,10,31,451.0,498,7,2,5,0.4,4,4,1.0,8,1.143,0,0.0,0,0.0,0,0.0,2,0.286,PostTouch,41,10,31,451.0,498,117,34,70,0.486,21,26,0.808,89,0.761,30,0.256,5,0.043,2,0.017,13,0.111,PaintTouch
1628398,Kyle Kuzma,1610612749,MIL,69,31,38,1806.0,368,96,175,0.549,48,62,0.774,252,0.685,124,0.337,30,0.082,29,0.079,31,0.084,Drives,69,31,38,1806.0,46,28,256,96,152,0.632,Defense,69,31,38,1806.0,74,216,0.343,216,68.0,199.0,0.342,0.5,CatchShoot,69,31,38,1806.0,2060,1932,184,14,26,340,482,224,0.089,0.109,Passing,69,31,38,1806.0,896,3031,1729,127.8,2.53,1.43,0.296,92,26,166,0.663,0.5,0.916,Possessions,69,31,38,1806.0,25,75,0.333,63,13.0,37.0,0.351,0.42,PullUpShot,67.0,31.0,36.0,1768.0,57.0,32.0,25.0,0.561,153.0,0.373,5.0,0.385,5.9,256.0,62.0,194.0,0.242,411.0,0.623,47.0,0.703,6.5,313.0,94.0,219.0,0.3,540.0,0.58,52.0,0.641,6.4,Rebounding,69,31,38,1806.0,705807,133.7,71.5,62.1,4.37,4.73,4.02,SpeedDistance,69,31,38,1806.0,3031,92,26,48,0.542,7,10,0.7,61,0.663,35,0.38,13,0.371,3,0.033,4,0.043,ElbowTouch,69,31,38,1806.0,3031,26,6,11,0.545,1,2,0.5,13,0.5,11,0.423,5,0.192,1,0.038,1,0.038,PostTouch,69,31,38,1806.0,3031,166,70,115,0.609,10,18,0.556,152,0.916,34,0.205,12,0.072,4,0.024,8,0.048,PaintTouch
1628401,Derrick White,1610612738,BOS,77,52,25,2625.0,581,142,315,0.451,70,76,0.921,361,0.621,187,0.322,46,0.079,32,0.055,38,0.065,Drives,77,52,25,2625.0,88,98,253,154,273,0.564,Defense,77,52,25,2625.0,111,333,0.333,333,111.0,332.0,0.334,0.5,CatchShoot,77,52,25,2625.0,4492,4565,414,34,46,727,1072,493,0.092,0.11,Passing,77,52,25,2625.0,1267,5991,2591,412.2,4.13,3.61,0.211,18,0,86,0.667,0.0,0.488,Possessions,77,52,25,2625.0,196,537,0.365,490,98.0,305.0,0.321,0.456,PullUpShot,77.0,52.0,25.0,2625.0,86.0,39.0,47.0,0.453,179.0,0.48,2.0,0.486,11.8,253.0,40.0,214.0,0.158,478.0,0.529,51.0,0.593,8.0,339.0,79.0,261.0,0.233,643.0,0.527,53.0,0.575,9.0,Rebounding,77,52,25,2625.0,997860,189.0,106.8,82.2,4.18,4.51,3.82,SpeedDistance,77,52,25,2625.0,5991,18,5,6,0.833,2,2,1.0,12,0.667,10,0.556,3,0.3,1,0.056,1,0.056,ElbowTouch,77,52,25,2625.0,5991,0,0,0,0.0,0,0,0.0,0,0.0,0,0.0,0,0.0,0,0.0,0,0.0,PostTouch,77,52,25,2625.0,5991,86,19,31,0.613,4,4,1.0,42,0.488,45,0.523,10,0.116,6,0.07,2,0.023,PaintTouch
1628404,Josh Hart,1610612752,NYK,66,44,22,1994.0,322,80,161,0.497,18,26,0.692,185,0.575,121,0.376,37,0.115,18,0.056,13,0.04,Drives,66,44,22,1994.0,75,17,393,160,224,0.714,Defense,66,44,22,1994.0,67,174,0.385,199,65.0,167.0,0.389,0.572,CatchShoot,66,44,22,1994.0,3003,2461,317,25,34,521,838,377,0.106,0.126,Passing,66,44,22,1994.0,792,3885,1814,168.3,2.6,1.91,0.204,73,1,142,0.384,0.0,0.577,Possessions,66,44,22,1994.0,78,166,0.47,190,34.0,73.0,0.466,0.572,PullUpShot,66.0,44.0,22.0,1994.0,93.0,48.0,45.0,0.516,218.0,0.427,10.0,0.447,9.8,393.0,85.0,307.0,0.216,601.0,0.654,63.0,0.73,6.2,486.0,133.0,352.0,0.274,791.0,0.614,73.0,0.677,6.9,Rebounding,66,44,22,1994.0,768297,145.5,80.4,65.1,4.25,4.53,3.95,SpeedDistance,66,44,22,1994.0,3885,73,14,20,0.7,0,0,0.0,28,0.384,47,0.644,5,0.106,4,0.055,0,0.0,ElbowTouch,66,44,22,1994.0,3885,1,0,1,0.0,0,0,0.0,0,0.0,0,0.0,0,0.0,0,0.0,0,0.0,PostTouch,66,44,22,1994.0,3885,142,34,45,0.756,11,14,0.786,82,0.577,78,0.549,17,0.12,5,0.035,7,0.049,PaintTouch
1628415,Dillon Brooks,1610612756,PHX,56,32,24,1702.0,458,156,318,0.491,59,72,0.819,380,0.83,58,0.127,11,0.024,37,0.081,37,0.081,Drives,56,32,24,1702.0,57,9,160,83,120,0.692,Defense,56,32,24,1702.0,84,231,0.364,248,80.0,221.0,0.362,0.537,CatchShoot,56,32,24,1702.0,1139,1829,99,13,14,159,262,126,0.087,0.111,Passing,56,32,24,1702.0,1131,2371,1317,139.5,3.53,2.87,0.477,18,63,49,0.833,0.889,0.837,Possessions,56,32,24,1702.0,215,507,0.424,477,47.0,148.0,0.318,0.47,PullUpShot,55.0,31.0,24.0,1678.0,43.0,16.0,27.0,0.372,122.0,0.352,6.0,0.371,10.0,160.0,27.0,132.0,0.169,292.0,0.548,29.0,0.608,7.5,203.0,43.0,159.0,0.212,406.0,0.5,35.0,0.547,8.1,Rebounding,56,32,24,1702.0,632818,119.9,61.2,58.6,4.09,4.27,3.92,SpeedDistance,56,32,24,1702.0,2371,18,7,10,0.7,0,0,0.0,15,0.833,4,0.222,0,0.0,2,0.111,1,0.056,ElbowTouch,56,32,24,1702.0,2371,63,24,43,0.558,7,10,0.7,56,0.889,10,0.159,4,0.063,2,0.032,6,0.095,PostTouch,56,32,24,1702.0,2371,49,15,27,0.556,9,12,0.75,41,0.837,11,0.224,3,0.061,3,0.061,6,0.122,PaintTouch
1628418,Thomas Bryant,1610612739,CLE,60,37,23,732.0,9,1,5,0.2,1,2,0.5,3,0.333,1,0.111,0,0.0,2,0.222,1,0.111,Drives,60,37,23,732.0,18,26,146,78,160,0.488,Defense,60,37,23,732.0,51,140,0.364,148,46.0,127.0,0.362,0.529,CatchShoot,60,37,23,732.0,854,714,33,5,4,54,89,42,0.039,0.049,Passing,60,37,23,732.0,370,1193,720,31.9,1.61,0.37,0.31,57,16,152,0.719,0.75,1.125,Possessions,60,37,23,732.0,2,6,0.333,4,0.0,3.0,0.0,0.333,PullUpShot,50.0,31.0,19.0,694.0,59.0,39.0,20.0,0.661,119.0,0.496,3.0,0.509,6.8,146.0,48.0,98.0,0.329,268.0,0.545,28.0,0.608,4.3,205.0,87.0,118.0,0.424,378.0,0.542,31.0,0.591,5.0,Rebounding,60,37,23,732.0,282032,53.4,27.4,26.0,4.16,4.35,3.98,SpeedDistance,60,37,23,732.0,1193,57,15,23,0.652,10,10,1.0,41,0.719,20,0.351,1,0.05,4,0.07,4,0.07,ElbowTouch,60,37,23,732.0,1193,16,5,11,0.455,2,4,0.5,12,0.75,2,0.125,0,0.0,0,0.0,2,0.125,PostTouch,60,37,23,732.0,1193,152,67,93,0.72,33,38,0.868,171,1.125,28,0.184,3,0.02,5,0.033,16,0.105,PaintTouch
1628420,Monte Morris,1610612754,IND,6,0,6,65.0,14,1,4,0.25,1,2,0.5,3,0.214,8,0.571,1,0.071,1,0.071,1,0.071,Drives,6,0,6,65.0,1,1,6,2,3,0.667,Defense,6,0,6,65.0,1,6,0.167,3,1.0,6.0,0.167,0.25,CatchShoot,6,0,6,65.0,124,123,9,1,1,27,24,11,0.073,0.089,Passing,6,0,6,65.0,18,152,71,9.2,3.64,3.07,0.118,3,0,3,0.667,0.0,1.333,Possessions,6,0,6,65.0,2,4,0.5,5,1.0,2.0,0.5,0.625,PullUpShot,5.0,0.0,5.0,62.0,1.0,0.0,1.0,0.0,5.0,0.2,0.0,0.2,17.9,6.0,0.0,6.0,0.0,8.0,0.75,0.0,0.75,8.1,7.0,0.0,7.0,0.0,13.0,0.538,0.0,0.538,9.5,Rebounding,6,0,6,65.0,25467,4.8,2.5,2.3,4.55,5.04,4.11,SpeedDistance,6,0,6,65.0,152,3,1,2,0.5,0,0,0.0,2,0.667,1,0.333,1,1.0,0,0.0,0,0.0,ElbowTouch,6,0,6,65.0,152,0,0,0,0.0,0,0,0.0,0,0.0,0,0.0,0,0.0,0,0.0,0,0.0,PostTouch,6,0,6,65.0,152,3,2,2,1.0,0,0,0.0,4,1.333,1,0.333,0,0.0,0,0.0,0,0.0,PaintTouch
1628436,Luke Kornet,1610612759,SAS,68,52,16,1430.0,5,2,2,1.0,0,0,0.0,4,0.8,3,0.6,0,0.0,0,0.0,0,0.0,Drives,68,52,16,1430.0,32,65,233,176,324,0.543,Defense,68,52,16,1430.0,4,9,0.444,8,,,,0.444,CatchShoot,68,52,16,1430.0,1418,1028,126,6,13,187,319,145,0.089,0.102,Passing,68,52,16,1430.0,444,1817,1162,43.9,1.45,0.38,0.244,135,7,447,0.319,0.857,0.814,Possessions,68,52,16,1430.0,0,0,,0,,,,,PullUpShot,66.0,51.0,15.0,1399.0,180.0,127.0,54.0,0.706,360.0,0.5,11.0,0.516,4.0,233.0,92.0,141.0,0.395,450.0,0.518,68.0,0.61,5.3,413.0,219.0,195.0,0.53,799.0,0.517,79.0,0.574,4.7,Rebounding,68,52,16,1430.0,557253,105.5,54.7,50.8,4.33,4.52,4.14,SpeedDistance,68,52,16,1430.0,1817,135,15,21,0.714,13,16,0.813,43,0.319,98,0.726,16,0.163,4,0.03,7,0.052,ElbowTouch,68,52,16,1430.0,1817,7,2,4,0.5,2,2,1.0,6,0.857,1,0.143,0,0.0,0,0.0,1,0.143,PostTouch,68,52,16,1430.0,1817,447,155,245,0.633,53,62,0.855,364,0.814,135,0.302,23,0.051,15,0.034,32,0.072,PaintTouch
1628449,Chris Boucher,1610612738,BOS,9,4,5,94.0,1,0,0,0.0,0,0,0.0,0,0.0,1,1.0,0,0.0,0,0.0,0,0.0,Drives,9,4,5,94.0,5,7,16,10,21,0.476,Defense,9,4,5,94.0,2,14,0.143,6,2.0,14.0,0.143,0.214,CatchShoot,9,4,5,94.0,82,63,3,0,1,6,9,4,0.037,0.049,Passing,9,4,5,94.0,21,113,63,3.1,1.66,0.47,0.186,2,0,7,1.0,0.0,1.143,Possessions,9,4,5,94.0,0,2,0.0,0,0.0,1.0,0.0,0.0,PullUpShot,6.0,2.0,4.0,75.0,2.0,1.0,1.0,0.5,12.0,0.167,0.0,0.167,7.2,16.0,6.0,10.0,0.375,28.0,0.571,1.0,0.593,5.0,18.0,7.0,11.0,0.389,38.0,0.474,1.0,0.486,5.2,Rebounding,9,4,5,94.0,33926,6.4,3.2,3.2,4.27,4.29,4.24,SpeedDistance,9,4,5,94.0,113,2,1,1,1.0,0,0,0.0,2,1.0,1,0.5,0,0.0,0,0.0,0,0.0,ElbowTouch,9,4,5,94.0,113,0,0,0,0.0,0,0,0.0,0,0.0,0,0.0,0,0.0,0,0.0,0,0.0,PostTouch,9,4,5,94.0,113,7,4,5,0.8,0,0,0.0,8,1.143,1,0.143,0,0.0,0,0.0,0,0.0,PaintTouch
1628467,Maxi Kleber,1610612747,LAL,43,20,23,461.0,22,10,12,0.833,4,4,1.0,24,1.091,4,0.182,1,0.045,1,0.045,2,0.091,Drives,43,20,23,461.0,18,11,48,59,83,0.711,Defense,43,20,23,461.0,6,29,0.207,18,6.0,26.0,0.231,0.31,CatchShoot,43,20,23,461.0,391,275,27,3,0,46,77,31,0.069,0.079,Passing,43,20,23,461.0,86,508,276,11.4,1.35,0.35,0.169,26,3,64,0.577,0.0,0.469,Possessions,43,20,23,461.0,2,5,0.4,4,0.0,0.0,,0.4,PullUpShot,31.0,15.0,16.0,405.0,36.0,23.0,13.0,0.639,77.0,0.468,2.0,0.48,6.5,48.0,12.0,36.0,0.25,86.0,0.558,8.0,0.615,6.1,84.0,35.0,49.0,0.417,158.0,0.532,10.0,0.568,6.2,Rebounding,43,20,23,461.0,171614,32.5,17.3,15.2,4.0,4.12,3.88,SpeedDistance,43,20,23,461.0,508,26,5,7,0.714,5,12,0.417,15,0.577,10,0.385,2,0.2,0,0.0,6,0.231,ElbowTouch,43,20,23,461.0,508,3,0,1,0.0,0,0,0.0,0,0.0,1,0.333,0,0.0,1,0.333,0,0.0,PostTouch,43,20,23,461.0,508,64,11,24,0.458,8,14,0.571,30,0.469,25,0.391,5,0.078,3,0.047,7,0.109,PaintTouch
1628502,Nigel Hayes-Davis,1610612756,PHX,27,15,12,195.0,20,5,12,0.417,1,2,0.5,11,0.55,5,0.25,0,0.0,1,0.05,1,0.05,Drives,27,15,12,195.0,8,2,21,8,11,0.727,Defense,27,15,12,195.0,3,16,0.188,8,2.0,15.0,0.133,0.25,CatchShoot,27,15,12,195.0,167,135,7,1,0,22,21,8,0.042,0.048,Passing,27,15,12,195.0,34,230,114,8.7,2.28,1.43,0.148,12,3,13,0.333,1.0,0.769,Possessions,27,15,12,195.0,5,14,0.357,10,0.0,1.0,0.0,0.357,PullUpShot,18.0,10.0,8.0,152.0,12.0,5.0,7.0,0.417,25.0,0.48,2.0,0.522,11.1,21.0,2.0,19.0,0.095,29.0,0.724,0.0,0.724,8.1,33.0,7.0,26.0,0.212,53.0,0.623,2.0,0.647,9.2,Rebounding,27,15,12,195.0,71867,13.6,7.2,6.4,4.23,4.51,3.95,SpeedDistance,27,15,12,195.0,230,12,2,8,0.25,0,0,0.0,4,0.333,3,0.25,1,0.333,1,0.083,0,0.0,ElbowTouch,27,15,12,195.0,230,3,1,1,1.0,1,2,0.5,3,1.0,1,0.333,0,0.0,0,0.0,1,0.333,PostTouch,27,15,12,195.0,230,13,5,9,0.556,0,0,0.0,10,0.769,3,0.231,1,0.077,1,0.077,0,0.0,PaintTouch
1628960,Grayson Allen,1610612756,PHX,51,26,25,1467.0,530,78,167,0.467,72,85,0.847,233,0.44,268,0.506,62,0.117,33,0.062,43,0.081,Drives,51,26,25,1467.0,69,13,118,86,119,0.723,Defense,51,26,25,1467.0,92,241,0.382,275,91.0,240.0,0.379,0.571,CatchShoot,51,26,25,1467.0,1829,2104,195,25,20,352,517,236,0.107,0.129,Passing,51,26,25,1467.0,841,2751,1479,158.7,3.46,2.69,0.306,22,0,33,0.5,0.0,0.394,Possessions,51,26,25,1467.0,70,218,0.321,199,59.0,189.0,0.312,0.456,PullUpShot,48.0,23.0,25.0,1389.0,37.0,9.0,28.0,0.243,92.0,0.402,6.0,0.43,15.4,118.0,23.0,94.0,0.195,244.0,0.484,27.0,0.544,8.9,155.0,32.0,122.0,0.206,329.0,0.471,33.0,0.524,10.4,Rebounding,51,26,25,1467.0,576012,109.1,60.3,48.8,4.32,4.79,3.85,SpeedDistance,51,26,25,1467.0,2751,22,4,5,0.8,2,4,0.5,11,0.5,14,0.636,3,0.214,1,0.045,2,0.091,ElbowTouch,51,26,25,1467.0,2751,0,0,0,0.0,0,0,0.0,0,0.0,0,0.0,0,0.0,0,0.0,0,0.0,PostTouch,51,26,25,1467.0,2751,33,5,8,0.625,2,4,0.5,13,0.394,21,0.636,3,0.091,0,0.0,2,0.061,PaintTouch
1628963,Marvin Bagley III,1610612742,DAL,60,16,44,1201.0,113,36,66,0.545,19,30,0.633,95,0.841,19,0.168,3,0.027,9,0.08,15,0.133,Drives,60,16,44,1201.0,28,43,216,145,245,0.592,Defense,60,16,44,1201.0,26,57,0.456,75,23.0,49.0,0.469,0.658,CatchShoot,60,16,44,1201.0,1281,1018,85,6,7,131,227,98,0.066,0.077,Passing,60,16,44,1201.0,627,1834,1088,54.0,1.77,0.65,0.342,147,19,307,0.551,0.526,1.094,Possessions,60,16,44,1201.0,5,10,0.5,11,1.0,3.0,0.333,0.55,PullUpShot,59.0,16.0,43.0,1186.0,150.0,105.0,44.0,0.7,309.0,0.485,3.0,0.49,4.4,216.0,90.0,126.0,0.417,387.0,0.558,40.0,0.622,4.3,366.0,195.0,170.0,0.533,686.0,0.534,43.0,0.569,4.3,Rebounding,60,16,44,1201.0,491391,93.1,48.8,44.2,4.52,4.73,4.31,SpeedDistance,60,16,44,1201.0,1834,147,31,53,0.585,18,28,0.643,81,0.551,66,0.449,11,0.167,10,0.068,13,0.088,ElbowTouch,60,16,44,1201.0,1834,19,5,13,0.385,0,0,0.0,10,0.526,5,0.263,1,0.053,0,0.0,0,0.0,PostTouch,60,16,44,1201.0,1834,307,147,208,0.707,38,62,0.613,336,1.094,44,0.143,5,0.016,17,0.055,30,0.098,PaintTouch
1628964,Mo Bamba,1610612762,UTA,4,3,1,44.0,0,0,0,0.0,0,0,0.0,0,0.0,0,0.0,0,0.0,0,0.0,0,0.0,Drives,4,3,1,44.0,0,3,12,3,11,0.273,Defense,4,3,1,44.0,1,1,1.0,2,,,,1.0,CatchShoot,4,3,1,44.0,47,21,1,1,1,3,5,3,0.021,0.064,Passing,4,3,1,44.0,10,63,34,1.6,1.56,0.35,0.159,3,0,16,1.333,0.0,0.5,Possessions,4,3,1,44.0,0,0,,0,,,,,PullUpShot,3.0,2.0,1.0,40.0,10.0,6.0,4.0,0.6,9.0,1.111,1.0,1.25,4.5,12.0,5.0,7.0,0.417,15.0,0.8,3.0,1.0,6.1,22.0,11.0,11.0,0.5,24.0,0.917,4.0,1.1,5.4,Rebounding,4,3,1,44.0,16797,3.2,1.7,1.5,4.12,4.3,3.93,SpeedDistance,4,3,1,44.0,63,3,2,2,1.0,0,0,0.0,4,1.333,0,0.0,0,0.0,1,0.333,0,0.0,ElbowTouch,4,3,1,44.0,63,0,0,0,0.0,0,0,0.0,0,0.0,0,0.0,0,0.0,0,0.0,0,0.0,PostTouch,4,3,1,44.0,63,16,4,9,0.444,0,0,0.0,8,0.5,4,0.25,0,0.0,1,0.063,0,0.0,PaintTouch
1628969,Mikal Bridges,1610612752,NYK,82,53,29,2692.0,440,93,187,0.497,19,26,0.731,209,0.475,211,0.48,48,0.109,19,0.043,13,0.03,Drives,82,53,29,2692.0,107,62,233,149,225,0.662,Defense,82,53,29,2692.0,164,423,0.388,474,146.0,389.0,0.375,0.56,CatchShoot,82,53,29,2692.0,3314,3243,304,18,50,491,815,371,0.092,0.112,Passing,82,53,29,2692.0,1181,4510,2414,190.5,2.53,1.85,0.262,104,18,189,0.827,0.556,0.931,Possessions,82,53,29,2692.0,123,269,0.457,256,10.0,31.0,0.323,0.476,PullUpShot,76.0,50.0,26.0,2548.0,79.0,34.0,45.0,0.43,139.0,0.568,5.0,0.59,10.8,233.0,47.0,185.0,0.202,425.0,0.548,41.0,0.607,7.9,312.0,81.0,230.0,0.26,558.0,0.559,46.0,0.609,8.6,Rebounding,82,53,29,2692.0,1115497,211.3,116.3,94.9,4.57,4.92,4.2,SpeedDistance,82,53,29,2692.0,4510,104,38,54,0.704,10,10,1.0,86,0.827,39,0.375,9,0.231,4,0.038,4,0.038,ElbowTouch,82,53,29,2692.0,4510,18,4,14,0.286,2,2,1.0,10,0.556,3,0.167,0,0.0,0,0.0,1,0.056,PostTouch,82,53,29,2692.0,4510,189,79,112,0.705,18,18,1.0,176,0.931,56,0.296,10,0.053,5,0.026,9,0.048,PaintTouch
1628970,Miles Bridges,1610612766,CHA,77,42,35,2387.0,600,172,355,0.485,91,118,0.771,438,0.73,143,0.238,34,0.057,31,0.052,60,0.1,Drives,77,42,35,2387.0,46,34,375,136,203,0.67,Defense,77,42,35,2387.0,120,324,0.37,357,117.0,316.0,0.37,0.551,CatchShoot,77,42,35,2387.0,2617,2828,246,12,34,443,678,292,0.094,0.112,Passing,77,42,35,2387.0,1314,3983,2288,176.3,2.66,1.97,0.33,59,69,162,0.661,0.739,1.136,Possessions,77,42,35,2387.0,48,176,0.273,125,29.0,121.0,0.24,0.355,PullUpShot,77.0,42.0,35.0,2387.0,75.0,30.0,45.0,0.4,181.0,0.414,2.0,0.419,11.0,375.0,86.0,289.0,0.229,594.0,0.631,50.0,0.689,5.9,450.0,116.0,334.0,0.258,742.0,0.606,52.0,0.652,6.7,Rebounding,77,42,35,2387.0,895543,169.6,92.8,76.8,4.16,4.42,3.88,SpeedDistance,77,42,35,2387.0,3983,59,15,22,0.682,6,6,1.0,39,0.661,23,0.39,2,0.087,8,0.136,4,0.068,ElbowTouch,77,42,35,2387.0,3983,69,23,42,0.548,3,4,0.75,51,0.739,22,0.319,6,0.087,3,0.043,2,0.029,PostTouch,77,42,35,2387.0,3983,162,77,100,0.77,25,30,0.833,184,1.136,40,0.247,4,0.025,3,0.019,15,0.093,PaintTouch
1628971,Bruce Brown,1610612743,DEN,82,54,28,1998.0,250,53,124,0.427,22,26,0.846,130,0.52,94,0.376,31,0.124,14,0.056,13,0.052,Drives,82,54,28,1998.0,85,20,233,110,141,0.78,Defense,82,54,28,1998.0,56,144,0.389,166,54.0,138.0,0.391,0.576,CatchShoot,82,54,28,1998.0,2279,2123,174,23,24,296,460,220,0.076,0.097,Passing,82,54,28,1998.0,649,3034,1351,178.5,3.53,2.92,0.214,65,0,190,0.723,0.0,0.763,Possessions,82,54,28,1998.0,22,70,0.314,47,3.0,8.0,0.375,0.336,PullUpShot,80.0,53.0,27.0,1960.0,85.0,30.0,55.0,0.353,211.0,0.403,11.0,0.425,9.0,233.0,34.0,198.0,0.146,370.0,0.63,34.0,0.693,7.3,318.0,64.0,253.0,0.201,563.0,0.565,45.0,0.614,7.7,Rebounding,82,54,28,1998.0,742080,140.5,75.3,65.2,4.04,4.25,3.83,SpeedDistance,82,54,28,1998.0,3034,65,18,36,0.5,8,10,0.8,47,0.723,20,0.308,6,0.3,3,0.046,6,0.092,ElbowTouch,82,54,28,1998.0,3034,0,0,0,0.0,0,0,0.0,0,0.0,0,0.0,0,0.0,0,0.0,0,0.0,PostTouch,82,54,28,1998.0,3034,190,60,110,0.545,20,26,0.769,145,0.763,50,0.263,11,0.058,12,0.063,14,0.074,PaintTouch
1628973,Jalen Brunson,1610612752,NYK,74,50,24,2590.0,1093,321,613,0.524,120,150,0.8,790,0.723,332,0.304,71,0.065,47,0.043,77,0.07,Drives,74,50,24,2590.0,57,8,216,137,176,0.778,Defense,74,50,24,2590.0,93,229,0.406,276,90.0,221.0,0.407,0.603,CatchShoot,74,50,24,2590.0,4705,5344,503,36,91,867,1291,630,0.107,0.134,Passing,74,50,24,2590.0,1927,6755,2568,592.3,5.26,4.88,0.285,29,46,34,0.552,0.674,0.471,Possessions,74,50,24,2590.0,354,807,0.439,813,105.0,306.0,0.343,0.504,PullUpShot,70.0,48.0,22.0,2494.0,31.0,6.0,25.0,0.194,96.0,0.323,7.0,0.348,16.5,216.0,36.0,180.0,0.167,384.0,0.563,42.0,0.632,8.7,247.0,42.0,205.0,0.17,479.0,0.516,49.0,0.574,9.7,Rebounding,74,50,24,2590.0,1006859,190.7,109.1,81.6,4.27,4.72,3.78,SpeedDistance,74,50,24,2590.0,6755,29,8,10,0.8,0,0,0.0,16,0.552,15,0.517,6,0.4,3,0.103,0,0.0,ElbowTouch,74,50,24,2590.0,6755,46,13,28,0.464,5,6,0.833,31,0.674,12,0.261,1,0.022,2,0.043,3,0.065,PostTouch,74,50,24,2590.0,6755,34,8,15,0.533,0,0,0.0,16,0.471,15,0.441,5,0.147,3,0.088,0,0.0,PaintTouch
1628975,Jevon Carter,1610612753,ORL,53,26,27,867.0,132,16,42,0.381,6,8,0.75,38,0.288,74,0.561,18,0.136,9,0.068,4,0.03,Drives,53,26,27,867.0,40,10,75,41,57,0.719,Defense,53,26,27,867.0,50,139,0.36,149,49.0,136.0,0.36,0.536,CatchShoot,53,26,27,867.0,1248,1245,87,10,14,154,214,107,0.07,0.086,Passing,53,26,27,867.0,339,1661,750,95.8,3.46,3.02,0.204,5,0,12,0.4,0.0,0.417,Possessions,53,26,27,867.0,56,132,0.424,138,26.0,74.0,0.351,0.523,PullUpShot,38.0,18.0,20.0,731.0,14.0,1.0,13.0,0.071,24.0,0.583,2.0,0.636,18.0,75.0,10.0,65.0,0.133,114.0,0.658,5.0,0.688,11.7,89.0,11.0,78.0,0.124,138.0,0.645,7.0,0.679,12.7,Rebounding,53,26,27,867.0,355255,67.3,35.0,32.3,4.43,4.64,4.23,SpeedDistance,53,26,27,867.0,1661,5,0,0,0.0,2,2,1.0,2,0.4,3,0.6,1,0.333,1,0.2,1,0.2,ElbowTouch,53,26,27,867.0,1661,0,0,0,0.0,0,0,0.0,0,0.0,0,0.0,0,0.0,0,0.0,0,0.0,PostTouch,53,26,27,867.0,1661,12,2,4,0.5,0,0,0.0,5,0.417,7,0.583,1,0.083,0,0.0,0,0.0,PaintTouch
1628976,Wendell Carter Jr.,1610612753,ORL,78,43,35,2288.0,91,32,52,0.615,17,20,0.85,84,0.923,20,0.22,4,0.044,6,0.066,10,0.11,Drives,78,43,35,2288.0,60,49,415,200,327,0.612,Defense,78,43,35,2288.0,102,282,0.362,276,72.0,222.0,0.324,0.489,CatchShoot,78,43,35,2288.0,2117,1941,154,4,16,228,384,173,0.073,0.082,Passing,78,43,35,2288.0,922,3035,2029,74.9,1.48,0.45,0.304,241,28,426,0.469,0.536,0.904,Possessions,78,43,35,2288.0,12,37,0.324,24,0.0,3.0,0.0,0.324,PullUpShot,78.0,43.0,35.0,2288.0,162.0,121.0,40.0,0.747,440.0,0.368,9.0,0.376,4.5,415.0,150.0,263.0,0.361,751.0,0.553,95.0,0.633,5.2,577.0,271.0,303.0,0.47,1163.0,0.496,104.0,0.545,5.0,Rebounding,78,43,35,2288.0,844154,159.9,84.2,75.6,4.06,4.28,3.83,SpeedDistance,78,43,35,2288.0,3035,241,40,78,0.513,31,36,0.861,113,0.469,131,0.544,27,0.206,7,0.029,17,0.071,ElbowTouch,78,43,35,2288.0,3035,28,6,15,0.4,3,4,0.75,15,0.536,8,0.286,0,0.0,2,0.071,2,0.071,PostTouch,78,43,35,2288.0,3035,426,141,211,0.668,93,119,0.782,385,0.904,112,0.263,13,0.031,24,0.056,56,0.131,PaintTouch
1628978,Donte DiVincenzo,1610612750,MIN,82,49,33,2494.0,287,40,100,0.4,21,28,0.75,104,0.362,144,0.502,32,0.111,22,0.077,14,0.049,Drives,82,49,33,2494.0,104,34,269,146,230,0.635,Defense,82,49,33,2494.0,191,498,0.384,572,190.0,496.0,0.383,0.574,CatchShoot,82,49,33,2494.0,3375,3077,313,35,49,477,783,396,0.093,0.117,Passing,82,49,33,2494.0,1000,4475,2570,154.4,2.07,1.41,0.223,19,0,55,0.421,0.0,0.455,Possessions,82,49,33,2494.0,64,175,0.366,176,48.0,139.0,0.345,0.503,PullUpShot,78.0,48.0,30.0,2389.0,67.0,30.0,37.0,0.448,140.0,0.479,8.0,0.508,11.8,264.0,49.0,214.0,0.186,435.0,0.607,39.0,0.667,8.6,331.0,79.0,251.0,0.239,567.0,0.584,47.0,0.637,9.3,Rebounding,82,49,33,2494.0,975795,184.8,97.9,86.9,4.34,4.64,4.05,SpeedDistance,82,49,33,2494.0,4475,19,4,4,1.0,0,0,0.0,8,0.421,14,0.737,1,0.071,1,0.053,0,0.0,ElbowTouch,82,49,33,2494.0,4475,0,0,0,0.0,0,0,0.0,0,0.0,0,0.0,0,0.0,0,0.0,0,0.0,PostTouch,82,49,33,2494.0,4475,55,11,18,0.611,3,4,0.75,25,0.455,31,0.564,8,0.145,4,0.073,2,0.036,PaintTouch
1628983,Shai Gilgeous-Alexander,1610612760,OKC,68,56,12,2259.0,1276,349,590,0.592,220,250,0.88,954,0.748,483,0.379,135,0.106,46,0.036,127,0.1,Drives,68,56,12,2259.0,95,52,254,104,177,0.588,Defense,68,56,12,2259.0,34,74,0.459,90,22.0,56.0,0.393,0.608,CatchShoot,68,56,12,2259.0,2621,3885,448,31,61,881,1187,541,0.171,0.206,Passing,68,56,12,2259.0,2117,4531,1593,428.5,5.67,5.51,0.467,73,82,67,0.712,0.683,0.881,Possessions,68,56,12,2259.0,378,756,0.5,849,93.0,242.0,0.384,0.562,PullUpShot,67.0,56.0,11.0,2223.0,38.0,10.0,27.0,0.263,125.0,0.304,6.0,0.319,13.3,254.0,63.0,191.0,0.248,409.0,0.621,36.0,0.681,8.8,292.0,73.0,218.0,0.25,522.0,0.559,42.0,0.608,9.3,Rebounding,68,56,12,2259.0,825959,156.4,84.1,72.3,4.05,4.49,3.63,SpeedDistance,68,56,12,2259.0,4531,73,23,37,0.622,6,8,0.75,52,0.712,29,0.397,9,0.31,2,0.027,4,0.055,ElbowTouch,68,56,12,2259.0,4531,82,23,45,0.511,9,12,0.75,56,0.683,29,0.354,4,0.049,2,0.024,6,0.073,PostTouch,68,56,12,2259.0,4531,67,28,43,0.651,3,4,0.75,59,0.881,20,0.299,6,0.09,1,0.015,2,0.03,PaintTouch
1628988,Aaron Holiday,1610612745,HOU,57,38,19,781.0,141,30,58,0.517,12,14,0.857,77,0.546,66,0.468,15,0.106,5,0.035,7,0.05,Drives,57,38,19,781.0,27,5,45,37,48,0.771,Defense,57,38,19,781.0,62,147,0.422,185,61.0,145.0,0.421,0.629,CatchShoot,57,38,19,781.0,811,902,60,8,13,119,165,81,0.074,0.1,Passing,57,38,19,781.0,312,1155,542,76.6,3.98,3.65,0.27,4,0,3,0.5,0.0,0.0,Possessions,57,38,19,781.0,13,54,0.241,32,6.0,25.0,0.24,0.296,PullUpShot,35.0,23.0,12.0,569.0,13.0,3.0,10.0,0.231,30.0,0.433,0.0,0.433,16.1,45.0,11.0,34.0,0.244,73.0,0.616,4.0,0.652,9.7,58.0,14.0,44.0,0.241,102.0,0.569,4.0,0.592,11.2,Rebounding,57,38,19,781.0,287377,54.4,28.9,25.5,4.05,4.14,3.94,SpeedDistance,57,38,19,781.0,1155,4,1,3,0.333,0,0,0.0,2,0.5,1,0.25,1,1.0,0,0.0,0,0.0,ElbowTouch,57,38,19,781.0,1155,0,0,0,0.0,0,0,0.0,0,0.0,0,0.0,0,0.0,0,0.0,0,0.0,PostTouch,57,38,19,781.0,1155,3,0,2,0.0,0,0,0.0,0,0.0,1,0.333,0,0.0,0,0.0,0,0.0,PaintTouch
1628989,Kevin Huerter,1610612765,DET,69,40,29,1549.0,256,57,111,0.514,27,32,0.844,142,0.555,104,0.406,25,0.098,14,0.055,16,0.063,Drives,69,40,29,1549.0,63,33,206,103,147,0.701,Defense,69,40,29,1549.0,81,267,0.303,242,80.0,265.0,0.302,0.453,CatchShoot,69,40,29,1549.0,1835,1715,178,20,28,298,451,226,0.097,0.123,Passing,69,40,29,1549.0,693,2590,1631,91.2,2.11,1.31,0.268,35,0,103,1.029,0.0,1.078,Possessions,69,40,29,1549.0,32,98,0.327,81,17.0,56.0,0.304,0.413,PullUpShot,62.0,35.0,27.0,1465.0,34.0,15.0,19.0,0.441,103.0,0.33,2.0,0.337,9.3,206.0,42.0,161.0,0.204,321.0,0.642,27.0,0.701,7.1,240.0,57.0,180.0,0.238,408.0,0.588,29.0,0.633,7.4,Rebounding,69,40,29,1549.0,633711,120.0,65.7,54.3,4.54,5.04,4.06,SpeedDistance,69,40,29,1549.0,2590,35,18,24,0.75,0,0,0.0,36,1.029,10,0.286,2,0.2,0,0.0,0,0.0,ElbowTouch,69,40,29,1549.0,2590,0,0,0,0.0,0,0,0.0,0,0.0,0,0.0,0,0.0,0,0.0,0,0.0,PostTouch,69,40,29,1549.0,2590,103,52,77,0.675,6,10,0.6,111,1.078,18,0.175,3,0.029,0,0.0,5,0.049,PaintTouch
1628991,Jaren Jackson Jr.,1610612762,UTA,48,19,29,1455.0,372,136,252,0.54,61,79,0.772,350,0.941,42,0.113,8,0.022,29,0.078,41,0.11,Drives,48,19,29,1455.0,53,69,230,138,253,0.545,Defense,48,19,29,1455.0,85,220,0.386,248,78.0,207.0,0.377,0.564,CatchShoot,48,19,29,1455.0,1396,1662,94,10,16,196,258,120,0.067,0.086,Passing,48,19,29,1455.0,931,2340,1463,91.0,2.33,1.49,0.398,44,152,124,0.614,0.645,0.887,Possessions,48,19,29,1455.0,55,143,0.385,116,6.0,27.0,0.222,0.406,PullUpShot,48.0,19.0,29.0,1455.0,42.0,26.0,15.0,0.619,124.0,0.339,2.0,0.344,7.0,230.0,86.0,143.0,0.374,430.0,0.535,50.0,0.605,5.6,272.0,112.0,158.0,0.412,543.0,0.501,52.0,0.554,5.8,Rebounding,48,19,29,1455.0,531837,100.7,52.9,47.8,4.09,4.39,3.8,SpeedDistance,48,19,29,1455.0,2340,44,7,21,0.333,12,14,0.857,27,0.614,11,0.25,2,0.182,0,0.0,5,0.114,ElbowTouch,48,19,29,1455.0,2340,152,43,81,0.531,10,14,0.714,98,0.645,47,0.309,8,0.053,9,0.059,7,0.046,PostTouch,48,19,29,1455.0,2340,124,43,84,0.512,23,24,0.958,110,0.887,13,0.105,3,0.024,3,0.024,11,0.089,PaintTouch
1628997,Caleb Martin,1610612742,DAL,58,20,38,856.0,159,23,57,0.404,15,29,0.517,63,0.396,67,0.421,19,0.119,14,0.088,15,0.094,Drives,58,20,38,856.0,40,15,115,66,100,0.66,Defense,58,20,38,856.0,23,64,0.359,65,19.0,49.0,0.388,0.508,CatchShoot,58,20,38,856.0,745,641,81,11,9,143,220,101,0.109,0.136,Passing,58,20,38,856.0,227,1040,444,54.4,3.14,2.45,0.218,16,1,31,0.188,0.0,0.323,Possessions,58,20,38,856.0,8,31,0.258,17,1.0,5.0,0.2,0.274,PullUpShot,50.0,17.0,33.0,791.0,28.0,7.0,21.0,0.25,59.0,0.475,3.0,0.5,8.1,115.0,22.0,93.0,0.191,194.0,0.593,25.0,0.68,7.9,143.0,29.0,114.0,0.203,249.0,0.574,28.0,0.647,7.9,Rebounding,58,20,38,856.0,359414,68.1,36.1,31.9,4.55,4.91,4.19,SpeedDistance,58,20,38,856.0,1040,16,1,4,0.25,0,1,0.0,3,0.188,10,0.625,1,0.1,1,0.063,1,0.063,ElbowTouch,58,20,38,856.0,1040,1,0,1,0.0,0,0,0.0,0,0.0,0,0.0,0,0.0,0,0.0,0,0.0,PostTouch,58,20,38,856.0,1040,31,5,8,0.625,0,0,0.0,10,0.323,19,0.613,2,0.065,3,0.097,0,0.0,PaintTouch
1628998,Cody Martin,1610612754,IND,4,0,4,55.0,7,0,1,0.0,2,4,0.5,2,0.286,3,0.429,0,0.0,1,0.143,2,0.286,Drives,4,0,4,55.0,4,2,13,6,9,0.667,Defense,4,0,4,55.0,0,4,0.0,0,0.0,4.0,0.0,0.0,CatchShoot,4,0,4,55.0,57,43,2,1,1,7,7,4,0.035,0.07,Passing,4,0,4,55.0,7,73,33,2.9,2.37,1.88,0.096,1,0,2,0.0,0.0,0.0,Possessions,4,0,4,55.0,0,2,0.0,0,0.0,1.0,0.0,0.0,PullUpShot,4.0,0.0,4.0,55.0,1.0,1.0,0.0,1.0,8.0,0.125,1.0,0.143,4.3,13.0,4.0,9.0,0.308,25.0,0.52,2.0,0.565,6.5,14.0,5.0,9.0,0.357,33.0,0.424,3.0,0.467,6.4,Rebounding,4,0,4,55.0,21586,4.1,2.1,2.0,4.67,5.2,4.21,SpeedDistance,4,0,4,55.0,73,1,0,0,0.0,0,0,0.0,0,0.0,1,1.0,0,0.0,0,0.0,0,0.0,ElbowTouch,4,0,4,55.0,73,0,0,0,0.0,0,0,0.0,0,0.0,0,0.0,0,0.0,0,0.0,0,0.0,PostTouch,4,0,4,55.0,73,2,0,1,0.0,0,0,0.0,0,0.0,1,0.5,1,0.5,0,0.0,0,0.0,PaintTouch
1629001,De'Anthony Melton,1610612744,GSW,49,22,27,1125.0,397,87,174,0.5,51,58,0.879,232,0.584,154,0.388,31,0.078,28,0.071,29,0.073,Drives,49,22,27,1125.0,77,20,119,88,124,0.71,Defense,49,22,27,1125.0,61,174,0.351,181,59.0,171.0,0.345,0.52,CatchShoot,49,22,27,1125.0,1723,1830,125,14,31,263,335,170,0.073,0.099,Passing,49,22,27,1125.0,602,2488,1096,159.1,3.84,3.39,0.242,44,4,78,0.227,1.5,0.564,Possessions,49,22,27,1125.0,26,105,0.248,63,11.0,67.0,0.164,0.3,PullUpShot,45.0,20.0,25.0,1053.0,39.0,21.0,16.0,0.538,117.0,0.333,1.0,0.336,8.3,119.0,24.0,92.0,0.202,208.0,0.572,18.0,0.626,7.6,158.0,45.0,108.0,0.285,311.0,0.508,19.0,0.541,7.8,Rebounding,49,22,27,1125.0,469566,88.9,49.3,39.6,4.43,4.84,4.0,SpeedDistance,49,22,27,1125.0,2488,44,5,10,0.5,0,0,0.0,10,0.227,29,0.659,6,0.207,3,0.068,0,0.0,ElbowTouch,49,22,27,1125.0,2488,4,3,3,1.0,0,0,0.0,6,1.5,0,0.0,0,0.0,1,0.25,0,0.0,PostTouch,49,22,27,1125.0,2488,78,20,39,0.513,4,4,1.0,44,0.564,28,0.359,9,0.115,7,0.09,2,0.026,PaintTouch
1629004,Svi Mykhailiuk,1610612762,UTA,50,14,36,1156.0,133,22,45,0.489,10,10,1.0,54,0.406,70,0.526,20,0.15,7,0.053,5,0.038,Drives,50,14,36,1156.0,26,3,88,55,76,0.724,Defense,50,14,36,1156.0,68,159,0.428,204,68.0,156.0,0.436,0.642,CatchShoot,50,14,36,1156.0,1006,998,93,10,13,182,244,115,0.092,0.114,Passing,50,14,36,1156.0,469,1441,806,51.9,2.16,1.38,0.325,13,0,39,0.462,0.0,0.897,Possessions,50,14,36,1156.0,42,102,0.412,114,30.0,82.0,0.366,0.559,PullUpShot,48.0,13.0,35.0,1116.0,36.0,16.0,20.0,0.444,73.0,0.493,4.0,0.522,11.0,88.0,26.0,62.0,0.295,140.0,0.629,15.0,0.704,9.2,124.0,42.0,82.0,0.339,208.0,0.596,19.0,0.656,9.7,Rebounding,50,14,36,1156.0,457499,86.6,46.2,40.4,4.49,4.71,4.26,SpeedDistance,50,14,36,1156.0,1441,13,2,2,1.0,2,2,1.0,6,0.462,10,0.769,2,0.2,0,0.0,1,0.077,ElbowTouch,50,14,36,1156.0,1441,0,0,0,0.0,0,0,0.0,0,0.0,0,0.0,0,0.0,0,0.0,0,0.0,PostTouch,50,14,36,1156.0,1441,39,17,24,0.708,0,0,0.0,35,0.897,15,0.385,4,0.103,0,0.0,0,0.0,PaintTouch
1629006,Josh Okogie,1610612745,HOU,78,49,29,1354.0,105,12,33,0.364,11,18,0.611,35,0.333,54,0.514,16,0.152,6,0.057,9,0.086,Drives,78,49,29,1354.0,63,16,119,73,108,0.676,Defense,78,49,29,1354.0,58,156,0.372,173,57.0,152.0,0.375,0.554,CatchShoot,78,49,29,1354.0,990,792,69,5,13,128,168,87,0.07,0.088,Passing,78,49,29,1354.0,353,1396,772,44.0,1.89,1.06,0.253,42,1,107,0.19,0.0,0.486,Possessions,78,49,29,1354.0,5,10,0.5,12,2.0,3.0,0.667,0.6,PullUpShot,61.0,39.0,22.0,1174.0,79.0,41.0,38.0,0.519,174.0,0.454,11.0,0.485,8.5,117.0,35.0,83.0,0.299,208.0,0.563,18.0,0.616,8.6,196.0,76.0,121.0,0.388,369.0,0.531,29.0,0.576,8.6,Rebounding,78,49,29,1354.0,516031,97.7,49.4,48.3,4.21,4.11,4.32,SpeedDistance,78,49,29,1354.0,1396,42,1,4,0.25,6,8,0.75,8,0.19,33,0.786,3,0.091,1,0.024,4,0.095,ElbowTouch,78,49,29,1354.0,1396,1,0,0,0.0,0,0,0.0,0,0.0,1,1.0,1,1.0,0,0.0,0,0.0,PostTouch,78,49,29,1354.0,1396,107,20,42,0.476,12,16,0.75,52,0.486,47,0.439,10,0.093,7,0.065,8,0.075,PaintTouch
1629008,Michael Porter Jr.,1610612751,BKN,52,14,38,1689.0,280,72,143,0.503,43,49,0.878,193,0.689,79,0.282,29,0.104,23,0.082,25,0.089,Drives,52,14,38,1689.0,55,13,298,132,180,0.733,Defense,52,14,38,1689.0,136,361,0.377,395,123.0,325.0,0.378,0.547,CatchShoot,52,14,38,1689.0,1832,2096,158,12,17,259,386,186,0.086,0.102,Passing,52,14,38,1689.0,1259,3063,1921,109.0,2.14,1.16,0.411,59,18,184,1.102,0.667,1.201,Possessions,52,14,38,1689.0,99,283,0.35,248,50.0,151.0,0.331,0.438,PullUpShot,51.0,14.0,37.0,1656.0,69.0,33.0,36.0,0.478,178.0,0.388,7.0,0.404,8.0,298.0,76.0,222.0,0.255,461.0,0.646,36.0,0.701,5.4,367.0,109.0,258.0,0.297,619.0,0.593,43.0,0.637,5.9,Rebounding,52,14,38,1689.0,633348,120.0,64.9,55.0,4.17,4.41,3.91,SpeedDistance,52,14,38,1689.0,3063,59,24,35,0.686,14,16,0.875,65,1.102,7,0.119,1,0.143,5,0.085,7,0.119,ElbowTouch,52,14,38,1689.0,3063,18,5,7,0.714,2,2,1.0,12,0.667,8,0.444,0,0.0,2,0.111,1,0.056,PostTouch,52,14,38,1689.0,3063,184,89,124,0.718,30,34,0.882,221,1.201,19,0.103,4,0.022,14,0.076,16,0.087,PaintTouch
1629011,Mitchell Robinson,1610612752,NYK,60,40,20,1175.0,5,2,3,0.667,0,0,0.0,4,0.8,0,0.0,0,0.0,2,0.4,0,0.0,Drives,60,40,20,1175.0,56,70,273,103,178,0.579,Defense,60,40,20,1175.0,0,0,,0,,,,,CatchShoot,60,40,20,1175.0,884,543,52,5,9,75,142,67,0.059,0.076,Passing,60,40,20,1175.0,340,1186,763,28.8,1.46,0.41,0.287,45,1,365,0.311,0.0,0.841,Possessions,60,40,20,1175.0,0,0,,0,,,,,PullUpShot,60.0,40.0,20.0,1175.0,252.0,191.0,60.0,0.758,412.0,0.612,8.0,0.624,4.5,273.0,127.0,146.0,0.465,421.0,0.648,30.0,0.698,5.0,525.0,318.0,206.0,0.606,816.0,0.643,38.0,0.675,4.8,Rebounding,60,40,20,1175.0,445664,84.4,43.9,40.6,4.14,4.19,4.09,SpeedDistance,60,40,20,1175.0,1186,45,6,10,0.6,2,2,1.0,14,0.311,32,0.711,3,0.094,0,0.0,1,0.022,ElbowTouch,60,40,20,1175.0,1186,1,0,0,0.0,0,0,0.0,0,0.0,0,0.0,0,0.0,1,1.0,0,0.0,PostTouch,60,40,20,1175.0,1186,365,144,198,0.727,15,42,0.357,307,0.841,106,0.29,21,0.058,22,0.06,21,0.058,PaintTouch
1629012,Collin Sexton,1610612741,CHI,68,25,43,1613.0,644,136,263,0.517,103,118,0.873,396,0.615,240,0.373,59,0.092,54,0.084,61,0.095,Drives,68,25,43,1613.0,76,10,114,71,113,0.628,Defense,68,25,43,1613.0,80,183,0.437,237,77.0,173.0,0.445,0.648,CatchShoot,68,25,43,1613.0,2131,2759,223,26,27,410,573,277,0.105,0.13,Passing,68,25,43,1613.0,1050,3260,1505,239.0,4.4,4.18,0.322,40,2,67,0.6,0.0,0.687,Possessions,68,25,43,1613.0,71,196,0.362,176,34.0,100.0,0.34,0.449,PullUpShot,56.0,20.0,36.0,1349.0,41.0,18.0,23.0,0.439,122.0,0.336,5.0,0.35,9.9,114.0,20.0,93.0,0.175,213.0,0.535,18.0,0.585,10.7,155.0,38.0,116.0,0.245,328.0,0.473,23.0,0.508,10.5,Rebounding,68,25,43,1613.0,644182,122.0,66.0,56.0,4.38,4.73,4.03,SpeedDistance,68,25,43,1613.0,3260,40,8,19,0.421,9,12,0.75,24,0.6,10,0.25,1,0.1,2,0.05,5,0.125,ElbowTouch,68,25,43,1613.0,3260,2,0,1,0.0,1,2,0.5,0,0.0,0,0.0,0,0.0,0,0.0,1,0.5,PostTouch,68,25,43,1613.0,3260,67,19,34,0.559,7,8,0.875,46,0.687,23,0.343,1,0.015,2,0.03,2,0.03,PaintTouch
1629013,Landry Shamet,1610612752,NYK,51,35,16,1171.0,122,23,51,0.451,10,18,0.556,58,0.475,53,0.434,9,0.074,6,0.049,9,0.074,Drives,51,35,16,1171.0,31,9,69,44,68,0.647,Defense,51,35,16,1171.0,83,197,0.421,246,80.0,193.0,0.415,0.624,CatchShoot,51,35,16,1171.0,983,1097,72,2,8,131,192,83,0.073,0.084,Passing,51,35,16,1171.0,475,1442,881,54.2,2.25,1.72,0.329,14,1,41,0.929,0.0,0.829,Possessions,51,35,16,1171.0,32,96,0.333,86,22.0,69.0,0.319,0.448,PullUpShot,45.0,31.0,14.0,1058.0,23.0,7.0,16.0,0.304,55.0,0.418,4.0,0.451,11.4,69.0,9.0,60.0,0.13,149.0,0.463,18.0,0.527,11.2,92.0,16.0,76.0,0.174,197.0,0.467,22.0,0.526,11.3,Rebounding,51,35,16,1171.0,497779,94.3,52.6,41.7,4.63,5.02,4.22,SpeedDistance,51,35,16,1171.0,1442,14,5,8,0.625,2,2,1.0,13,0.929,5,0.357,1,0.2,0,0.0,0,0.0,ElbowTouch,51,35,16,1171.0,1442,1,0,1,0.0,0,0,0.0,0,0.0,0,0.0,0,0.0,0,0.0,0,0.0,PostTouch,51,35,16,1171.0,1442,41,15,20,0.75,2,2,1.0,34,0.829,18,0.439,4,0.098,2,0.049,0,0.0,PaintTouch
1629014,Anfernee Simons,1610612741,CHI,55,31,24,1372.0,272,93,173,0.538,19,20,0.95,212,0.779,71,0.261,15,0.055,11,0.04,10,0.037,Drives,55,31,24,1372.0,27,8,104,79,103,0.767,Defense,55,31,24,1372.0,85,199,0.427,255,85.0,198.0,0.429,0.641,CatchShoot,55,31,24,1372.0,1631,2015,134,6,28,256,355,168,0.082,0.103,Passing,55,31,24,1372.0,785,2456,1218,175.0,4.28,3.77,0.32,12,0,22,0.917,0.0,0.591,Possessions,55,31,24,1372.0,125,317,0.394,311,61.0,181.0,0.337,0.491,PullUpShot,49.0,27.0,22.0,1235.0,31.0,8.0,23.0,0.258,65.0,0.477,1.0,0.484,13.4,104.0,23.0,81.0,0.221,186.0,0.559,16.0,0.612,9.2,135.0,31.0,104.0,0.23,248.0,0.544,17.0,0.584,10.1,Rebounding,55,31,24,1372.0,542697,102.8,55.8,46.9,4.4,4.56,4.22,SpeedDistance,55,31,24,1372.0,2456,12,5,5,1.0,0,0,0.0,11,0.917,7,0.583,2,0.286,0,0.0,0,0.0,ElbowTouch,55,31,24,1372.0,2456,0,0,0,0.0,0,0,0.0,0,0.0,0,0.0,0,0.0,0,0.0,0,0.0,PostTouch,55,31,24,1372.0,2456,22,6,8,0.75,0,0,0.0,13,0.591,13,0.591,0,0.0,1,0.045,0,0.0,PaintTouch
1629018,Gary Trent Jr.,1610612749,MIL,65,24,41,1377.0,93,24,62,0.387,4,8,0.5,54,0.581,21,0.226,6,0.065,6,0.065,4,0.043,Drives,65,24,41,1377.0,34,3,59,37,45,0.822,Defense,65,24,41,1377.0,97,252,0.385,291,97.0,251.0,0.386,0.577,CatchShoot,65,24,41,1377.0,763,1121,79,2,12,112,195,93,0.104,0.122,Passing,65,24,41,1377.0,529,1333,1043,47.0,2.12,1.63,0.397,4,0,5,0.5,0.0,1.2,Possessions,65,24,41,1377.0,59,161,0.366,144,26.0,91.0,0.286,0.447,PullUpShot,40.0,20.0,20.0,948.0,8.0,0.0,8.0,0.0,21.0,0.381,0.0,0.381,20.2,59.0,9.0,50.0,0.153,87.0,0.678,2.0,0.694,9.7,67.0,9.0,58.0,0.134,107.0,0.626,2.0,0.638,11.0,Rebounding,65,24,41,1377.0,488261,92.5,47.5,45.0,3.99,4.05,3.92,SpeedDistance,65,24,41,1377.0,1333,4,1,3,0.333,0,0,0.0,2,0.5,1,0.25,0,0.0,0,0.0,0,0.0,ElbowTouch,65,24,41,1377.0,1333,0,0,0,0.0,0,0,0.0,0,0.0,0,0.0,0,0.0,0,0.0,0,0.0,PostTouch,65,24,41,1377.0,1333,5,2,4,0.5,0,0,0.0,6,1.2,0,0.0,0,0.0,0,0.0,1,0.2,PaintTouch
1629020,Jarred Vanderbilt,1610612747,LAL,65,39,26,1128.0,65,11,27,0.407,2,2,1.0,25,0.385,29,0.446,7,0.108,4,0.062,1,0.015,Drives,65,39,26,1128.0,55,19,212,72,110,0.655,Defense,65,39,26,1128.0,30,101,0.297,89,29.0,99.0,0.293,0.441,CatchShoot,65,39,26,1128.0,1099,692,84,7,8,138,206,99,0.076,0.09,Passing,65,39,26,1128.0,288,1450,682,46.6,1.93,1.03,0.199,32,0,151,0.406,0.0,0.649,Possessions,65,39,26,1128.0,0,0,,0,0.0,0.0,,,PullUpShot,61.0,36.0,25.0,1079.0,80.0,47.0,33.0,0.588,194.0,0.412,8.0,0.43,7.4,212.0,55.0,155.0,0.259,334.0,0.635,30.0,0.697,5.4,292.0,102.0,188.0,0.349,509.0,0.574,38.0,0.62,5.9,Rebounding,65,39,26,1128.0,461468,87.4,45.3,42.1,4.42,4.46,4.38,SpeedDistance,65,39,26,1128.0,1450,32,5,8,0.625,3,6,0.5,13,0.406,17,0.531,5,0.294,2,0.063,3,0.094,ElbowTouch,65,39,26,1128.0,1450,0,0,0,0.0,0,0,0.0,0,0.0,0,0.0,0,0.0,0,0.0,0,0.0,PostTouch,65,39,26,1128.0,1450,151,46,75,0.613,6,10,0.6,98,0.649,55,0.364,13,0.086,13,0.086,4,0.026,PaintTouch
1629021,Moritz Wagner,1610612753,ORL,36,21,15,427.0,54,13,35,0.371,10,14,0.714,39,0.722,7,0.13,1,0.019,2,0.037,7,0.13,Drives,36,21,15,427.0,15,2,88,37,56,0.661,Defense,36,21,15,427.0,19,67,0.284,57,19.0,65.0,0.292,0.425,CatchShoot,36,21,15,427.0,464,473,27,1,6,46,64,32,0.058,0.069,Passing,36,21,15,427.0,247,735,471,23.6,1.93,0.88,0.336,34,34,79,0.882,0.824,0.797,Possessions,36,21,15,427.0,2,5,0.4,5,1.0,3.0,0.333,0.5,PullUpShot,33.0,19.0,14.0,404.0,27.0,16.0,11.0,0.593,93.0,0.29,3.0,0.3,6.4,86.0,16.0,68.0,0.186,144.0,0.597,17.0,0.677,5.3,113.0,32.0,79.0,0.283,223.0,0.507,20.0,0.557,5.5,Rebounding,36,21,15,427.0,171560,32.5,17.1,15.4,4.28,4.46,4.09,SpeedDistance,36,21,15,427.0,735,34,11,19,0.579,7,8,0.875,30,0.882,8,0.235,2,0.25,2,0.059,4,0.118,ElbowTouch,36,21,15,427.0,735,34,9,19,0.474,9,12,0.75,28,0.824,6,0.176,1,0.029,1,0.029,6,0.176,PostTouch,36,21,15,427.0,735,79,23,47,0.489,15,18,0.833,63,0.797,17,0.215,1,0.013,2,0.025,9,0.114,PaintTouch
1629023,P.J. Washington,1610612742,DAL,56,16,40,1736.0,298,79,169,0.467,34,52,0.654,203,0.681,73,0.245,18,0.06,24,0.081,26,0.087,Drives,56,16,40,1736.0,55,60,310,135,234,0.577,Defense,56,16,40,1736.0,72,211,0.341,214,70.0,204.0,0.343,0.507,CatchShoot,56,16,40,1736.0,1796,1414,98,14,16,163,260,126,0.055,0.07,Passing,56,16,40,1736.0,793,2743,1209,96.8,2.12,1.23,0.289,107,44,184,0.757,0.568,0.957,Possessions,56,16,40,1736.0,19,64,0.297,43,5.0,29.0,0.172,0.336,PullUpShot,55.0,16.0,39.0,1730.0,84.0,43.0,41.0,0.512,194.0,0.433,7.0,0.449,8.1,310.0,70.0,237.0,0.226,490.0,0.633,39.0,0.687,5.9,394.0,113.0,278.0,0.287,647.0,0.609,46.0,0.656,6.4,Rebounding,56,16,40,1736.0,671890,127.3,67.6,59.6,4.3,4.6,3.99,SpeedDistance,56,16,40,1736.0,2743,107,36,57,0.632,7,12,0.583,81,0.757,32,0.299,4,0.125,6,0.056,5,0.047,ElbowTouch,56,16,40,1736.0,2743,44,10,23,0.435,4,6,0.667,25,0.568,15,0.341,4,0.091,1,0.023,3,0.068,PostTouch,56,16,40,1736.0,2743,184,77,126,0.611,17,28,0.607,176,0.957,30,0.163,7,0.038,6,0.033,13,0.071,PaintTouch
1629026,Kenrich Williams,1610612760,OKC,56,41,15,855.0,142,25,64,0.391,14,20,0.7,66,0.465,46,0.324,13,0.092,15,0.106,10,0.07,Drives,56,41,15,855.0,31,5,128,29,46,0.63,Defense,56,41,15,855.0,45,109,0.413,134,44.0,107.0,0.411,0.615,CatchShoot,56,41,15,855.0,827,722,79,6,6,131,207,91,0.096,0.11,Passing,56,41,15,855.0,363,1224,702,53.8,2.64,1.83,0.297,26,3,93,0.654,0.667,0.774,Possessions,56,41,15,855.0,28,67,0.418,62,6.0,21.0,0.286,0.463,PullUpShot,49.0,36.0,13.0,814.0,59.0,31.0,28.0,0.525,149.0,0.396,5.0,0.41,7.3,128.0,33.0,95.0,0.258,203.0,0.631,10.0,0.663,5.8,187.0,64.0,123.0,0.342,338.0,0.553,15.0,0.579,6.3,Rebounding,56,41,15,855.0,328608,62.2,32.1,30.1,4.12,4.41,3.86,SpeedDistance,56,41,15,855.0,1224,26,7,8,0.875,3,6,0.5,17,0.654,13,0.5,5,0.385,1,0.038,3,0.115,ElbowTouch,56,41,15,855.0,1224,3,1,3,0.333,0,0,0.0,2,0.667,0,0.0,0,0.0,0,0.0,0,0.0,PostTouch,56,41,15,855.0,1224,93,34,51,0.667,1,2,0.5,72,0.774,33,0.355,5,0.054,4,0.043,1,0.011,PaintTouch
1629027,Trae Young,1610612764,WAS,15,2,13,384.0,136,34,59,0.576,27,30,0.9,104,0.765,56,0.412,15,0.11,5,0.037,16,0.118,Drives,15,2,13,384.0,13,2,26,23,27,0.852,Defense,15,2,13,384.0,8,19,0.421,24,8.0,19.0,0.421,0.632,CatchShoot,15,2,13,384.0,646,797,120,14,12,222,319,146,0.186,0.226,Passing,15,2,13,384.0,269,935,349,76.5,4.91,4.5,0.288,1,0,2,0.0,0.0,1.0,Possessions,15,2,13,384.0,42,103,0.408,103,19.0,58.0,0.328,0.5,PullUpShot,14.0,2.0,12.0,352.0,4.0,1.0,3.0,0.25,11.0,0.364,1.0,0.4,15.3,26.0,2.0,23.0,0.077,37.0,0.703,3.0,0.765,11.6,30.0,3.0,26.0,0.1,48.0,0.625,4.0,0.682,12.1,Rebounding,15,2,13,384.0,149147,28.2,15.4,12.9,4.26,4.87,3.74,SpeedDistance,15,2,13,384.0,935,1,0,0,0.0,0,0,0.0,0,0.0,1,1.0,0,0.0,0,0.0,0,0.0,ElbowTouch,15,2,13,384.0,935,0,0,0,0.0,0,0,0.0,0,0.0,0,0.0,0,0.0,0,0.0,0,0.0,PostTouch,15,2,13,384.0,935,2,1,1,1.0,0,0,0.0,2,1.0,1,0.5,0,0.0,0,0.0,0,0.0,PaintTouch
1629028,Deandre Ayton,1610612747,LAL,72,46,26,1958.0,40,19,31,0.613,2,2,1.0,40,1.0,5,0.125,0,0.0,2,0.05,1,0.025,Drives,72,46,26,1958.0,41,70,390,211,343,0.615,Defense,72,46,26,1958.0,39,83,0.47,78,,,,0.47,CatchShoot,72,46,26,1958.0,1893,1248,59,6,13,118,151,77,0.031,0.041,Passing,72,46,26,1958.0,897,2671,1268,66.3,1.49,0.39,0.336,274,73,672,0.606,0.822,1.042,Possessions,72,46,26,1958.0,6,22,0.273,12,,,,0.273,PullUpShot,71.0,45.0,26.0,1942.0,185.0,133.0,51.0,0.719,384.0,0.482,5.0,0.488,5.1,390.0,120.0,269.0,0.308,642.0,0.607,73.0,0.685,4.7,575.0,253.0,320.0,0.44,984.0,0.584,78.0,0.635,4.8,Rebounding,72,46,26,1958.0,699910,132.6,68.4,64.2,3.96,4.02,3.9,SpeedDistance,72,46,26,1958.0,2671,274,75,144,0.521,15,30,0.5,166,0.606,96,0.35,16,0.167,11,0.04,15,0.055,ElbowTouch,72,46,26,1958.0,2671,73,27,46,0.587,5,6,0.833,60,0.822,14,0.192,1,0.014,4,0.055,3,0.041,PostTouch,72,46,26,1958.0,2671,672,317,438,0.724,57,84,0.679,700,1.042,133,0.198,18,0.027,36,0.054,40,0.06,PaintTouch
1629029,Luka Dončić,1610612747,LAL,64,43,21,2289.0,860,248,411,0.603,157,199,0.789,677,0.787,273,0.317,93,0.108,57,0.066,101,0.117,Drives,64,43,21,2289.0,105,34,454,195,263,0.741,Defense,64,43,21,2289.0,66,173,0.382,198,66.0,171.0,0.386,0.572,CatchShoot,64,43,21,2289.0,3407,4319,530,57,78,861,1320,665,0.156,0.195,Passing,64,43,21,2289.0,2143,5621,2225,482.7,5.15,4.29,0.381,48,139,60,0.938,0.813,0.817,Possessions,64,43,21,2289.0,398,919,0.433,977,181.0,505.0,0.358,0.532,PullUpShot,64.0,43.0,21.0,2289.0,41.0,18.0,22.0,0.439,116.0,0.353,1.0,0.357,12.1,454.0,121.0,333.0,0.267,681.0,0.667,50.0,0.719,5.3,495.0,139.0,355.0,0.281,766.0,0.646,51.0,0.692,5.8,Rebounding,64,43,21,2289.0,782934,148.3,82.0,66.3,3.75,4.12,3.37,SpeedDistance,64,43,21,2289.0,5621,48,19,25,0.76,5,10,0.5,45,0.938,15,0.313,5,0.333,2,0.042,5,0.104,ElbowTouch,64,43,21,2289.0,5621,139,41,74,0.554,26,36,0.722,113,0.813,44,0.317,12,0.086,2,0.014,18,0.129,PostTouch,64,43,21,2289.0,5621,60,18,27,0.667,13,20,0.65,49,0.817,13,0.217,2,0.033,7,0.117,9,0.15,PaintTouch
1629048,Goga Bitadze,1610612753,ORL,64,34,30,972.0,8,3,4,0.75,1,2,0.5,8,1.0,2,0.25,0,0.0,1,0.125,1,0.125,Drives,64,34,30,972.0,37,61,183,111,213,0.521,Defense,64,34,30,972.0,4,16,0.25,10,2.0,11.0,0.182,0.313,CatchShoot,64,34,30,972.0,1062,802,84,4,0,112,198,86,0.079,0.081,Passing,64,34,30,972.0,375,1402,881,37.1,1.59,0.48,0.267,69,15,288,0.493,1.067,1.014,Possessions,64,34,30,972.0,0,1,0.0,0,0.0,0.0,,0.0,PullUpShot,64.0,34.0,30.0,972.0,137.0,94.0,41.0,0.686,288.0,0.476,9.0,0.491,4.2,183.0,74.0,109.0,0.404,322.0,0.568,37.0,0.642,4.3,320.0,168.0,150.0,0.525,594.0,0.539,46.0,0.584,4.3,Rebounding,64,34,30,972.0,378440,71.7,37.5,34.2,4.3,4.48,4.13,SpeedDistance,64,34,30,972.0,1402,69,13,19,0.684,6,12,0.5,34,0.493,42,0.609,2,0.048,2,0.029,4,0.058,ElbowTouch,64,34,30,972.0,1402,15,5,5,1.0,6,8,0.75,16,1.067,5,0.333,2,0.133,0,0.0,4,0.267,PostTouch,64,34,30,972.0,1402,288,126,177,0.712,33,44,0.75,292,1.014,70,0.243,15,0.052,13,0.045,19,0.066,PaintTouch
1629057,Robert Williams III,1610612757,POR,59,30,29,1008.0,9,1,2,0.5,2,4,0.5,4,0.444,3,0.333,0,0.0,2,0.222,2,0.222,Drives,59,30,29,1008.0,35,87,274,108,205,0.527,Defense,59,30,29,1008.0,12,31,0.387,33,9.0,23.0,0.391,0.532,CatchShoot,59,30,29,1008.0,1070,697,60,1,9,99,149,69,0.056,0.064,Passing,59,30,29,1008.0,397,1404,761,28.6,1.22,0.29,0.283,52,1,327,0.615,1.0,0.93,Possessions,59,30,29,1008.0,1,1,1.0,2,0.0,0.0,,1.0,PullUpShot,59.0,30.0,29.0,1008.0,141.0,89.0,51.0,0.631,235.0,0.6,7.0,0.618,5.3,274.0,111.0,163.0,0.405,404.0,0.678,30.0,0.733,4.9,415.0,200.0,214.0,0.482,609.0,0.681,37.0,0.726,5.0,Rebounding,59,30,29,1008.0,382817,72.5,38.4,34.2,4.14,4.39,3.9,SpeedDistance,59,30,29,1008.0,1404,52,16,21,0.762,0,0,0.0,32,0.615,28,0.538,4,0.143,2,0.038,0,0.0,ElbowTouch,59,30,29,1008.0,1404,1,0,0,0.0,1,2,0.5,1,1.0,0,0.0,0,0.0,0,0.0,1,1.0,PostTouch,59,30,29,1008.0,1404,327,143,195,0.733,18,32,0.563,304,0.93,89,0.272,16,0.049,20,0.061,15,0.046,PaintTouch
1629060,Rui Hachimura,1610612747,LAL,68,47,21,1927.0,131,46,88,0.523,11,14,0.786,107,0.817,24,0.183,4,0.031,9,0.069,8,0.061,Drives,68,47,21,1927.0,39,21,185,140,192,0.729,Defense,68,47,21,1927.0,117,265,0.442,343,109.0,248.0,0.44,0.647,CatchShoot,68,47,21,1927.0,1362,1315,57,5,5,95,152,67,0.042,0.049,Passing,68,47,21,1927.0,780,2057,1146,62.6,1.83,0.95,0.379,51,42,116,1.098,0.5,1.086,Possessions,68,47,21,1927.0,98,182,0.538,201,5.0,12.0,0.417,0.552,PullUpShot,66.0,46.0,20.0,1879.0,41.0,14.0,27.0,0.341,91.0,0.451,2.0,0.461,11.3,185.0,42.0,142.0,0.227,324.0,0.571,25.0,0.619,7.3,226.0,56.0,169.0,0.248,402.0,0.562,27.0,0.603,8.1,Rebounding,68,47,21,1927.0,731439,138.5,73.6,64.9,4.2,4.39,4.01,SpeedDistance,68,47,21,1927.0,2057,51,23,32,0.719,9,10,0.9,56,1.098,13,0.255,1,0.077,0,0.0,5,0.098,ElbowTouch,68,47,21,1927.0,2057,42,9,22,0.409,3,4,0.75,21,0.5,15,0.357,2,0.048,2,0.048,2,0.048,PostTouch,68,47,21,1927.0,2057,116,58,85,0.682,10,14,0.714,126,1.086,19,0.164,2,0.017,4,0.034,7,0.06,PaintTouch
1629111,Jock Landale,1610612737,ATL,68,36,32,1506.0,22,5,9,0.556,2,2,1.0,12,0.545,11,0.5,4,0.182,0,0.0,1,0.045,Drives,68,36,32,1506.0,35,36,204,157,241,0.651,Defense,68,36,32,1506.0,85,220,0.386,242,72.0,188.0,0.383,0.55,CatchShoot,68,36,32,1506.0,1493,1428,115,8,17,193,308,139,0.077,0.093,Passing,68,36,32,1506.0,718,2182,1519,49.8,1.37,0.37,0.329,110,122,488,0.6,0.623,0.791,Possessions,68,36,32,1506.0,1,8,0.125,3,1.0,2.0,0.5,0.188,PullUpShot,67.0,36.0,31.0,1489.0,183.0,121.0,62.0,0.661,438.0,0.418,14.0,0.432,4.9,204.0,78.0,126.0,0.382,423.0,0.482,51.0,0.548,5.3,387.0,199.0,188.0,0.514,843.0,0.459,65.0,0.497,5.1,Rebounding,68,36,32,1506.0,574758,108.9,56.6,52.3,4.24,4.41,4.07,SpeedDistance,68,36,32,1506.0,2182,110,29,48,0.604,7,10,0.7,66,0.6,53,0.482,4,0.075,3,0.027,5,0.045,ElbowTouch,68,36,32,1506.0,2182,122,32,62,0.516,12,18,0.667,76,0.623,31,0.254,8,0.066,8,0.066,9,0.074,PostTouch,68,36,32,1506.0,2182,488,168,277,0.606,44,68,0.647,386,0.791,129,0.264,25,0.051,27,0.055,30,0.061,PaintTouch
1629130,Duncan Robinson,1610612765,DET,77,58,19,2113.0,219,44,86,0.512,18,20,0.9,109,0.498,106,0.484,30,0.137,14,0.064,10,0.046,Drives,77,58,19,2113.0,44,22,176,107,151,0.709,Defense,77,58,19,2113.0,173,411,0.421,517,171.0,407.0,0.42,0.629,CatchShoot,77,58,19,2113.0,1702,1878,159,18,18,259,395,195,0.093,0.115,Passing,77,58,19,2113.0,939,2506,1835,72.1,1.73,0.79,0.375,10,0,38,1.1,0.0,0.974,Possessions,77,58,19,2113.0,57,143,0.399,158,44.0,120.0,0.367,0.552,PullUpShot,71.0,56.0,15.0,1954.0,28.0,8.0,19.0,0.286,54.0,0.519,0.0,0.519,11.8,174.0,39.0,135.0,0.224,287.0,0.606,20.0,0.652,9.2,202.0,47.0,154.0,0.233,338.0,0.598,20.0,0.635,9.6,Rebounding,77,58,19,2113.0,857412,162.4,87.1,75.3,4.52,4.86,4.18,SpeedDistance,77,58,19,2113.0,2506,10,5,7,0.714,1,2,0.5,11,1.1,2,0.2,1,0.5,0,0.0,1,0.1,ElbowTouch,77,58,19,2113.0,2506,0,0,0,0.0,0,0,0.0,0,0.0,0,0.0,0,0.0,0,0.0,0,0.0,PostTouch,77,58,19,2113.0,2506,38,18,21,0.857,1,2,0.5,37,0.974,12,0.316,2,0.053,4,0.105,1,0.026,PaintTouch
1629162,Jordan McLaughlin,1610612759,SAS,44,37,7,282.0,52,8,25,0.32,0,0,0.0,17,0.327,25,0.481,4,0.077,2,0.038,0,0.0,Drives,44,37,7,282.0,20,2,25,14,18,0.778,Defense,44,37,7,282.0,13,31,0.419,39,13.0,31.0,0.419,0.629,CatchShoot,44,37,7,282.0,492,489,38,5,11,91,104,54,0.077,0.11,Passing,44,37,7,282.0,89,606,276,42.5,4.2,3.6,0.147,5,0,5,0.0,0.0,1.2,Possessions,44,37,7,282.0,5,17,0.294,14,4.0,9.0,0.444,0.412,PullUpShot,19.0,17.0,2.0,174.0,7.0,2.0,5.0,0.286,16.0,0.438,0.0,0.438,13.4,25.0,3.0,21.0,0.12,35.0,0.714,2.0,0.758,10.9,32.0,5.0,26.0,0.156,51.0,0.627,2.0,0.653,11.4,Rebounding,44,37,7,282.0,115436,21.9,11.6,10.2,4.47,4.6,4.28,SpeedDistance,44,37,7,282.0,606,5,0,0,0.0,0,0,0.0,0,0.0,3,0.6,1,0.333,2,0.4,0,0.0,ElbowTouch,44,37,7,282.0,606,0,0,0,0.0,0,0,0.0,0,0.0,0,0.0,0,0.0,0,0.0,0,0.0,PostTouch,44,37,7,282.0,606,5,3,3,1.0,0,0,0.0,6,1.2,1,0.2,0,0.0,1,0.2,0,0.0,PaintTouch
1629216,Gabe Vincent,1610612737,ATL,53,36,17,879.0,70,10,26,0.385,2,2,1.0,23,0.329,38,0.543,11,0.157,5,0.071,1,0.014,Drives,53,36,17,879.0,27,3,37,33,43,0.767,Defense,53,36,17,879.0,42,121,0.347,125,41.0,119.0,0.345,0.517,CatchShoot,53,36,17,879.0,930,947,76,5,8,131,190,90,0.082,0.097,Passing,53,36,17,879.0,231,1204,616,68.2,3.4,2.87,0.192,7,0,9,0.571,0.0,0.444,Possessions,53,36,17,879.0,22,72,0.306,61,17.0,53.0,0.321,0.424,PullUpShot,35.0,23.0,12.0,597.0,17.0,2.0,15.0,0.118,30.0,0.567,3.0,0.63,15.9,37.0,10.0,27.0,0.27,74.0,0.5,8.0,0.561,11.3,54.0,12.0,42.0,0.222,103.0,0.524,11.0,0.587,12.7,Rebounding,53,36,17,879.0,344486,65.2,35.0,30.2,4.3,4.61,3.98,SpeedDistance,53,36,17,879.0,1204,7,1,1,1.0,2,2,1.0,4,0.571,5,0.714,2,0.4,0,0.0,1,0.143,ElbowTouch,53,36,17,879.0,1204,0,0,0,0.0,0,0,0.0,0,0.0,0,0.0,0,0.0,0,0.0,0,0.0,PostTouch,53,36,17,879.0,1204,9,2,3,0.667,0,0,0.0,4,0.444,4,0.444,1,0.111,0,0.0,0,0.0,PaintTouch
1629234,Drew Eubanks,1610612758,SAC,42,10,32,552.0,22,5,11,0.455,3,6,0.5,13,0.591,5,0.227,0,0.0,3,0.136,3,0.136,Drives,42,10,32,552.0,15,26,88,56,104,0.538,Defense,42,10,32,552.0,9,24,0.375,19,1.0,6.0,0.167,0.396,CatchShoot,42,10,32,552.0,450,403,19,1,2,38,46,22,0.042,0.049,Passing,42,10,32,552.0,219,666,428,18.0,1.62,0.65,0.329,80,6,155,0.588,0.667,0.91,Possessions,42,10,32,552.0,8,12,0.667,16,0.0,1.0,0.0,0.667,PullUpShot,40.0,10.0,30.0,546.0,39.0,19.0,20.0,0.487,89.0,0.438,2.0,0.448,5.3,88.0,34.0,53.0,0.386,175.0,0.503,26.0,0.591,4.2,127.0,53.0,73.0,0.417,257.0,0.494,28.0,0.555,4.5,Rebounding,42,10,32,552.0,215194,40.8,21.3,19.4,4.46,4.75,4.17,SpeedDistance,42,10,32,552.0,666,80,21,43,0.488,3,6,0.5,47,0.588,26,0.325,0,0.0,8,0.1,3,0.038,ElbowTouch,42,10,32,552.0,666,6,2,3,0.667,0,0,0.0,4,0.667,0,0.0,0,0.0,1,0.167,0,0.0,PostTouch,42,10,32,552.0,666,155,64,98,0.653,9,14,0.643,141,0.91,33,0.213,2,0.013,12,0.077,7,0.045,PaintTouch
1629312,Haywood Highsmith,1610612756,PHX,7,4,3,91.0,11,4,5,0.8,0,0,0.0,9,0.818,6,0.545,3,0.273,0,0.0,0,0.0,Drives,7,4,3,91.0,4,0,7,4,5,0.8,Defense,7,4,3,91.0,7,12,0.583,21,7.0,12.0,0.583,0.875,CatchShoot,7,4,3,91.0,75,52,7,1,1,12,22,9,0.093,0.12,Passing,7,4,3,91.0,38,101,58,3.5,2.09,1.23,0.376,1,0,6,0.0,0.0,0.833,Possessions,7,4,3,91.0,2,4,0.5,5,1.0,2.0,0.5,0.625,PullUpShot,5.0,2.0,3.0,80.0,6.0,3.0,3.0,0.5,15.0,0.4,0.0,0.4,11.5,7.0,0.0,7.0,0.0,14.0,0.5,2.0,0.583,10.2,13.0,3.0,10.0,0.231,27.0,0.481,2.0,0.52,10.8,Rebounding,7,4,3,91.0,38285,7.3,3.9,3.4,4.46,4.66,4.24,SpeedDistance,7,4,3,91.0,101,1,0,0,0.0,0,0,0.0,0,0.0,1,1.0,0,0.0,0,0.0,0,0.0,ElbowTouch,7,4,3,91.0,101,0,0,0,0.0,0,0,0.0,0,0.0,0,0.0,0,0.0,0,0.0,0,0.0,PostTouch,7,4,3,91.0,101,6,1,2,0.5,2,2,1.0,5,0.833,3,0.5,1,0.167,0,0.0,1,0.167,PaintTouch
1629599,Amir Coffey,1610612756,PHX,46,20,26,491.0,60,20,35,0.571,8,10,0.8,51,0.85,19,0.317,5,0.083,0,0.0,5,0.083,Drives,46,20,26,491.0,9,5,38,16,31,0.516,Defense,46,20,26,491.0,15,45,0.333,45,15.0,45.0,0.333,0.5,CatchShoot,46,20,26,491.0,355,319,27,0,3,43,71,30,0.076,0.085,Passing,46,20,26,491.0,149,496,340,16.5,2.0,1.1,0.3,3,0,13,1.0,0.0,0.615,Possessions,46,20,26,491.0,15,31,0.484,31,1.0,3.0,0.333,0.5,PullUpShot,28.0,13.0,15.0,405.0,19.0,10.0,9.0,0.526,42.0,0.452,2.0,0.475,9.1,38.0,9.0,28.0,0.237,60.0,0.633,4.0,0.679,6.7,57.0,19.0,37.0,0.333,97.0,0.588,6.0,0.626,7.5,Rebounding,46,20,26,491.0,186564,35.3,18.1,17.3,4.16,4.23,4.1,SpeedDistance,46,20,26,491.0,496,3,1,1,1.0,0,0,0.0,3,1.0,1,0.333,0,0.0,1,0.333,0,0.0,ElbowTouch,46,20,26,491.0,496,0,0,0,0.0,0,0,0.0,0,0.0,0,0.0,0,0.0,0,0.0,0,0.0,PostTouch,46,20,26,491.0,496,13,4,4,1.0,0,0,0.0,8,0.615,7,0.538,2,0.154,0,0.0,2,0.154,PaintTouch
1629610,DaQuan Jeffries,1610612758,SAC,3,0,3,60.0,7,3,5,0.6,2,2,1.0,8,1.143,1,0.143,0,0.0,0,0.0,1,0.143,Drives,3,0,3,60.0,2,0,2,1,2,0.5,Defense,3,0,3,60.0,3,6,0.5,9,3.0,6.0,0.5,0.75,CatchShoot,3,0,3,60.0,30,40,1,0,0,3,3,1,0.033,0.033,Passing,3,0,3,60.0,31,52,35,1.8,2.04,1.4,0.596,1,0,3,0.0,0.0,0.667,Possessions,3,0,3,60.0,1,3,0.333,3,1.0,3.0,0.333,0.5,PullUpShot,2.0,0.0,2.0,53.0,3.0,2.0,1.0,0.667,8.0,0.375,1.0,0.429,17.5,2.0,1.0,1.0,0.5,8.0,0.25,3.0,0.4,4.2,5.0,3.0,2.0,0.6,15.0,0.333,4.0,0.455,12.2,Rebounding,3,0,3,60.0,24094,4.6,2.4,2.1,4.28,4.42,3.94,SpeedDistance,3,0,3,60.0,52,1,0,0,0.0,0,0,0.0,0,0.0,1,1.0,0,0.0,0,0.0,0,0.0,ElbowTouch,3,0,3,60.0,52,0,0,0,0.0,0,0,0.0,0,0.0,0,0.0,0,0.0,0,0.0,0,0.0,PostTouch,3,0,3,60.0,52,3,1,1,1.0,0,0,0.0,2,0.667,2,0.667,0,0.0,0,0.0,0,0.0,PaintTouch
1629611,Terance Mann,1610612751,BKN,63,15,48,1529.0,320,53,109,0.486,34,40,0.85,142,0.444,162,0.506,48,0.15,22,0.069,20,0.063,Drives,63,15,48,1529.0,41,15,130,91,135,0.674,Defense,63,15,48,1529.0,46,114,0.404,136,44.0,108.0,0.407,0.596,CatchShoot,63,15,48,1529.0,2034,1864,190,10,15,361,495,215,0.093,0.106,Passing,63,15,48,1529.0,455,2586,1173,165.8,3.85,3.28,0.176,32,4,90,0.594,0.0,0.633,Possessions,63,15,48,1529.0,36,106,0.34,84,12.0,45.0,0.267,0.396,PullUpShot,60.0,15.0,45.0,1468.0,70.0,32.0,38.0,0.457,155.0,0.452,6.0,0.47,8.1,130.0,23.0,107.0,0.177,246.0,0.528,34.0,0.613,7.1,200.0,55.0,145.0,0.275,392.0,0.51,40.0,0.568,7.5,Rebounding,63,15,48,1529.0,607720,115.1,60.4,54.7,4.4,4.55,4.26,SpeedDistance,63,15,48,1529.0,2586,32,7,11,0.636,5,6,0.833,19,0.594,16,0.5,4,0.25,2,0.063,3,0.094,ElbowTouch,63,15,48,1529.0,2586,4,0,1,0.0,0,0,0.0,0,0.0,3,0.75,2,0.5,0,0.0,0,0.0,PostTouch,63,15,48,1529.0,2586,90,23,40,0.575,10,12,0.833,57,0.633,33,0.367,13,0.144,8,0.089,5,0.056,PaintTouch
1629614,Andrew Nembhard,1610612754,IND,57,13,44,1786.0,715,135,265,0.509,99,120,0.825,378,0.529,327,0.457,90,0.126,38,0.053,61,0.085,Drives,57,13,44,1786.0,51,8,135,94,128,0.734,Defense,57,13,44,1786.0,62,148,0.419,181,57.0,141.0,0.404,0.611,CatchShoot,57,13,44,1786.0,3842,4377,437,36,54,753,1134,527,0.114,0.137,Passing,57,13,44,1786.0,966,4984,2042,344.4,4.15,3.79,0.194,21,9,33,0.571,0.222,0.727,Possessions,57,13,44,1786.0,152,398,0.382,353,49.0,153.0,0.32,0.443,PullUpShot,55.0,13.0,42.0,1736.0,25.0,9.0,16.0,0.36,83.0,0.301,4.0,0.316,15.5,135.0,13.0,122.0,0.096,246.0,0.549,25.0,0.611,10.4,160.0,22.0,138.0,0.138,323.0,0.495,29.0,0.544,11.2,Rebounding,57,13,44,1786.0,699324,132.4,71.9,60.5,4.31,4.77,3.86,SpeedDistance,57,13,44,1786.0,4984,21,6,12,0.5,0,0,0.0,12,0.571,7,0.333,0,0.0,1,0.048,0,0.0,ElbowTouch,57,13,44,1786.0,4984,9,1,6,0.167,0,0,0.0,2,0.222,3,0.333,2,0.222,0,0.0,0,0.0,PostTouch,57,13,44,1786.0,4984,33,12,19,0.632,0,0,0.0,24,0.727,11,0.333,2,0.061,1,0.03,0,0.0,PaintTouch
1629618,Jalen Pickett,1610612743,DEN,50,34,16,807.0,174,28,58,0.483,0,0,0.0,58,0.333,103,0.592,21,0.121,9,0.052,0,0.0,Drives,50,34,16,807.0,13,5,96,27,45,0.6,Defense,50,34,16,806.0,39,97,0.402,112,34.0,83.0,0.41,0.577,CatchShoot,50,34,16,807.0,1151,1089,115,12,6,227,302,134,0.1,0.116,Passing,50,34,16,807.0,260,1457,673,101.5,4.18,3.61,0.178,16,5,26,0.375,0.0,0.538,Possessions,50,34,16,806.0,29,80,0.363,73,15.0,44.0,0.341,0.456,PullUpShot,36.0,23.0,13.0,718.0,18.0,7.0,11.0,0.389,59.0,0.305,3.0,0.321,13.9,96.0,21.0,74.0,0.219,153.0,0.627,16.0,0.701,8.1,114.0,28.0,85.0,0.246,206.0,0.553,19.0,0.61,9.0,Rebounding,50,34,16,807.0,312035,59.1,33.0,26.1,4.16,4.44,3.86,SpeedDistance,50,34,16,807.0,1457,16,3,6,0.5,0,0,0.0,6,0.375,10,0.625,0,0.0,0,0.0,0,0.0,ElbowTouch,50,34,16,807.0,1457,5,0,2,0.0,0,0,0.0,0,0.0,1,0.2,0,0.0,2,0.4,0,0.0,PostTouch,50,34,16,807.0,1457,26,6,10,0.6,2,2,1.0,14,0.538,13,0.5,3,0.115,2,0.077,1,0.038,PaintTouch
1629622,Max Strus,1610612739,CLE,12,9,3,288.0,33,6,11,0.545,3,4,0.75,15,0.455,15,0.455,4,0.121,4,0.121,2,0.061,Drives,12,9,3,288.0,3,0,56,19,26,0.731,Defense,12,9,3,288.0,30,72,0.417,90,30.0,72.0,0.417,0.625,CatchShoot,12,9,3,288.0,384,321,24,4,3,43,60,31,0.063,0.081,Passing,12,9,3,288.0,134,511,264,16.5,1.94,1.16,0.262,2,0,8,1.0,0.0,1.0,Possessions,12,9,3,288.0,3,12,0.25,9,3.0,11.0,0.273,0.375,PullUpShot,12.0,9.0,3.0,288.0,9.0,2.0,7.0,0.222,26.0,0.346,2.0,0.375,7.4,56.0,14.0,42.0,0.25,80.0,0.7,8.0,0.778,7.3,65.0,16.0,49.0,0.246,104.0,0.625,10.0,0.691,7.3,Rebounding,12,9,3,288.0,126711,24.0,13.3,10.7,4.64,5.04,4.21,SpeedDistance,12,9,3,288.0,511,2,0,0,0.0,2,2,1.0,2,1.0,1,0.5,0,0.0,0,0.0,1,0.5,ElbowTouch,12,9,3,288.0,511,0,0,0,0.0,0,0,0.0,0,0.0,0,0.0,0,0.0,0,0.0,0,0.0,PostTouch,12,9,3,288.0,511,8,4,4,1.0,0,0,0.0,8,1.0,4,0.5,0,0.0,0,0.0,0,0.0,PaintTouch
1629627,Zion Williamson,1610612740,NOP,62,22,40,1841.0,849,239,439,0.544,160,218,0.734,664,0.782,219,0.258,42,0.049,48,0.057,112,0.132,Drives,62,22,40,1841.0,60,34,228,102,153,0.667,Defense,62,22,40,1841.0,0,1,0.0,0,0.0,0.0,,0.0,CatchShoot,62,22,40,1841.0,1806,2165,199,14,21,382,539,234,0.11,0.13,Passing,62,22,40,1841.0,1302,3041,1587,178.9,3.53,3.0,0.428,111,94,222,0.766,0.447,1.054,Possessions,62,22,40,1841.0,14,37,0.378,29,1.0,4.0,0.25,0.392,PullUpShot,61.0,22.0,39.0,1815.0,125.0,94.0,31.0,0.752,297.0,0.421,8.0,0.433,5.6,228.0,81.0,147.0,0.355,355.0,0.642,33.0,0.708,6.1,353.0,175.0,178.0,0.496,626.0,0.564,41.0,0.603,5.9,Rebounding,62,22,40,1841.0,739567,140.1,74.6,65.5,4.33,4.7,3.97,SpeedDistance,62,22,40,1841.0,3041,111,35,53,0.66,11,20,0.55,85,0.766,40,0.36,9,0.225,4,0.036,10,0.09,ElbowTouch,62,22,40,1841.0,3041,94,14,33,0.424,14,18,0.778,42,0.447,37,0.394,10,0.106,12,0.128,9,0.096,PostTouch,62,22,40,1841.0,3041,222,98,143,0.685,32,48,0.667,234,1.054,36,0.162,10,0.045,13,0.059,22,0.099,PaintTouch
1629628,RJ Barrett,1610612761,TOR,57,34,23,1726.0,539,116,236,0.492,84,116,0.724,326,0.605,185,0.343,33,0.061,36,0.067,58,0.108,Drives,57,34,23,1726.0,42,19,245,108,155,0.697,Defense,57,34,23,1726.0,88,262,0.336,263,87.0,259.0,0.336,0.502,CatchShoot,57,34,23,1726.0,1965,2056,189,22,26,362,492,236,0.096,0.12,Passing,57,34,23,1726.0,1098,3097,1675,136.9,2.65,1.91,0.355,72,34,156,0.958,0.588,1.212,Possessions,57,34,23,1726.0,26,77,0.338,57,5.0,17.0,0.294,0.37,PullUpShot,56.0,34.0,22.0,1695.0,55.0,24.0,31.0,0.436,153.0,0.359,1.0,0.362,9.2,239.0,48.0,191.0,0.201,383.0,0.624,32.0,0.681,6.8,294.0,72.0,222.0,0.245,507.0,0.58,33.0,0.62,7.3,Rebounding,57,34,23,1726.0,681414,129.1,66.8,62.2,4.33,4.66,4.02,SpeedDistance,57,34,23,1726.0,3097,72,30,48,0.625,6,8,0.75,69,0.958,14,0.194,2,0.143,2,0.028,5,0.069,ElbowTouch,57,34,23,1726.0,3097,34,7,18,0.389,5,6,0.833,20,0.588,11,0.324,1,0.029,1,0.029,3,0.088,PostTouch,57,34,23,1726.0,3097,156,86,113,0.761,14,24,0.583,189,1.212,21,0.135,7,0.045,3,0.019,14,0.09,PaintTouch
1629630,Ja Morant,1610612763,MEM,20,7,13,568.0,314,68,154,0.442,51,58,0.879,194,0.618,96,0.306,25,0.08,19,0.061,31,0.099,Drives,20,7,13,568.0,20,6,57,25,40,0.625,Defense,20,7,13,569.0,11,35,0.314,32,10.0,33.0,0.303,0.457,CatchShoot,20,7,13,568.0,924,1195,161,16,19,299,413,195,0.174,0.211,Passing,20,7,13,568.0,389,1431,509,123.7,5.19,4.64,0.272,6,7,18,0.667,0.571,0.778,Possessions,20,7,13,569.0,45,138,0.326,100,10.0,49.0,0.204,0.362,PullUpShot,19.0,7.0,12.0,541.0,8.0,4.0,4.0,0.5,34.0,0.235,4.0,0.267,8.8,57.0,6.0,50.0,0.105,83.0,0.687,8.0,0.76,7.3,65.0,10.0,54.0,0.154,116.0,0.56,12.0,0.625,7.5,Rebounding,20,7,13,568.0,213834,40.5,21.7,18.8,4.28,4.71,3.87,SpeedDistance,20,7,13,568.0,1431,6,2,2,1.0,0,0,0.0,4,0.667,3,0.5,1,0.333,1,0.167,0,0.0,ElbowTouch,20,7,13,568.0,1431,7,1,3,0.333,2,2,1.0,4,0.571,3,0.429,0,0.0,0,0.0,1,0.143,PostTouch,20,7,13,568.0,1431,18,7,8,0.875,0,0,0.0,14,0.778,7,0.389,1,0.056,2,0.111,0,0.0,PaintTouch
1629631,De'Andre Hunter,1610612758,SAC,45,24,21,1175.0,232,54,113,0.478,33,38,0.868,146,0.629,72,0.31,13,0.056,17,0.073,19,0.082,Drives,45,24,21,1175.0,30,6,155,78,105,0.743,Defense,45,24,21,1175.0,64,194,0.33,188,60.0,185.0,0.324,0.485,CatchShoot,45,24,21,1175.0,1137,1225,90,13,22,179,239,124,0.079,0.109,Passing,45,24,21,1175.0,615,1836,1024,73.3,2.4,1.71,0.335,37,4,58,0.946,0.0,0.879,Possessions,45,24,21,1175.0,60,151,0.397,134,14.0,59.0,0.237,0.444,PullUpShot,43.0,23.0,20.0,1139.0,30.0,12.0,18.0,0.4,89.0,0.337,4.0,0.353,11.6,155.0,43.0,111.0,0.277,268.0,0.578,28.0,0.646,5.8,185.0,55.0,129.0,0.297,345.0,0.536,32.0,0.591,6.7,Rebounding,45,24,21,1175.0,433521,82.1,43.9,38.2,4.15,4.6,3.73,SpeedDistance,45,24,21,1175.0,1836,37,14,19,0.737,7,10,0.7,35,0.946,9,0.243,1,0.111,3,0.081,5,0.135,ElbowTouch,45,24,21,1175.0,1836,4,0,2,0.0,0,0,0.0,0,0.0,0,0.0,0,0.0,0,0.0,0,0.0,PostTouch,45,24,21,1175.0,1836,58,22,32,0.688,7,10,0.7,51,0.879,11,0.19,1,0.017,5,0.086,5,0.086,PaintTouch
1629632,Coby White,1610612766,CHA,50,29,21,1250.0,574,108,208,0.519,85,98,0.867,312,0.544,259,0.451,64,0.111,41,0.071,50,0.087,Drives,50,29,21,1250.0,25,5,153,63,90,0.7,Defense,50,29,21,1250.0,76,184,0.413,225,73.0,181.0,0.403,0.611,CatchShoot,50,29,21,1250.0,1672,2175,200,9,28,354,524,237,0.12,0.142,Passing,50,29,21,1250.0,868,2620,1223,191.6,4.39,3.82,0.331,13,2,18,0.538,0.0,0.722,Possessions,50,29,21,1250.0,73,214,0.341,188,42.0,135.0,0.311,0.439,PullUpShot,47.0,27.0,20.0,1192.0,17.0,7.0,10.0,0.412,57.0,0.298,3.0,0.315,16.0,153.0,23.0,130.0,0.15,261.0,0.586,16.0,0.624,8.2,170.0,30.0,140.0,0.176,310.0,0.548,19.0,0.584,9.0,Rebounding,50,29,21,1250.0,484031,91.7,50.8,40.9,4.21,4.65,3.77,SpeedDistance,50,29,21,1250.0,2620,13,2,4,0.5,2,2,1.0,7,0.538,6,0.462,1,0.167,1,0.077,2,0.154,ElbowTouch,50,29,21,1250.0,2620,2,0,0,0.0,0,0,0.0,0,0.0,2,1.0,2,1.0,0,0.0,0,0.0,PostTouch,50,29,21,1250.0,2620,18,5,6,0.833,2,2,1.0,13,0.722,8,0.444,2,0.111,2,0.111,1,0.056,PaintTouch
1629634,Brandon Clarke,1610612763,MEM,2,1,1,20.0,5,0,2,0.0,0,0,0.0,0,0.0,3,0.6,0,0.0,0,0.0,0,0.0,Drives,2,1,1,20.0,2,0,2,2,5,0.4,Defense,2,1,1,20.0,0,0,,0,,,,,CatchShoot,2,1,1,20.0,15,17,1,0,0,3,3,1,0.067,0.067,Passing,2,1,1,20.0,8,27,18,1.0,2.24,1.04,0.296,4,0,5,0.5,0.0,0.8,Possessions,2,1,1,20.0,0,1,0.0,0,,,,0.0,PullUpShot,2.0,1.0,1.0,20.0,4.0,4.0,0.0,1.0,6.0,0.667,0.0,0.667,2.0,2.0,1.0,1.0,0.5,6.0,0.333,1.0,0.4,4.6,6.0,5.0,1.0,0.833,12.0,0.5,1.0,0.545,2.9,Rebounding,2,1,1,20.0,8014,1.5,0.7,0.8,4.18,4.12,4.24,SpeedDistance,2,1,1,20.0,27,4,1,2,0.5,0,0,0.0,2,0.5,2,0.5,0,0.0,0,0.0,0,0.0,ElbowTouch,2,1,1,20.0,27,0,0,0,0.0,0,0,0.0,0,0.0,0,0.0,0,0.0,0,0.0,0,0.0,PostTouch,2,1,1,20.0,27,5,2,4,0.5,0,0,0.0,4,0.8,1,0.2,1,0.2,0,0.0,0,0.0,PaintTouch
1629636,Darius Garland,1610612746,LAC,45,26,19,1344.0,621,127,255,0.498,45,56,0.804,302,0.486,282,0.454,86,0.138,36,0.058,28,0.045,Drives,45,26,19,1344.0,43,8,89,69,93,0.742,Defense,45,26,19,1344.0,53,130,0.408,158,52.0,129.0,0.403,0.608,CatchShoot,45,26,19,1344.0,2021,2493,301,24,37,525,754,361,0.149,0.179,Passing,45,26,19,1344.0,845,2971,1112,244.3,4.93,4.53,0.284,9,1,21,0.667,0.0,0.571,Possessions,45,26,19,1344.0,121,303,0.399,310,68.0,176.0,0.386,0.512,PullUpShot,42.0,24.0,18.0,1257.0,18.0,7.0,11.0,0.389,55.0,0.327,1.0,0.333,12.3,89.0,16.0,73.0,0.18,163.0,0.546,18.0,0.614,10.9,107.0,23.0,84.0,0.215,215.0,0.498,19.0,0.546,11.2,Rebounding,45,26,19,1344.0,516405,97.8,52.4,45.4,4.21,4.66,3.8,SpeedDistance,45,26,19,1344.0,2971,9,3,4,0.75,0,0,0.0,6,0.667,3,0.333,2,0.667,2,0.222,0,0.0,ElbowTouch,45,26,19,1344.0,2971,1,0,0,0.0,0,0,0.0,0,0.0,1,1.0,0,0.0,0,0.0,0,0.0,PostTouch,45,26,19,1344.0,2971,21,6,10,0.6,0,0,0.0,12,0.571,9,0.429,3,0.143,1,0.048,0,0.0,PaintTouch
1629637,Jaxson Hayes,1610612747,LAL,66,43,23,1207.0,21,11,15,0.733,2,4,0.5,25,1.19,2,0.095,1,0.048,0,0.0,2,0.095,Drives,66,43,23,1207.0,29,52,172,85,142,0.599,Defense,66,43,23,1207.0,5,6,0.833,13,3.0,3.0,1.0,1.083,CatchShoot,66,43,23,1207.0,966,786,59,4,7,94,158,70,0.061,0.072,Passing,66,43,23,1207.0,497,1345,806,30.5,1.36,0.34,0.37,118,10,376,0.712,0.0,1.013,Possessions,66,43,23,1207.0,0,0,,0,0.0,0.0,,,PullUpShot,65.0,42.0,23.0,1195.0,99.0,71.0,28.0,0.717,212.0,0.467,1.0,0.469,5.1,172.0,60.0,112.0,0.349,282.0,0.61,28.0,0.677,6.1,271.0,131.0,140.0,0.483,481.0,0.563,29.0,0.6,5.7,Rebounding,66,43,23,1207.0,428872,81.2,42.5,38.7,3.87,3.96,3.77,SpeedDistance,66,43,23,1207.0,1345,118,31,41,0.756,20,34,0.588,84,0.712,51,0.432,6,0.118,5,0.042,17,0.144,ElbowTouch,66,43,23,1207.0,1345,10,0,0,0.0,0,0,0.0,0,0.0,7,0.7,1,0.1,0,0.0,0,0.0,PostTouch,66,43,23,1207.0,1345,376,157,213,0.737,62,90,0.689,381,1.013,88,0.234,10,0.027,9,0.024,40,0.106,PaintTouch
1629638,Nickeil Alexander-Walker,1610612737,ATL,78,43,35,2603.0,657,150,298,0.503,79,88,0.898,390,0.594,248,0.377,49,0.075,46,0.07,44,0.067,Drives,78,43,35,2603.0,102,42,216,196,264,0.742,Defense,78,43,35,2603.0,200,463,0.432,592,192.0,451.0,0.426,0.639,CatchShoot,78,43,35,2603.0,2990,3592,286,24,48,530,751,358,0.096,0.12,Passing,78,43,35,2603.0,1624,4596,2263,254.7,3.33,2.87,0.353,36,0,91,0.75,0.0,0.901,Possessions,78,43,35,2603.0,130,342,0.38,319,59.0,178.0,0.331,0.466,PullUpShot,75.0,41.0,34.0,2509.0,52.0,19.0,33.0,0.365,173.0,0.301,8.0,0.315,11.3,216.0,44.0,172.0,0.204,380.0,0.568,31.0,0.619,8.7,268.0,63.0,205.0,0.235,541.0,0.495,39.0,0.534,9.2,Rebounding,78,43,35,2603.0,1113465,210.9,114.1,96.8,4.69,5.26,4.16,SpeedDistance,78,43,35,2603.0,4596,36,12,18,0.667,3,4,0.75,27,0.75,16,0.444,4,0.25,0,0.0,2,0.056,ElbowTouch,78,43,35,2603.0,4596,0,0,0,0.0,0,0,0.0,0,0.0,0,0.0,0,0.0,0,0.0,0,0.0,PostTouch,78,43,35,2603.0,4596,91,34,48,0.708,14,16,0.875,82,0.901,32,0.352,10,0.11,1,0.011,8,0.088,PaintTouch
1629639,Tyler Herro,1610612748,MIA,33,14,19,1033.0,339,109,183,0.596,27,31,0.871,250,0.737,116,0.342,33,0.097,19,0.056,16,0.047,Drives,33,14,19,1033.0,23,12,144,56,76,0.737,Defense,33,14,19,1033.0,42,118,0.356,125,41.0,110.0,0.373,0.53,CatchShoot,33,14,19,1033.0,1307,1490,136,12,20,223,352,168,0.104,0.129,Passing,33,14,19,1033.0,677,1984,1045,103.7,3.14,2.47,0.341,14,2,20,0.714,0.0,0.9,Possessions,33,14,19,1033.0,104,231,0.45,251,43.0,111.0,0.387,0.543,PullUpShot,33.0,14.0,19.0,1033.0,14.0,6.0,8.0,0.429,52.0,0.269,3.0,0.286,11.0,144.0,17.0,127.0,0.118,244.0,0.59,23.0,0.652,7.9,158.0,23.0,135.0,0.146,293.0,0.539,26.0,0.592,8.2,Rebounding,33,14,19,1033.0,428026,81.1,43.2,37.8,4.5,5.1,3.97,SpeedDistance,33,14,19,1033.0,1984,14,3,6,0.5,4,4,1.0,10,0.714,6,0.429,2,0.333,0,0.0,2,0.143,ElbowTouch,33,14,19,1033.0,1984,2,0,0,0.0,0,0,0.0,0,0.0,1,0.5,0,0.0,1,0.5,0,0.0,PostTouch,33,14,19,1033.0,1984,20,7,10,0.7,4,4,1.0,18,0.9,7,0.35,1,0.05,1,0.05,1,0.05,PaintTouch
1629640,Keldon Johnson,1610612759,SAS,82,62,20,1911.0,488,163,287,0.568,49,58,0.845,385,0.789,129,0.264,25,0.051,30,0.061,29,0.059,Drives,82,62,20,1911.0,46,11,303,101,148,0.682,Defense,82,62,20,1911.0,90,253,0.356,269,89.0,249.0,0.357,0.532,CatchShoot,82,62,20,1911.0,2003,1710,111,13,19,214,293,143,0.055,0.071,Passing,82,62,20,1911.0,1081,2987,1579,113.5,2.28,1.31,0.362,48,13,182,0.729,1.538,1.011,Possessions,82,62,20,1911.0,14,32,0.438,37,9.0,21.0,0.429,0.578,PullUpShot,80.0,60.0,20.0,1866.0,137.0,89.0,48.0,0.65,312.0,0.439,15.0,0.461,5.9,299.0,82.0,216.0,0.274,510.0,0.586,60.0,0.664,5.6,436.0,171.0,264.0,0.392,794.0,0.549,75.0,0.606,5.7,Rebounding,82,62,20,1911.0,747656,141.6,74.1,67.5,4.32,4.55,4.09,SpeedDistance,82,62,20,1911.0,2987,48,15,20,0.75,5,6,0.833,35,0.729,22,0.458,4,0.182,2,0.042,2,0.042,ElbowTouch,82,62,20,1911.0,2987,13,10,11,0.909,0,0,0.0,20,1.538,1,0.077,0,0.0,1,0.077,0,0.0,PostTouch,82,62,20,1911.0,2987,182,79,116,0.681,24,28,0.857,184,1.011,40,0.22,8,0.044,5,0.027,14,0.077,PaintTouch
1629645,Kevin Porter Jr.,1610612749,MIL,38,18,20,1261.0,636,117,227,0.515,70,82,0.854,314,0.494,324,0.509,91,0.143,29,0.046,41,0.064,Drives,38,18,20,1261.0,83,19,164,63,91,0.692,Defense,38,18,20,1261.0,22,62,0.355,66,22.0,60.0,0.367,0.532,CatchShoot,38,18,20,1261.0,2240,2537,280,25,31,522,731,336,0.125,0.15,Passing,38,18,20,1261.0,661,3025,1221,255.4,5.06,5.03,0.219,18,2,43,0.444,2.0,0.698,Possessions,38,18,20,1261.0,89,216,0.412,197,19.0,76.0,0.25,0.456,PullUpShot,37.0,17.0,20.0,1252.0,34.0,12.0,22.0,0.353,92.0,0.37,1.0,0.374,13.2,164.0,27.0,137.0,0.165,274.0,0.599,23.0,0.653,7.4,198.0,39.0,159.0,0.197,360.0,0.55,24.0,0.589,8.4,Rebounding,38,18,20,1261.0,521987,98.9,53.5,45.3,4.51,4.78,4.22,SpeedDistance,38,18,20,1261.0,3025,18,3,8,0.375,2,2,1.0,8,0.444,6,0.333,2,0.333,2,0.111,1,0.056,ElbowTouch,38,18,20,1261.0,3025,2,1,1,1.0,2,2,1.0,4,2.0,0,0.0,0,0.0,0,0.0,1,0.5,PostTouch,38,18,20,1261.0,3025,43,13,21,0.619,2,2,1.0,30,0.698,16,0.372,3,0.07,3,0.07,1,0.023,PaintTouch
1629646,Charles Bassey,1610612744,GSW,13,4,9,153.0,4,1,3,0.333,0,0,0.0,2,0.5,1,0.25,0,0.0,0,0.0,0,0.0,Drives,13,4,9,153.0,4,11,34,12,26,0.462,Defense,13,4,9,153.0,2,5,0.4,4,,,,0.4,CatchShoot,13,4,9,153.0,186,116,7,0,1,13,18,8,0.038,0.043,Passing,13,4,9,153.0,76,248,131,5.5,1.34,0.35,0.306,13,10,52,0.538,0.7,1.096,Possessions,13,4,9,153.0,1,1,1.0,2,,,,1.0,PullUpShot,12.0,4.0,8.0,148.0,23.0,12.0,11.0,0.522,47.0,0.489,1.0,0.5,3.8,34.0,6.0,28.0,0.176,60.0,0.567,8.0,0.654,4.2,57.0,18.0,39.0,0.316,104.0,0.548,9.0,0.6,4.0,Rebounding,13,4,9,153.0,60397,11.4,6.2,5.3,4.24,4.55,4.0,SpeedDistance,13,4,9,153.0,248,13,3,7,0.429,1,2,0.5,7,0.538,3,0.231,0,0.0,1,0.077,1,0.077,ElbowTouch,13,4,9,153.0,248,10,1,1,1.0,5,6,0.833,7,0.7,5,0.5,1,0.1,0,0.0,3,0.3,PostTouch,13,4,9,153.0,248,52,24,36,0.667,8,12,0.667,57,1.096,8,0.154,2,0.038,1,0.019,4,0.077,PaintTouch
1629651,Nic Claxton,1610612751,BKN,69,17,52,1920.0,306,98,198,0.495,55,79,0.696,259,0.846,50,0.163,12,0.039,11,0.036,41,0.134,Drives,69,17,52,1920.0,45,77,310,195,325,0.6,Defense,69,17,52,1920.0,9,38,0.237,21,3.0,14.0,0.214,0.276,CatchShoot,69,17,52,1920.0,2481,2383,253,21,11,457,669,285,0.102,0.115,Passing,69,17,52,1920.0,810,3348,2366,136.4,2.45,1.09,0.242,308,28,488,0.435,0.393,0.893,Possessions,69,17,52,1920.0,7,25,0.28,14,0.0,4.0,0.0,0.28,PullUpShot,69.0,17.0,52.0,1920.0,168.0,112.0,56.0,0.667,397.0,0.423,8.0,0.432,6.0,310.0,92.0,218.0,0.297,529.0,0.586,45.0,0.64,4.7,478.0,204.0,274.0,0.427,893.0,0.535,53.0,0.569,5.2,Rebounding,69,17,52,1920.0,722413,136.8,70.9,65.9,4.18,4.27,4.08,SpeedDistance,69,17,52,1920.0,3348,308,57,95,0.6,18,27,0.667,134,0.435,183,0.594,40,0.219,9,0.029,14,0.045,ElbowTouch,69,17,52,1920.0,3348,28,4,11,0.364,2,4,0.5,11,0.393,9,0.321,2,0.071,0,0.0,2,0.071,PostTouch,69,17,52,1920.0,3348,488,196,289,0.678,34,57,0.596,436,0.893,121,0.248,26,0.053,22,0.045,30,0.061,PaintTouch
1629652,Luguentz Dort,1610612760,OKC,69,53,16,1849.0,188,31,78,0.397,13,20,0.65,76,0.404,81,0.431,20,0.106,14,0.074,10,0.053,Drives,69,53,16,1849.0,62,27,189,69,115,0.6,Defense,69,53,16,1849.0,120,341,0.352,358,118.0,335.0,0.352,0.525,CatchShoot,69,53,16,1849.0,1301,1361,85,8,23,158,230,116,0.065,0.089,Passing,69,53,16,1849.0,576,1948,1139,75.8,2.34,1.66,0.296,31,0,76,0.484,0.0,0.434,Possessions,69,53,16,1849.0,38,98,0.388,85,9.0,34.0,0.265,0.434,PullUpShot,66.0,50.0,16.0,1786.0,56.0,23.0,33.0,0.411,145.0,0.386,2.0,0.392,10.6,189.0,55.0,134.0,0.291,337.0,0.561,31.0,0.618,7.5,245.0,78.0,167.0,0.318,477.0,0.514,33.0,0.552,8.2,Rebounding,69,53,16,1849.0,697407,132.1,67.8,64.3,4.15,4.34,3.96,SpeedDistance,69,53,16,1849.0,1948,31,6,8,0.75,0,0,0.0,15,0.484,22,0.71,4,0.182,1,0.032,0,0.0,ElbowTouch,69,53,16,1849.0,1948,0,0,0,0.0,0,0,0.0,0,0.0,0,0.0,0,0.0,0,0.0,0,0.0,PostTouch,69,53,16,1849.0,1948,76,13,16,0.813,7,8,0.875,33,0.434,47,0.618,9,0.118,5,0.066,4,0.053,PaintTouch
1629655,Daniel Gafford,1610612742,DAL,55,12,43,1195.0,50,16,35,0.457,9,14,0.643,42,0.84,4,0.08,0,0.0,3,0.06,7,0.14,Drives,55,12,43,1195.0,42,69,240,154,280,0.55,Defense,55,12,43,1194.0,2,4,0.5,4,,,,0.5,CatchShoot,55,12,43,1195.0,1077,757,58,4,4,91,144,66,0.054,0.061,Passing,55,12,43,1195.0,524,1567,854,42.6,1.63,0.5,0.334,104,39,336,0.76,0.667,1.11,Possessions,55,12,43,1194.0,2,5,0.4,4,,,,0.4,PullUpShot,55.0,12.0,43.0,1195.0,138.0,100.0,37.0,0.725,362.0,0.381,14.0,0.397,3.8,240.0,77.0,162.0,0.321,453.0,0.53,62.0,0.614,4.2,378.0,177.0,199.0,0.468,797.0,0.474,76.0,0.524,4.1,Rebounding,55,12,43,1195.0,478163,90.6,46.6,44.0,4.4,4.55,4.25,SpeedDistance,55,12,43,1195.0,1567,104,33,50,0.66,11,16,0.688,79,0.76,37,0.356,8,0.216,4,0.038,8,0.077,ElbowTouch,55,12,43,1195.0,1567,39,12,20,0.6,2,2,1.0,26,0.667,11,0.282,2,0.051,5,0.128,1,0.026,PostTouch,55,12,43,1195.0,1567,336,156,218,0.716,52,71,0.732,373,1.11,50,0.149,8,0.024,15,0.045,33,0.098,PaintTouch
1629656,Quentin Grimes,1610612755,PHI,75,42,33,2206.0,495,96,179,0.536,80,92,0.87,283,0.572,208,0.42,51,0.103,42,0.085,46,0.093,Drives,75,42,33,2206.0,64,28,227,119,154,0.773,Defense,75,42,33,2206.0,95,249,0.382,285,95.0,248.0,0.383,0.572,CatchShoot,75,42,33,2206.0,2442,2775,244,24,37,422,638,305,0.1,0.125,Passing,75,42,33,2206.0,1006,3565,2114,168.0,2.83,2.49,0.282,35,4,53,0.629,0.5,0.906,Possessions,75,42,33,2206.0,59,210,0.281,149,31.0,129.0,0.24,0.355,PullUpShot,73.0,42.0,31.0,2144.0,46.0,14.0,32.0,0.304,119.0,0.387,4.0,0.4,13.3,227.0,51.0,176.0,0.225,408.0,0.556,46.0,0.627,7.3,273.0,65.0,208.0,0.238,520.0,0.525,50.0,0.581,8.3,Rebounding,75,42,33,2206.0,849645,160.9,86.1,74.8,4.21,4.47,3.95,SpeedDistance,75,42,33,2206.0,3565,35,11,15,0.733,0,0,0.0,22,0.629,15,0.429,4,0.267,2,0.057,0,0.0,ElbowTouch,75,42,33,2206.0,3565,4,1,1,1.0,0,0,0.0,2,0.5,3,0.75,1,0.25,0,0.0,0,0.0,PostTouch,75,42,33,2206.0,3565,53,21,28,0.75,6,8,0.75,48,0.906,16,0.302,4,0.075,1,0.019,4,0.075,PaintTouch
1629660,Ty Jerome,1610612763,MEM,15,3,12,339.0,157,42,84,0.5,17,20,0.85,106,0.675,53,0.338,21,0.134,8,0.051,10,0.064,Drives,15,3,12,339.0,16,4,31,25,31,0.806,Defense,15,3,12,339.0,7,23,0.304,20,6.0,21.0,0.286,0.435,CatchShoot,15,3,12,339.0,505,675,85,7,9,122,215,101,0.168,0.2,Passing,15,3,12,339.0,295,784,334,65.9,5.04,4.53,0.376,4,0,4,1.0,0.0,1.0,Possessions,15,3,12,339.0,59,125,0.472,151,33.0,74.0,0.446,0.604,PullUpShot,15.0,3.0,12.0,339.0,11.0,1.0,10.0,0.091,23.0,0.478,0.0,0.478,13.2,31.0,12.0,19.0,0.387,53.0,0.585,4.0,0.633,8.6,42.0,13.0,29.0,0.31,75.0,0.56,4.0,0.592,9.8,Rebounding,15,3,12,339.0,129502,24.5,13.1,11.4,4.09,4.58,3.64,SpeedDistance,15,3,12,339.0,784,4,2,2,1.0,0,0,0.0,4,1.0,2,0.5,0,0.0,0,0.0,0,0.0,ElbowTouch,15,3,12,339.0,784,0,0,0,0.0,0,0,0.0,0,0.0,0,0.0,0,0.0,0,0.0,0,0.0,PostTouch,15,3,12,339.0,784,4,2,3,0.667,0,0,0.0,4,1.0,0,0.0,0,0.0,1,0.25,0,0.0,PaintTouch
1629661,Cameron Johnson,1610612743,DEN,54,37,17,1647.0,193,30,75,0.4,18,26,0.692,82,0.425,88,0.456,25,0.13,13,0.067,13,0.067,Drives,54,37,17,1647.0,40,21,163,87,121,0.719,Defense,54,37,17,1647.0,95,224,0.424,282,92.0,217.0,0.424,0.629,CatchShoot,54,37,17,1647.0,1397,1425,132,11,19,233,333,161,0.094,0.115,Passing,54,37,17,1647.0,660,2013,1281,76.7,2.28,1.65,0.328,32,0,57,0.813,0.0,0.877,Possessions,54,37,17,1647.0,37,91,0.407,91,17.0,37.0,0.459,0.5,PullUpShot,54.0,37.0,17.0,1647.0,43.0,17.0,26.0,0.395,94.0,0.457,2.0,0.467,10.4,163.0,42.0,118.0,0.258,274.0,0.595,33.0,0.676,8.5,206.0,59.0,144.0,0.286,360.0,0.572,35.0,0.634,8.9,Rebounding,54,37,17,1647.0,616370,116.7,63.0,53.8,4.19,4.51,3.88,SpeedDistance,54,37,17,1647.0,2013,32,12,17,0.706,1,2,0.5,26,0.813,12,0.375,1,0.083,0,0.0,1,0.031,ElbowTouch,54,37,17,1647.0,2013,0,0,0,0.0,0,0,0.0,0,0.0,0,0.0,0,0.0,0,0.0,0,0.0,PostTouch,54,37,17,1647.0,2013,57,24,30,0.8,1,2,0.5,50,0.877,23,0.404,4,0.07,1,0.018,1,0.018,PaintTouch
1629673,Jordan Poole,1610612740,NOP,39,16,23,933.0,234,35,90,0.389,39,46,0.848,113,0.483,101,0.432,21,0.09,14,0.06,23,0.098,Drives,39,16,23,933.0,22,15,68,45,67,0.672,Defense,39,16,23,933.0,51,152,0.336,153,51.0,151.0,0.338,0.503,CatchShoot,39,16,23,933.0,1122,1479,119,18,14,212,302,151,0.106,0.135,Passing,39,16,23,933.0,524,1745,781,119.5,4.11,3.61,0.3,3,1,9,1.333,0.0,0.889,Possessions,39,16,23,933.0,54,167,0.323,150,42.0,131.0,0.321,0.449,PullUpShot,34.0,14.0,20.0,844.0,9.0,4.0,5.0,0.444,36.0,0.25,2.0,0.265,14.9,68.0,9.0,59.0,0.132,121.0,0.562,11.0,0.618,10.6,77.0,13.0,64.0,0.169,155.0,0.497,13.0,0.542,11.1,Rebounding,39,16,23,933.0,345661,65.5,36.3,29.1,4.03,4.47,3.58,SpeedDistance,39,16,23,933.0,1745,3,2,2,1.0,0,0,0.0,4,1.333,1,0.333,0,0.0,0,0.0,0,0.0,ElbowTouch,39,16,23,933.0,1745,1,0,1,0.0,0,0,0.0,0,0.0,0,0.0,0,0.0,0,0.0,0,0.0,PostTouch,39,16,23,933.0,1745,9,4,7,0.571,0,0,0.0,8,0.889,2,0.222,0,0.0,0,0.0,0,0.0,PaintTouch
1629674,Neemias Queta,1610612738,BOS,76,52,24,1926.0,61,21,43,0.488,3,6,0.5,45,0.738,9,0.148,1,0.016,3,0.049,3,0.049,Drives,76,52,24,1926.0,60,100,406,201,348,0.578,Defense,76,52,24,1926.0,9,22,0.409,19,1.0,6.0,0.167,0.432,CatchShoot,76,52,24,1926.0,1960,1534,126,5,13,197,329,145,0.064,0.074,Passing,76,52,24,1926.0,776,2660,1674,74.1,1.67,0.57,0.292,188,13,631,0.66,0.154,0.99,Possessions,76,52,24,1926.0,0,13,0.0,0,0.0,1.0,0.0,0.0,PullUpShot,76.0,52.0,24.0,1926.0,230.0,169.0,61.0,0.735,504.0,0.456,12.0,0.467,4.8,406.0,164.0,242.0,0.404,753.0,0.539,111.0,0.632,4.0,636.0,333.0,303.0,0.524,1248.0,0.51,123.0,0.565,4.3,Rebounding,76,52,24,1926.0,738013,139.8,75.5,64.2,4.24,4.4,4.07,SpeedDistance,76,52,24,1926.0,2660,188,52,80,0.65,15,20,0.75,124,0.66,83,0.441,13,0.157,8,0.043,10,0.053,ElbowTouch,76,52,24,1926.0,2660,13,1,5,0.2,0,0,0.0,2,0.154,1,0.077,0,0.0,2,0.154,0,0.0,PostTouch,76,52,24,1926.0,2660,631,274,391,0.701,68,94,0.723,625,0.99,133,0.211,21,0.033,23,0.036,46,0.073,PaintTouch
1629675,Naz Reid,1610612750,MIN,77,46,31,2007.0,292,91,181,0.503,36,49,0.735,224,0.767,57,0.195,22,0.075,26,0.089,25,0.086,Drives,77,46,31,2007.0,76,78,387,165,274,0.602,Defense,77,46,31,2007.0,138,355,0.389,407,131.0,344.0,0.381,0.573,CatchShoot,77,46,31,2007.0,2739,2253,170,5,26,257,436,201,0.062,0.073,Passing,77,46,31,2007.0,1046,3855,1952,115.6,1.8,1.06,0.271,57,88,124,0.596,0.761,0.887,Possessions,77,46,31,2007.0,62,180,0.344,153,29.0,96.0,0.302,0.425,PullUpShot,75.0,45.0,30.0,1982.0,88.0,51.0,37.0,0.58,213.0,0.413,8.0,0.429,6.7,383.0,127.0,256.0,0.332,612.0,0.626,61.0,0.695,4.9,471.0,178.0,293.0,0.378,786.0,0.599,69.0,0.657,5.3,Rebounding,77,46,31,2007.0,778923,147.5,78.3,69.2,4.27,4.56,3.98,SpeedDistance,77,46,31,2007.0,3855,57,15,26,0.577,4,6,0.667,34,0.596,26,0.456,8,0.308,1,0.018,3,0.053,ElbowTouch,77,46,31,2007.0,3855,88,30,47,0.638,7,10,0.7,67,0.761,22,0.25,3,0.034,10,0.114,5,0.057,PostTouch,77,46,31,2007.0,3855,124,49,73,0.671,9,16,0.563,110,0.887,33,0.266,4,0.032,5,0.04,8,0.065,PaintTouch
1629680,Matisse Thybulle,1610612757,POR,30,17,13,480.0,66,9,25,0.36,11,14,0.786,29,0.439,26,0.394,8,0.121,7,0.106,7,0.106,Drives,30,17,13,480.0,60,16,42,22,22,1.0,Defense,30,17,13,480.0,33,84,0.393,98,32.0,83.0,0.386,0.583,CatchShoot,30,17,13,480.0,456,370,27,2,7,47,70,36,0.059,0.079,Passing,30,17,13,480.0,174,642,372,18.5,1.73,1.12,0.271,10,0,13,0.5,0.0,0.154,Possessions,30,17,13,480.0,5,12,0.417,15,5.0,10.0,0.5,0.625,PullUpShot,24.0,14.0,10.0,393.0,17.0,3.0,14.0,0.176,31.0,0.548,1.0,0.567,15.6,42.0,9.0,33.0,0.214,71.0,0.592,7.0,0.656,8.0,59.0,12.0,47.0,0.203,99.0,0.596,8.0,0.648,10.2,Rebounding,30,17,13,480.0,195273,37.0,18.9,18.1,4.32,4.5,4.14,SpeedDistance,30,17,13,480.0,642,10,2,4,0.5,0,0,0.0,5,0.5,4,0.4,0,0.0,0,0.0,0,0.0,ElbowTouch,30,17,13,480.0,642,0,0,0,0.0,0,0,0.0,0,0.0,0,0.0,0,0.0,0,0.0,0,0.0,PostTouch,30,17,13,480.0,642,13,1,5,0.2,0,0,0.0,2,0.154,7,0.538,0,0.0,1,0.077,0,0.0,PaintTouch
1629684,Grant Williams,1610612766,CHA,36,25,11,711.0,36,6,15,0.4,1,2,0.5,14,0.389,15,0.417,7,0.194,4,0.111,1,0.028,Drives,36,25,11,711.0,17,18,96,47,71,0.662,Defense,36,25,11,711.0,51,120,0.425,148,46.0,115.0,0.4,0.617,CatchShoot,36,25,11,711.0,718,589,56,4,10,108,150,70,0.078,0.097,Passing,36,25,11,711.0,252,977,601,27.6,1.69,0.55,0.258,14,12,54,0.429,0.417,0.444,Possessions,36,25,11,711.0,12,34,0.353,30,6.0,17.0,0.353,0.441,PullUpShot,35.0,25.0,10.0,694.0,46.0,28.0,19.0,0.609,92.0,0.5,3.0,0.517,8.3,96.0,39.0,57.0,0.406,193.0,0.497,30.0,0.589,5.7,142.0,67.0,76.0,0.472,275.0,0.516,33.0,0.587,6.6,Rebounding,36,25,11,711.0,270249,51.2,28.0,23.1,3.99,4.11,3.84,SpeedDistance,36,25,11,711.0,977,14,3,3,1.0,0,0,0.0,6,0.429,7,0.5,2,0.286,2,0.143,0,0.0,ElbowTouch,36,25,11,711.0,977,12,1,4,0.25,3,6,0.5,5,0.417,3,0.25,0,0.0,1,0.083,3,0.25,PostTouch,36,25,11,711.0,977,54,8,10,0.8,7,8,0.875,24,0.444,34,0.63,4,0.074,3,0.056,4,0.074,PaintTouch
1629723,John Konchar,1610612762,UTA,56,18,38,1115.0,69,7,12,0.583,6,8,0.75,20,0.29,47,0.681,9,0.13,3,0.043,4,0.058,Drives,56,18,38,1115.0,83,38,166,121,161,0.752,Defense,56,18,38,1115.0,27,96,0.281,80,26.0,93.0,0.28,0.417,CatchShoot,56,18,38,1115.0,1368,861,118,7,17,228,294,142,0.086,0.104,Passing,56,18,38,1115.0,248,1653,817,44.6,1.62,0.81,0.15,46,0,105,0.587,0.0,0.629,Possessions,56,18,38,1115.0,6,13,0.462,14,2.0,5.0,0.4,0.538,PullUpShot,54.0,17.0,37.0,1093.0,74.0,27.0,46.0,0.365,163.0,0.454,6.0,0.471,8.2,166.0,32.0,134.0,0.193,284.0,0.585,33.0,0.661,6.7,240.0,59.0,180.0,0.246,437.0,0.549,39.0,0.603,7.1,Rebounding,56,18,38,1115.0,466782,88.4,45.7,42.7,4.56,4.78,4.36,SpeedDistance,56,18,38,1115.0,1653,46,13,17,0.765,1,2,0.5,27,0.587,26,0.565,3,0.115,1,0.022,1,0.022,ElbowTouch,56,18,38,1115.0,1653,0,0,0,0.0,0,0,0.0,0,0.0,0,0.0,0,0.0,0,0.0,0,0.0,PostTouch,56,18,38,1115.0,1653,105,27,39,0.692,10,14,0.714,66,0.629,57,0.543,11,0.105,1,0.01,7,0.067,PaintTouch
1629726,Garrison Mathews,1610612754,IND,15,4,11,196.0,13,1,3,0.333,9,10,0.9,11,0.846,4,0.308,2,0.154,0,0.0,5,0.385,Drives,15,4,11,196.0,6,3,15,11,13,0.846,Defense,15,4,11,196.0,17,41,0.415,51,17.0,41.0,0.415,0.622,CatchShoot,15,4,11,196.0,184,166,10,0,0,19,23,10,0.054,0.054,Passing,15,4,11,196.0,78,255,155,5.8,1.36,0.45,0.306,3,0,1,1.333,0.0,0.0,Possessions,15,4,11,196.0,1,6,0.167,2,0.0,5.0,0.0,0.167,PullUpShot,11.0,3.0,8.0,167.0,2.0,0.0,2.0,0.0,6.0,0.333,1.0,0.4,29.0,15.0,2.0,13.0,0.133,35.0,0.429,4.0,0.484,8.2,17.0,2.0,15.0,0.118,38.0,0.447,5.0,0.515,10.6,Rebounding,15,4,11,196.0,78356,14.8,8.1,6.7,4.58,5.05,4.11,SpeedDistance,15,4,11,196.0,255,3,1,1,1.0,2,2,1.0,4,1.333,0,0.0,0,0.0,1,0.333,1,0.333,ElbowTouch,15,4,11,196.0,255,0,0,0,0.0,0,0,0.0,0,0.0,0,0.0,0,0.0,0,0.0,0,0.0,PostTouch,15,4,11,196.0,255,1,0,0,0.0,0,0,0.0,0,0.0,1,1.0,1,1.0,0,0.0,0,0.0,PaintTouch
1629731,Dean Wade,1610612739,CLE,59,36,23,1318.0,88,8,18,0.444,6,6,1.0,22,0.25,62,0.705,15,0.17,4,0.045,3,0.034,Drives,59,36,23,1318.0,44,23,194,109,163,0.669,Defense,59,36,23,1318.0,69,189,0.365,206,68.0,188.0,0.362,0.545,CatchShoot,59,36,23,1318.0,1337,920,88,5,15,147,231,108,0.066,0.081,Passing,59,36,23,1318.0,342,1681,893,42.9,1.53,0.63,0.203,37,0,82,0.73,0.0,0.622,Possessions,59,36,23,1318.0,5,15,0.333,13,3.0,7.0,0.429,0.433,PullUpShot,57.0,34.0,23.0,1299.0,53.0,24.0,29.0,0.453,146.0,0.363,9.0,0.387,8.6,194.0,46.0,148.0,0.237,357.0,0.543,46.0,0.624,6.3,247.0,70.0,177.0,0.283,494.0,0.5,55.0,0.563,6.8,Rebounding,59,36,23,1318.0,538197,101.9,52.2,49.7,4.53,4.79,4.29,SpeedDistance,59,36,23,1318.0,1681,37,10,14,0.714,7,8,0.875,27,0.73,16,0.432,2,0.125,1,0.027,4,0.108,ElbowTouch,59,36,23,1318.0,1681,0,0,0,0.0,0,0,0.0,0,0.0,0,0.0,0,0.0,0,0.0,0,0.0,PostTouch,59,36,23,1318.0,1681,82,21,34,0.618,9,12,0.75,51,0.622,35,0.427,5,0.061,3,0.037,6,0.073,PaintTouch
1629750,Javonte Green,1610612765,DET,82,60,22,1446.0,52,10,28,0.357,6,8,0.75,27,0.519,16,0.308,3,0.058,3,0.058,4,0.077,Drives,82,60,22,1446.0,102,25,168,68,93,0.731,Defense,82,60,22,1446.0,92,237,0.388,274,90.0,233.0,0.386,0.578,CatchShoot,82,60,22,1446.0,1430,1104,56,9,10,122,141,74,0.039,0.052,Passing,82,60,22,1446.0,569,1993,1013,52.6,1.58,0.66,0.285,47,0,124,0.702,0.0,0.718,Possessions,82,60,22,1446.0,3,16,0.188,8,2.0,10.0,0.2,0.25,PullUpShot,72.0,52.0,20.0,1336.0,62.0,34.0,28.0,0.548,136.0,0.456,5.0,0.473,10.4,168.0,46.0,120.0,0.274,288.0,0.583,21.0,0.629,7.5,230.0,80.0,148.0,0.348,408.0,0.564,26.0,0.602,8.3,Rebounding,82,60,22,1446.0,559092,105.9,54.5,51.4,4.25,4.38,4.13,SpeedDistance,82,60,22,1446.0,1993,47,13,22,0.591,7,8,0.875,33,0.702,15,0.319,5,0.333,3,0.064,4,0.085,ElbowTouch,82,60,22,1446.0,1993,0,0,0,0.0,0,0,0.0,0,0.0,0,0.0,0,0.0,0,0.0,0,0.0,PostTouch,82,60,22,1446.0,1993,124,35,60,0.583,18,26,0.692,89,0.718,39,0.315,4,0.032,6,0.048,14,0.113,PaintTouch
1630162,Anthony Edwards,1610612750,MIN,61,37,24,2137.0,675,213,361,0.59,163,200,0.815,617,0.914,165,0.244,36,0.053,30,0.044,103,0.153,Drives,61,37,24,2137.0,83,49,266,112,164,0.683,Defense,61,37,24,2137.0,71,148,0.48,211,69.0,139.0,0.496,0.713,CatchShoot,61,37,24,2137.0,2682,3541,226,23,54,395,588,303,0.084,0.113,Passing,61,37,24,2137.0,1757,4424,1998,363.5,4.93,4.88,0.397,32,78,52,1.031,0.513,0.827,Possessions,61,37,24,2137.0,278,683,0.407,684,128.0,363.0,0.353,0.501,PullUpShot,60.0,36.0,24.0,2103.0,36.0,8.0,27.0,0.222,80.0,0.45,1.0,0.456,15.8,262.0,59.0,203.0,0.225,405.0,0.647,34.0,0.706,7.0,298.0,67.0,230.0,0.225,479.0,0.622,35.0,0.671,8.0,Rebounding,61,37,24,2137.0,772112,146.2,79.5,66.7,4.0,4.32,3.67,SpeedDistance,61,37,24,2137.0,4424,32,13,23,0.565,7,8,0.875,33,1.031,3,0.094,0,0.0,2,0.063,4,0.125,ElbowTouch,61,37,24,2137.0,4424,78,15,37,0.405,10,14,0.714,40,0.513,26,0.333,4,0.051,5,0.064,7,0.09,PostTouch,61,37,24,2137.0,4424,52,18,35,0.514,9,10,0.9,43,0.827,8,0.154,3,0.058,2,0.038,5,0.096,PaintTouch
1630163,LaMelo Ball,1610612766,CHA,72,41,31,2017.0,785,179,401,0.446,56,62,0.903,423,0.539,273,0.348,89,0.113,53,0.068,31,0.039,Drives,72,41,31,2017.0,87,17,282,74,94,0.787,Defense,72,41,31,2017.0,123,334,0.368,366,120.0,331.0,0.363,0.548,CatchShoot,72,41,31,2017.0,3550,4308,514,47,62,853,1354,621,0.145,0.175,Passing,72,41,31,2017.0,1445,5264,2247,424.1,4.83,4.56,0.275,23,1,67,0.261,2.0,0.746,Possessions,72,41,31,2017.0,208,565,0.368,565,149.0,404.0,0.369,0.5,PullUpShot,72.0,41.0,31.0,2017.0,65.0,28.0,37.0,0.431,164.0,0.396,8.0,0.417,9.7,282.0,66.0,216.0,0.234,420.0,0.671,33.0,0.729,7.2,347.0,94.0,253.0,0.271,579.0,0.599,41.0,0.645,7.7,Rebounding,72,41,31,2017.0,813663,154.1,87.7,66.4,4.41,4.81,3.97,SpeedDistance,72,41,31,2017.0,5264,23,3,6,0.5,0,0,0.0,6,0.261,15,0.652,4,0.267,1,0.043,0,0.0,ElbowTouch,72,41,31,2017.0,5264,1,1,1,1.0,0,0,0.0,2,2.0,0,0.0,0,0.0,0,0.0,0,0.0,PostTouch,72,41,31,2017.0,5264,67,23,35,0.657,0,0,0.0,50,0.746,22,0.328,4,0.06,5,0.075,1,0.015,PaintTouch
1630164,James Wiseman,1610612754,IND,4,0,4,58.0,0,0,0,0.0,0,0,0.0,0,0.0,0,0.0,0,0.0,0,0.0,0,0.0,Drives,4,0,4,58.0,0,1,3,2,6,0.333,Defense,4,0,4,58.0,0,1,0.0,0,,,,0.0,CatchShoot,4,0,4,58.0,43,34,3,0,0,5,8,3,0.07,0.07,Passing,4,0,4,58.0,13,61,38,1.5,1.51,0.59,0.213,1,2,13,1.0,0.0,0.769,Possessions,4,0,4,58.0,0,0,,0,,,,,PullUpShot,3.0,0.0,3.0,47.0,5.0,5.0,0.0,1.0,7.0,0.714,0.0,0.714,4.4,3.0,2.0,1.0,0.667,15.0,0.2,3.0,0.25,2.7,8.0,7.0,1.0,0.875,22.0,0.364,3.0,0.421,3.8,Rebounding,4,0,4,58.0,24588,4.7,2.4,2.3,4.66,4.88,4.45,SpeedDistance,4,0,4,58.0,61,1,0,0,0.0,1,2,0.5,1,1.0,0,0.0,0,0.0,0,0.0,1,1.0,ElbowTouch,4,0,4,58.0,61,2,0,1,0.0,0,0,0.0,0,0.0,0,0.0,0,0.0,1,0.5,0,0.0,PostTouch,4,0,4,58.0,61,13,5,7,0.714,0,0,0.0,10,0.769,2,0.154,0,0.0,3,0.231,0,0.0,PaintTouch
1630165,Killian Hayes,1610612758,SAC,23,10,13,406.0,96,17,49,0.347,8,8,1.0,43,0.448,38,0.396,11,0.115,5,0.052,4,0.042,Drives,23,10,13,406.0,21,4,50,15,21,0.714,Defense,23,10,13,406.0,9,36,0.25,27,9.0,35.0,0.257,0.375,CatchShoot,23,10,13,406.0,670,678,81,9,6,134,213,96,0.121,0.143,Passing,23,10,13,406.0,127,866,309,70.0,4.85,4.25,0.147,3,0,8,0.667,0.0,0.5,Possessions,23,10,13,406.0,23,69,0.333,54,8.0,27.0,0.296,0.391,PullUpShot,20.0,9.0,11.0,383.0,4.0,0.0,4.0,0.0,12.0,0.333,1.0,0.364,9.4,50.0,6.0,44.0,0.12,72.0,0.694,0.0,0.694,7.2,54.0,6.0,48.0,0.111,84.0,0.643,1.0,0.651,7.3,Rebounding,23,10,13,406.0,160917,30.5,16.1,14.3,4.2,4.43,3.95,SpeedDistance,23,10,13,406.0,866,3,1,2,0.5,0,0,0.0,2,0.667,1,0.333,1,1.0,0,0.0,0,0.0,ElbowTouch,23,10,13,406.0,866,0,0,0,0.0,0,0,0.0,0,0.0,0,0.0,0,0.0,0,0.0,0,0.0,PostTouch,23,10,13,406.0,866,8,2,3,0.667,0,0,0.0,4,0.5,5,0.625,2,0.25,0,0.0,0,0.0,PaintTouch
1630166,Deni Avdija,1610612757,POR,66,35,31,2199.0,1280,211,413,0.511,210,254,0.827,668,0.522,620,0.484,161,0.126,93,0.073,129,0.101,Drives,66,35,31,2199.0,51,41,380,156,227,0.687,Defense,66,35,31,2199.0,90,245,0.367,266,86.0,239.0,0.36,0.543,CatchShoot,66,35,31,2199.0,3780,4195,442,32,64,884,1184,537,0.117,0.142,Passing,66,35,31,2199.0,1598,5536,2293,387.0,4.19,3.75,0.289,75,38,103,0.64,0.342,0.777,Possessions,66,35,31,2199.0,78,243,0.321,193,37.0,148.0,0.25,0.397,PullUpShot,65.0,34.0,31.0,2198.0,74.0,37.0,38.0,0.5,236.0,0.314,9.0,0.326,10.0,380.0,74.0,306.0,0.195,632.0,0.601,61.0,0.665,5.3,454.0,111.0,344.0,0.244,827.0,0.549,70.0,0.6,6.1,Rebounding,66,35,31,2199.0,838677,158.8,86.4,72.5,4.22,4.67,3.79,SpeedDistance,66,35,31,2199.0,5536,75,17,30,0.567,10,12,0.833,48,0.64,32,0.427,5,0.156,4,0.053,6,0.08,ElbowTouch,66,35,31,2199.0,5536,38,5,8,0.625,2,2,1.0,13,0.342,24,0.632,1,0.026,1,0.026,1,0.026,PostTouch,66,35,31,2199.0,5536,103,31,50,0.62,13,16,0.813,80,0.777,34,0.33,3,0.029,5,0.049,9,0.087,PaintTouch
1630167,Obi Toppin,1610612754,IND,24,4,20,424.0,58,13,23,0.565,9,10,0.9,37,0.638,22,0.379,8,0.138,6,0.103,5,0.086,Drives,24,4,20,424.0,12,1,93,18,25,0.72,Defense,24,4,20,424.0,41,97,0.423,119,37.0,89.0,0.416,0.613,CatchShoot,24,4,20,424.0,650,583,55,2,5,83,141,62,0.085,0.095,Passing,24,4,20,424.0,279,920,535,27.6,1.8,0.97,0.303,15,32,76,0.8,0.688,1.145,Possessions,24,4,20,424.0,4,27,0.148,8,0.0,15.0,0.0,0.148,PullUpShot,24.0,4.0,20.0,424.0,13.0,8.0,5.0,0.615,39.0,0.333,1.0,0.342,4.0,93.0,17.0,76.0,0.183,126.0,0.738,6.0,0.775,4.2,106.0,25.0,81.0,0.236,154.0,0.688,7.0,0.721,4.2,Rebounding,24,4,20,424.0,180334,34.2,18.2,15.9,4.62,4.95,4.26,SpeedDistance,24,4,20,424.0,920,15,5,8,0.625,2,2,1.0,12,0.8,6,0.4,2,0.333,0,0.0,1,0.067,ElbowTouch,24,4,20,424.0,920,32,8,11,0.727,6,6,1.0,22,0.688,14,0.438,4,0.125,3,0.094,3,0.094,PostTouch,24,4,20,424.0,920,76,36,44,0.818,14,14,1.0,87,1.145,16,0.211,4,0.053,2,0.026,5,0.066,PaintTouch
1630168,Onyeka Okongwu,1610612737,ATL,74,41,33,2297.0,241,73,147,0.497,36,49,0.735,189,0.784,51,0.212,15,0.062,16,0.066,25,0.104,Drives,74,41,33,2297.0,82,79,422,230,361,0.637,Defense,74,41,33,2297.0,146,377,0.387,434,142.0,367.0,0.387,0.576,CatchShoot,74,41,33,2297.0,2701,2528,231,15,30,340,592,276,0.086,0.102,Passing,74,41,33,2297.0,1123,3818,2492,93.5,1.47,0.56,0.294,162,68,397,0.673,0.574,0.849,Possessions,74,41,33,2297.0,14,41,0.341,30,2.0,10.0,0.2,0.366,PullUpShot,74.0,41.0,33.0,2297.0,140.0,90.0,50.0,0.643,306.0,0.458,9.0,0.471,6.5,422.0,135.0,287.0,0.32,705.0,0.599,76.0,0.671,4.8,562.0,225.0,337.0,0.4,999.0,0.563,85.0,0.615,5.2,Rebounding,74,41,33,2297.0,871957,165.1,84.8,80.3,4.19,4.47,3.93,SpeedDistance,74,41,33,2297.0,3818,162,48,82,0.585,11,14,0.786,109,0.673,65,0.401,10,0.154,5,0.031,7,0.043,ElbowTouch,74,41,33,2297.0,3818,68,16,38,0.421,7,14,0.5,39,0.574,15,0.221,6,0.088,1,0.015,7,0.103,PostTouch,74,41,33,2297.0,3818,397,135,217,0.622,63,82,0.768,337,0.849,109,0.275,17,0.043,14,0.035,41,0.103,PaintTouch
1630170,Devin Vassell,1610612759,SAS,67,52,15,2044.0,239,46,101,0.455,16,20,0.8,110,0.46,105,0.439,20,0.084,16,0.067,10,0.042,Drives,67,52,15,2044.0,57,25,230,78,126,0.619,Defense,67,52,15,2044.0,167,407,0.41,481,147.0,373.0,0.394,0.591,CatchShoot,67,52,15,2044.0,1921,2037,167,14,33,286,427,214,0.087,0.111,Passing,67,52,15,2044.0,932,2830,1719,106.6,2.26,1.58,0.329,33,2,32,0.455,0.0,0.5,Possessions,67,52,15,2044.0,104,241,0.432,225,17.0,54.0,0.315,0.467,PullUpShot,66.0,51.0,15.0,2014.0,38.0,12.0,26.0,0.316,73.0,0.521,4.0,0.551,16.5,228.0,43.0,185.0,0.189,369.0,0.618,22.0,0.657,7.7,266.0,55.0,211.0,0.207,434.0,0.613,26.0,0.652,8.9,Rebounding,67,52,15,2044.0,794055,150.4,79.7,70.7,4.4,4.83,4.01,SpeedDistance,67,52,15,2044.0,2830,33,5,8,0.625,4,6,0.667,15,0.455,21,0.636,8,0.381,1,0.03,3,0.091,ElbowTouch,67,52,15,2044.0,2830,2,0,2,0.0,0,0,0.0,0,0.0,0,0.0,0,0.0,0,0.0,0,0.0,PostTouch,67,52,15,2044.0,2830,32,7,12,0.583,2,2,1.0,16,0.5,18,0.563,5,0.156,1,0.031,1,0.031,PaintTouch
1630171,Isaac Okoro,1610612741,CHI,63,26,37,1695.0,228,38,81,0.469,35,44,0.795,113,0.496,102,0.447,19,0.083,12,0.053,23,0.101,Drives,63,26,37,1695.0,46,29,104,104,169,0.615,Defense,63,26,37,1695.0,65,193,0.337,195,65.0,193.0,0.337,0.505,CatchShoot,63,26,37,1695.0,1245,1269,100,12,14,194,272,126,0.08,0.101,Passing,63,26,37,1695.0,584,1851,1215,58.4,1.89,1.19,0.316,39,14,129,0.564,0.286,0.76,Possessions,63,26,37,1695.0,9,26,0.346,26,8.0,25.0,0.32,0.5,PullUpShot,59.0,22.0,37.0,1604.0,69.0,30.0,40.0,0.435,161.0,0.429,10.0,0.457,10.2,103.0,29.0,74.0,0.282,228.0,0.452,29.0,0.518,10.8,172.0,59.0,114.0,0.343,380.0,0.453,39.0,0.504,10.6,Rebounding,63,26,37,1695.0,700283,132.6,68.4,64.2,4.52,4.79,4.27,SpeedDistance,63,26,37,1695.0,1851,39,9,18,0.5,4,4,1.0,22,0.564,16,0.41,3,0.188,1,0.026,2,0.051,ElbowTouch,63,26,37,1695.0,1851,14,1,2,0.5,2,2,1.0,4,0.286,9,0.643,4,0.286,1,0.071,1,0.071,PostTouch,63,26,37,1695.0,1851,129,44,70,0.629,9,14,0.643,98,0.76,37,0.287,7,0.054,10,0.078,7,0.054,PaintTouch
1630172,Patrick Williams,1610612741,CHI,72,24,48,1474.0,287,45,111,0.405,28,40,0.7,119,0.415,124,0.432,24,0.084,21,0.073,20,0.07,Drives,72,24,48,1474.0,49,26,166,131,176,0.744,Defense,72,24,48,1474.0,80,223,0.359,240,80.0,222.0,0.36,0.538,CatchShoot,72,24,48,1474.0,1581,1337,105,7,13,216,276,126,0.066,0.08,Passing,72,24,48,1474.0,505,2211,1234,75.5,2.05,1.42,0.228,26,15,59,0.269,0.6,0.525,Possessions,72,24,48,1474.0,34,87,0.391,82,14.0,45.0,0.311,0.471,PullUpShot,66.0,20.0,46.0,1418.0,49.0,25.0,24.0,0.51,141.0,0.348,7.0,0.366,8.6,166.0,54.0,112.0,0.325,269.0,0.617,19.0,0.664,6.8,215.0,79.0,136.0,0.367,394.0,0.546,26.0,0.584,7.2,Rebounding,72,24,48,1474.0,576990,109.3,57.4,51.8,4.33,4.69,3.98,SpeedDistance,72,24,48,1474.0,2211,26,2,8,0.25,3,4,0.75,7,0.269,12,0.462,2,0.167,2,0.077,2,0.077,ElbowTouch,72,24,48,1474.0,2211,15,4,9,0.444,0,0,0.0,9,0.6,1,0.067,0,0.0,1,0.067,0,0.0,PostTouch,72,24,48,1474.0,2211,59,14,32,0.438,3,6,0.5,31,0.525,15,0.254,4,0.068,6,0.102,3,0.051,PaintTouch
1630173,Precious Achiuwa,1610612758,SAC,73,20,53,1745.0,228,71,144,0.493,19,34,0.559,162,0.711,44,0.193,17,0.075,17,0.075,17,0.075,Drives,73,20,53,1745.0,65,50,315,183,285,0.642,Defense,73,20,53,1745.0,29,99,0.293,85,27.0,93.0,0.29,0.429,CatchShoot,73,20,53,1745.0,1470,1219,101,3,4,137,247,108,0.069,0.073,Passing,73,20,53,1745.0,736,2244,1212,84.2,2.25,1.38,0.328,108,21,325,0.731,0.381,0.942,Possessions,73,20,53,1745.0,17,53,0.321,34,0.0,4.0,0.0,0.321,PullUpShot,72.0,20.0,52.0,1741.0,177.0,127.0,50.0,0.718,378.0,0.468,17.0,0.49,6.1,315.0,105.0,210.0,0.333,525.0,0.6,57.0,0.673,5.1,492.0,232.0,260.0,0.472,878.0,0.56,74.0,0.612,5.4,Rebounding,73,20,53,1745.0,670780,127.0,66.7,60.3,4.2,4.32,4.07,SpeedDistance,73,20,53,1745.0,2244,108,35,58,0.603,6,10,0.6,79,0.731,35,0.324,6,0.171,6,0.056,6,0.056,ElbowTouch,73,20,53,1745.0,2244,21,4,9,0.444,0,0,0.0,8,0.381,11,0.524,1,0.048,1,0.048,0,0.0,PostTouch,73,20,53,1745.0,2244,325,137,220,0.623,28,50,0.56,306,0.942,55,0.169,9,0.028,19,0.058,24,0.074,PaintTouch
1630174,Aaron Nesmith,1610612754,IND,45,10,35,1335.0,290,70,154,0.455,36,39,0.923,183,0.631,89,0.307,12,0.041,19,0.066,20,0.069,Drives,45,10,35,1335.0,26,23,139,87,141,0.617,Defense,45,10,35,1335.0,92,227,0.405,274,90.0,221.0,0.407,0.604,CatchShoot,45,10,35,1335.0,1561,1549,86,9,17,151,231,113,0.055,0.072,Passing,45,10,35,1335.0,621,2246,1403,69.6,1.86,1.16,0.276,21,0,45,0.667,0.0,0.556,Possessions,45,10,35,1335.0,44,125,0.352,101,13.0,51.0,0.255,0.404,PullUpShot,45.0,10.0,35.0,1335.0,48.0,24.0,24.0,0.5,109.0,0.44,6.0,0.466,13.4,139.0,28.0,111.0,0.201,245.0,0.567,26.0,0.635,7.3,187.0,52.0,135.0,0.278,345.0,0.542,32.0,0.597,8.8,Rebounding,45,10,35,1335.0,553171,104.8,56.5,48.3,4.51,4.94,4.1,SpeedDistance,45,10,35,1335.0,2246,21,7,12,0.583,0,0,0.0,14,0.667,9,0.429,0,0.0,0,0.0,0,0.0,ElbowTouch,45,10,35,1335.0,2246,0,0,0,0.0,0,0,0.0,0,0.0,0,0.0,0,0.0,0,0.0,0,0.0,PostTouch,45,10,35,1335.0,2246,45,10,23,0.435,4,6,0.667,25,0.556,16,0.356,2,0.044,1,0.022,3,0.067,PaintTouch
1630175,Cole Anthony,1610612749,MIL,35,12,23,527.0,264,58,119,0.487,4,4,1.0,122,0.462,125,0.473,27,0.102,11,0.042,2,0.008,Drives,35,12,23,527.0,20,11,71,29,40,0.725,Defense,35,12,23,527.0,14,43,0.326,42,14.0,43.0,0.326,0.488,CatchShoot,35,12,23,527.0,924,1085,121,13,11,224,325,146,0.131,0.158,Passing,35,12,23,527.0,234,1285,445,111.8,5.22,5.01,0.182,2,0,11,0.0,0.0,0.545,Possessions,35,12,23,527.0,41,100,0.41,90,8.0,27.0,0.296,0.45,PullUpShot,30.0,10.0,20.0,508.0,16.0,6.0,10.0,0.375,38.0,0.421,1.0,0.432,15.0,71.0,10.0,61.0,0.141,116.0,0.612,9.0,0.664,8.3,87.0,16.0,71.0,0.184,153.0,0.569,10.0,0.608,9.6,Rebounding,35,12,23,527.0,208230,39.4,21.4,18.1,4.55,4.94,4.19,SpeedDistance,35,12,23,527.0,1285,2,0,0,0.0,0,0,0.0,0,0.0,1,0.5,0,0.0,1,0.5,0,0.0,ElbowTouch,35,12,23,527.0,1285,0,0,0,0.0,0,0,0.0,0,0.0,0,0.0,0,0.0,0,0.0,0,0.0,PostTouch,35,12,23,527.0,1285,11,2,4,0.5,2,2,1.0,6,0.545,6,0.545,0,0.0,0,0.0,1,0.091,PaintTouch
1630178,Tyrese Maxey,1610612755,PHI,70,38,32,2661.0,938,266,547,0.486,136,160,0.85,691,0.737,248,0.264,51,0.054,43,0.046,80,0.085,Drives,70,38,32,2661.0,130,55,266,102,143,0.713,Defense,70,38,32,2661.0,104,242,0.43,306,98.0,235.0,0.417,0.632,CatchShoot,70,38,32,2661.0,4620,5453,461,53,75,857,1223,589,0.1,0.127,Passing,70,38,32,2661.0,1980,6668,2813,498.7,4.49,3.88,0.297,16,13,28,0.75,0.923,0.643,Possessions,70,38,32,2661.0,253,669,0.378,627,121.0,361.0,0.335,0.469,PullUpShot,69.0,38.0,31.0,2624.0,24.0,7.0,17.0,0.292,93.0,0.258,3.0,0.267,13.7,266.0,44.0,221.0,0.165,454.0,0.586,31.0,0.629,9.9,290.0,51.0,238.0,0.176,543.0,0.534,34.0,0.57,10.2,Rebounding,70,38,32,2661.0,1029252,194.9,108.9,86.0,4.26,4.69,3.81,SpeedDistance,70,38,32,2661.0,6668,16,6,8,0.75,0,0,0.0,12,0.75,6,0.375,1,0.167,2,0.125,0,0.0,ElbowTouch,70,38,32,2661.0,6668,13,4,7,0.571,4,4,1.0,12,0.923,3,0.231,0,0.0,1,0.077,2,0.154,PostTouch,70,38,32,2661.0,6668,28,9,18,0.5,0,0,0.0,18,0.643,9,0.321,3,0.107,1,0.036,0,0.0,PaintTouch
1630180,Saddiq Bey,1610612740,NOP,72,24,48,2246.0,410,125,239,0.523,96,125,0.768,361,0.88,87,0.212,20,0.049,15,0.037,63,0.154,Drives,72,24,48,2246.0,68,7,279,104,138,0.754,Defense,72,24,48,2246.0,119,314,0.379,353,115.0,305.0,0.377,0.562,CatchShoot,72,24,48,2246.0,1855,2203,182,8,15,302,467,205,0.098,0.111,Passing,72,24,48,2246.0,1271,3096,2071,131.6,2.55,1.74,0.411,51,166,161,0.627,0.633,0.957,Possessions,72,24,48,2246.0,69,208,0.332,174,36.0,107.0,0.336,0.418,PullUpShot,72.0,24.0,48.0,2246.0,121.0,63.0,58.0,0.521,252.0,0.48,7.0,0.494,7.9,279.0,58.0,221.0,0.208,447.0,0.624,39.0,0.684,7.5,400.0,121.0,279.0,0.303,687.0,0.582,46.0,0.624,7.6,Rebounding,72,24,48,2246.0,850815,161.1,83.5,77.6,4.16,4.34,3.99,SpeedDistance,72,24,48,2246.0,3096,51,13,25,0.52,6,6,1.0,32,0.627,19,0.373,8,0.421,3,0.059,3,0.059,ElbowTouch,72,24,48,2246.0,3096,166,35,91,0.385,31,37,0.838,105,0.633,41,0.247,7,0.042,8,0.048,19,0.114,PostTouch,72,24,48,2246.0,3096,161,58,90,0.644,32,40,0.8,154,0.957,36,0.224,9,0.056,10,0.062,21,0.13,PaintTouch
1630182,Josh Green,1610612766,CHA,58,37,21,908.0,82,9,20,0.45,5,6,0.833,24,0.293,47,0.573,12,0.146,10,0.122,3,0.037,Drives,58,37,21,908.0,35,6,57,20,30,0.667,Defense,58,37,21,908.0,59,135,0.437,176,58.0,134.0,0.433,0.652,CatchShoot,58,37,21,908.0,558,448,47,3,7,75,119,57,0.084,0.102,Passing,58,37,21,908.0,249,795,482,23.6,1.78,1.0,0.313,19,0,27,0.316,0.0,0.37,Possessions,58,37,21,908.0,1,8,0.125,2,0.0,4.0,0.0,0.125,PullUpShot,42.0,28.0,14.0,699.0,45.0,15.0,30.0,0.333,76.0,0.592,2.0,0.608,14.6,57.0,15.0,42.0,0.263,94.0,0.606,9.0,0.671,10.2,102.0,30.0,72.0,0.294,165.0,0.618,11.0,0.662,12.1,Rebounding,58,37,21,908.0,389619,73.8,38.4,35.4,4.56,4.51,4.63,SpeedDistance,58,37,21,908.0,795,19,3,3,1.0,0,0,0.0,6,0.316,13,0.684,1,0.077,2,0.105,0,0.0,ElbowTouch,58,37,21,908.0,795,0,0,0,0.0,0,0,0.0,0,0.0,0,0.0,0,0.0,0,0.0,0,0.0,PostTouch,58,37,21,908.0,795,27,5,6,0.833,0,0,0.0,10,0.37,16,0.593,2,0.074,3,0.111,0,0.0,PaintTouch
1630183,Jaden McDaniels,1610612750,MIN,73,44,29,2316.0,462,123,250,0.492,50,60,0.833,301,0.652,138,0.299,43,0.093,31,0.067,30,0.065,Drives,73,44,29,2316.0,81,73,234,170,305,0.557,Defense,73,44,29,2316.0,76,169,0.45,225,73.0,162.0,0.451,0.666,CatchShoot,73,44,29,2316.0,2327,2299,199,28,38,330,533,265,0.086,0.114,Passing,73,44,29,2316.0,1084,3419,1898,126.3,2.22,1.56,0.317,35,8,120,0.971,0.5,0.975,Possessions,73,44,29,2316.0,116,266,0.436,261,29.0,82.0,0.354,0.491,PullUpShot,71.0,42.0,29.0,2262.0,76.0,25.0,51.0,0.329,161.0,0.472,3.0,0.481,10.2,231.0,53.0,178.0,0.229,436.0,0.53,51.0,0.6,6.8,307.0,78.0,229.0,0.254,579.0,0.53,54.0,0.585,7.6,Rebounding,73,44,29,2316.0,911868,172.7,88.8,83.9,4.38,4.59,4.17,SpeedDistance,73,44,29,2316.0,3419,35,17,22,0.773,0,0,0.0,34,0.971,11,0.314,4,0.364,1,0.029,0,0.0,ElbowTouch,73,44,29,2316.0,3419,8,2,4,0.5,0,0,0.0,4,0.5,3,0.375,1,0.125,0,0.0,0,0.0,PostTouch,73,44,29,2316.0,3419,120,53,74,0.716,8,10,0.8,117,0.975,30,0.25,3,0.025,8,0.067,4,0.033,PaintTouch
1630188,Jalen Smith,1610612741,CHI,53,26,27,1095.0,63,15,31,0.484,12,16,0.75,43,0.683,17,0.27,3,0.048,7,0.111,8,0.127,Drives,53,26,27,1095.0,24,42,257,106,194,0.546,Defense,53,26,27,1095.0,83,222,0.374,246,80.0,211.0,0.379,0.554,CatchShoot,53,26,27,1095.0,1300,1127,65,4,14,102,169,83,0.05,0.064,Passing,53,26,27,1095.0,541,1827,1132,42.3,1.39,0.52,0.296,83,10,196,0.566,0.8,0.801,Possessions,53,26,27,1095.0,2,8,0.25,5,1.0,7.0,0.143,0.313,PullUpShot,52.0,26.0,26.0,1083.0,98.0,68.0,30.0,0.694,197.0,0.497,4.0,0.508,5.9,257.0,93.0,164.0,0.362,433.0,0.594,51.0,0.673,4.3,355.0,161.0,194.0,0.454,610.0,0.582,55.0,0.64,4.8,Rebounding,53,26,27,1095.0,439251,83.2,44.4,38.8,4.43,4.83,4.05,SpeedDistance,53,26,27,1095.0,1827,83,18,31,0.581,10,14,0.714,47,0.566,35,0.422,5,0.143,6,0.072,7,0.084,ElbowTouch,53,26,27,1095.0,1827,10,4,6,0.667,0,0,0.0,8,0.8,2,0.2,0,0.0,2,0.2,0,0.0,PostTouch,53,26,27,1095.0,1827,196,70,102,0.686,17,22,0.773,157,0.801,53,0.27,16,0.082,15,0.077,9,0.046,PaintTouch
1630191,Isaiah Stewart,1610612765,DET,58,42,16,1317.0,55,14,31,0.452,4,4,1.0,32,0.582,15,0.273,4,0.073,7,0.127,2,0.036,Drives,58,42,16,1317.0,16,93,194,106,242,0.438,Defense,58,42,16,1317.0,38,113,0.336,112,36.0,109.0,0.33,0.496,CatchShoot,58,42,16,1317.0,948,937,66,9,8,124,174,83,0.07,0.088,Passing,58,42,16,1317.0,581,1484,997,41.3,1.67,0.75,0.392,128,60,287,0.5,0.7,1.087,Possessions,58,42,16,1317.0,1,6,0.167,3,1.0,5.0,0.2,0.25,PullUpShot,57.0,41.0,16.0,1306.0,96.0,49.0,43.0,0.51,237.0,0.405,7.0,0.417,5.8,194.0,63.0,129.0,0.325,375.0,0.517,38.0,0.576,5.9,290.0,112.0,172.0,0.386,585.0,0.496,45.0,0.537,5.8,Rebounding,58,42,16,1317.0,476037,90.2,46.2,44.0,4.06,4.14,3.99,SpeedDistance,58,42,16,1317.0,1484,128,28,49,0.571,8,12,0.667,64,0.5,66,0.516,16,0.242,5,0.039,5,0.039,ElbowTouch,58,42,16,1317.0,1484,60,17,31,0.548,5,8,0.625,42,0.7,8,0.133,2,0.033,9,0.15,5,0.083,PostTouch,58,42,16,1317.0,1484,287,131,190,0.689,40,48,0.833,312,1.087,33,0.115,5,0.017,19,0.066,19,0.066,PaintTouch
1630192,Zeke Nnaji,1610612743,DEN,52,38,14,626.0,22,9,14,0.643,2,2,1.0,20,0.909,2,0.091,0,0.0,3,0.136,1,0.045,Drives,52,38,14,626.0,17,24,103,55,97,0.567,Defense,52,38,14,626.0,16,59,0.271,45,13.0,52.0,0.25,0.381,CatchShoot,52,38,14,626.0,525,455,29,3,4,36,79,36,0.055,0.069,Passing,52,38,14,626.0,190,732,471,20.9,1.71,0.68,0.26,55,3,92,0.545,0.0,0.891,Possessions,52,38,14,626.0,1,4,0.25,3,1.0,1.0,1.0,0.375,PullUpShot,40.0,30.0,10.0,568.0,33.0,20.0,13.0,0.606,91.0,0.363,3.0,0.375,6.3,103.0,27.0,76.0,0.262,167.0,0.617,11.0,0.66,5.0,136.0,47.0,89.0,0.346,252.0,0.54,14.0,0.571,5.3,Rebounding,52,38,14,626.0,244363,46.3,24.7,21.6,4.21,4.32,4.08,SpeedDistance,52,38,14,626.0,732,55,9,16,0.563,11,12,0.917,30,0.545,28,0.509,3,0.107,4,0.073,6,0.109,ElbowTouch,52,38,14,626.0,732,3,0,0,0.0,0,0,0.0,0,0.0,2,0.667,1,0.333,1,0.333,0,0.0,PostTouch,52,38,14,626.0,732,92,32,52,0.615,17,20,0.85,82,0.891,20,0.217,3,0.033,8,0.087,10,0.109,PaintTouch
1630193,Immanuel Quickley,1610612761,TOR,70,41,29,2231.0,719,124,255,0.486,84,94,0.894,347,0.483,370,0.515,88,0.122,31,0.043,47,0.065,Drives,70,41,29,2231.0,92,5,244,100,134,0.746,Defense,70,41,29,2231.0,147,353,0.416,431,137.0,333.0,0.411,0.61,CatchShoot,70,41,29,2231.0,3792,4158,415,33,56,709,1038,504,0.109,0.133,Passing,70,41,29,2231.0,1150,5043,1957,373.4,4.44,3.89,0.228,40,0,59,0.675,0.0,0.729,Possessions,70,41,29,2231.0,119,315,0.378,276,38.0,138.0,0.275,0.438,PullUpShot,69.0,41.0,28.0,2201.0,38.0,4.0,34.0,0.105,107.0,0.355,3.0,0.365,13.0,241.0,29.0,212.0,0.12,406.0,0.594,37.0,0.653,8.7,279.0,33.0,246.0,0.118,501.0,0.557,40.0,0.605,9.3,Rebounding,70,41,29,2231.0,901571,170.8,91.2,79.6,4.46,4.89,4.05,SpeedDistance,70,41,29,2231.0,5043,40,11,18,0.611,4,4,1.0,27,0.675,19,0.475,8,0.421,1,0.025,2,0.05,ElbowTouch,70,41,29,2231.0,5043,0,0,0,0.0,0,0,0.0,0,0.0,0,0.0,0,0.0,0,0.0,0,0.0,PostTouch,70,41,29,2231.0,5043,59,19,27,0.704,3,4,0.75,43,0.729,26,0.441,6,0.102,2,0.034,2,0.034,PaintTouch
1630194,Paul Reed,1610612765,DET,65,47,18,901.0,84,35,54,0.648,8,16,0.5,79,0.94,15,0.179,7,0.083,5,0.06,8,0.095,Drives,65,47,18,901.0,57,60,164,97,184,0.527,Defense,65,47,18,901.0,23,59,0.39,58,12.0,36.0,0.333,0.492,CatchShoot,65,47,18,901.0,1006,803,80,3,11,124,207,94,0.08,0.093,Passing,65,47,18,901.0,504,1467,869,47.0,1.92,0.91,0.344,155,8,264,0.613,0.5,0.856,Possessions,65,47,18,901.0,7,18,0.389,14,0.0,3.0,0.0,0.389,PullUpShot,57.0,43.0,14.0,858.0,127.0,92.0,34.0,0.724,231.0,0.55,6.0,0.564,5.4,163.0,61.0,102.0,0.374,304.0,0.536,36.0,0.608,4.6,290.0,153.0,136.0,0.528,521.0,0.557,42.0,0.605,5.0,Rebounding,65,47,18,901.0,366929,69.5,36.7,32.8,4.44,4.7,4.18,SpeedDistance,65,47,18,901.0,1467,155,44,80,0.55,5,10,0.5,95,0.613,55,0.355,9,0.164,9,0.058,6,0.039,ElbowTouch,65,47,18,901.0,1467,8,2,5,0.4,0,0,0.0,4,0.5,2,0.25,0,0.0,0,0.0,0,0.0,PostTouch,65,47,18,901.0,1467,264,103,157,0.656,15,20,0.75,226,0.856,71,0.269,18,0.068,20,0.076,10,0.038,PaintTouch
1630198,Isaiah Joe,1610612760,OKC,71,56,15,1507.0,166,20,42,0.476,20,24,0.833,66,0.398,96,0.578,19,0.114,7,0.042,13,0.078,Drives,71,56,15,1507.0,50,11,148,63,90,0.7,Defense,71,56,15,1507.0,158,365,0.433,470,154.0,357.0,0.431,0.644,CatchShoot,71,56,15,1507.0,1267,1450,94,12,26,196,255,132,0.074,0.104,Passing,71,56,15,1507.0,785,1968,1281,71.2,2.17,1.55,0.399,20,0,36,0.5,0.0,0.5,Possessions,71,56,15,1507.0,51,113,0.451,129,27.0,71.0,0.38,0.571,PullUpShot,65.0,52.0,13.0,1396.0,33.0,6.0,27.0,0.182,82.0,0.402,5.0,0.429,14.2,148.0,27.0,121.0,0.182,280.0,0.529,36.0,0.607,8.1,181.0,33.0,148.0,0.182,350.0,0.517,41.0,0.586,9.2,Rebounding,71,56,15,1507.0,620845,117.6,62.7,54.9,4.49,4.85,4.14,SpeedDistance,71,56,15,1507.0,1968,20,4,6,0.667,2,2,1.0,10,0.5,11,0.55,3,0.273,2,0.1,1,0.05,ElbowTouch,71,56,15,1507.0,1968,0,0,0,0.0,0,0,0.0,0,0.0,0,0.0,0,0.0,0,0.0,0,0.0,PostTouch,71,56,15,1507.0,1968,36,5,9,0.556,8,8,1.0,18,0.5,15,0.417,5,0.139,7,0.194,4,0.111,PaintTouch
1630200,Tre Jones,1610612741,CHI,65,27,38,1752.0,838,171,313,0.546,86,106,0.811,438,0.523,413,0.493,83,0.099,38,0.045,53,0.063,Drives,65,27,38,1752.0,76,11,166,84,109,0.771,Defense,65,27,38,1752.0,26,97,0.268,78,26.0,94.0,0.277,0.402,CatchShoot,65,27,38,1752.0,3004,3195,350,19,46,703,912,415,0.117,0.138,Passing,65,27,38,1752.0,914,3949,1707,249.2,3.79,3.5,0.231,36,0,73,1.056,0.0,1.068,Possessions,65,27,38,1752.0,42,85,0.494,97,13.0,30.0,0.433,0.571,PullUpShot,62.0,24.0,38.0,1673.0,38.0,11.0,27.0,0.289,117.0,0.325,2.0,0.33,9.6,166.0,18.0,144.0,0.108,259.0,0.641,16.0,0.683,9.8,204.0,29.0,171.0,0.142,368.0,0.554,18.0,0.583,9.8,Rebounding,65,27,38,1752.0,722525,136.8,73.3,63.5,4.5,5.02,4.03,SpeedDistance,65,27,38,1752.0,3949,36,14,17,0.824,9,10,0.9,38,1.056,10,0.278,0,0.0,2,0.056,5,0.139,ElbowTouch,65,27,38,1752.0,3949,0,0,0,0.0,0,0,0.0,0,0.0,0,0.0,0,0.0,0,0.0,0,0.0,PostTouch,65,27,38,1752.0,3949,73,35,40,0.875,7,8,0.875,78,1.068,22,0.301,4,0.055,3,0.041,4,0.055,PaintTouch
1630202,Payton Pritchard,1610612738,BOS,79,54,25,2556.0,939,226,403,0.561,48,56,0.857,508,0.541,438,0.466,110,0.117,45,0.048,30,0.032,Drives,79,54,25,2556.0,58,10,243,75,100,0.75,Defense,79,54,25,2556.0,134,329,0.407,402,134.0,322.0,0.416,0.611,CatchShoot,79,54,25,2556.0,4025,4688,408,28,61,733,1060,496,0.101,0.123,Passing,79,54,25,2556.0,1345,5441,2417,413.8,4.56,4.51,0.247,31,2,57,0.516,0.0,0.596,Possessions,79,54,25,2556.0,218,505,0.432,513,77.0,239.0,0.322,0.508,PullUpShot,77.0,52.0,25.0,2497.0,69.0,21.0,48.0,0.304,185.0,0.373,10.0,0.394,12.7,243.0,38.0,205.0,0.156,436.0,0.557,49.0,0.628,9.3,312.0,59.0,253.0,0.189,619.0,0.504,59.0,0.557,10.0,Rebounding,79,54,25,2556.0,976549,185.0,106.6,78.4,4.22,4.57,3.81,SpeedDistance,79,54,25,2556.0,5441,31,7,12,0.583,0,0,0.0,16,0.516,15,0.484,3,0.2,2,0.065,0,0.0,ElbowTouch,79,54,25,2556.0,5441,2,0,0,0.0,0,0,0.0,0,0.0,2,1.0,2,1.0,0,0.0,0,0.0,PostTouch,79,54,25,2556.0,5441,57,16,23,0.696,0,0,0.0,34,0.596,30,0.526,5,0.088,2,0.035,0,0.0,PaintTouch
1630208,Nick Richards,1610612741,CHI,48,20,28,701.0,12,4,6,0.667,6,8,0.75,14,1.167,2,0.167,1,0.083,0,0.0,4,0.333,Drives,48,20,28,701.0,10,32,166,105,157,0.669,Defense,48,20,28,701.0,11,27,0.407,27,5.0,17.0,0.294,0.5,CatchShoot,48,20,28,701.0,659,520,16,0,5,32,40,21,0.024,0.032,Passing,48,20,28,701.0,276,973,554,22.7,1.4,0.48,0.284,62,9,221,0.806,0.556,0.814,Possessions,48,20,28,701.0,1,7,0.143,2,0.0,1.0,0.0,0.143,PullUpShot,43.0,18.0,25.0,677.0,77.0,59.0,16.0,0.766,209.0,0.368,4.0,0.376,4.0,166.0,52.0,107.0,0.313,279.0,0.595,23.0,0.648,4.2,243.0,111.0,123.0,0.457,472.0,0.515,27.0,0.546,4.2,Rebounding,48,20,28,701.0,285968,54.2,28.5,25.6,4.49,4.86,4.13,SpeedDistance,48,20,28,701.0,973,62,16,31,0.516,16,22,0.727,50,0.806,18,0.29,1,0.056,1,0.016,10,0.161,ElbowTouch,48,20,28,701.0,973,9,2,6,0.333,0,0,0.0,5,0.556,1,0.111,0,0.0,1,0.111,0,0.0,PostTouch,48,20,28,701.0,973,221,75,141,0.532,28,49,0.571,180,0.814,29,0.131,1,0.005,14,0.063,25,0.113,PaintTouch
1630209,Omer Yurtseven,1610612744,GSW,9,3,6,104.0,2,0,2,0.0,0,0,0.0,0,0.0,0,0.0,0,0.0,0,0.0,0,0.0,Drives,9,3,6,104.0,2,1,17,17,22,0.773,Defense,9,3,6,104.0,2,7,0.286,4,0.0,4.0,0.0,0.286,CatchShoot,9,3,6,104.0,143,99,8,2,0,11,24,10,0.056,0.07,Passing,9,3,6,104.0,34,190,102,4.7,1.5,0.3,0.179,8,7,27,0.375,0.857,0.815,Possessions,9,3,6,104.0,0,0,,0,0.0,0.0,,,PullUpShot,8.0,2.0,6.0,102.0,13.0,7.0,6.0,0.538,29.0,0.448,1.0,0.464,3.5,17.0,5.0,12.0,0.294,34.0,0.5,1.0,0.515,4.5,30.0,12.0,18.0,0.4,60.0,0.5,2.0,0.517,4.1,Rebounding,9,3,6,104.0,42883,8.1,4.2,3.9,4.29,4.5,4.1,SpeedDistance,9,3,6,104.0,190,8,1,1,1.0,1,2,0.5,3,0.375,5,0.625,2,0.4,1,0.125,1,0.125,ElbowTouch,9,3,6,104.0,190,7,1,1,1.0,4,4,1.0,6,0.857,1,0.143,0,0.0,3,0.429,2,0.286,PostTouch,9,3,6,104.0,190,27,8,16,0.5,6,12,0.5,22,0.815,1,0.037,0,0.0,4,0.148,6,0.222,PaintTouch
1630214,Xavier Tillman,1610612766,CHA,30,21,9,184.0,4,3,3,1.0,0,2,0.0,6,1.5,0,0.0,0,0.0,0,0.0,1,0.25,Drives,30,21,9,184.0,9,5,24,24,34,0.706,Defense,30,21,9,184.0,3,15,0.2,9,3.0,15.0,0.2,0.3,CatchShoot,30,21,9,184.0,191,148,13,1,1,25,36,15,0.068,0.079,Passing,30,21,9,184.0,44,252,155,7.5,1.79,0.71,0.175,7,3,30,0.0,0.667,0.533,Possessions,30,21,9,184.0,3,7,0.429,6,0.0,3.0,0.0,0.429,PullUpShot,14.0,10.0,4.0,145.0,19.0,11.0,8.0,0.579,37.0,0.514,0.0,0.514,6.7,24.0,8.0,16.0,0.333,32.0,0.75,1.0,0.774,7.9,43.0,19.0,24.0,0.442,68.0,0.632,1.0,0.642,7.4,Rebounding,30,21,9,184.0,68287,12.9,7.0,5.9,4.09,4.2,3.96,SpeedDistance,30,21,9,184.0,252,7,0,1,0.0,0,2,0.0,0,0.0,5,0.714,1,0.2,0,0.0,1,0.143,ElbowTouch,30,21,9,184.0,252,3,1,1,1.0,0,0,0.0,2,0.667,2,0.667,1,0.333,0,0.0,0,0.0,PostTouch,30,21,9,184.0,252,30,7,13,0.538,2,4,0.5,16,0.533,11,0.367,2,0.067,3,0.1,2,0.067,PaintTouch
1630217,Desmond Bane,1610612753,ORL,82,45,37,2756.0,883,234,447,0.523,105,109,0.963,587,0.665,323,0.366,76,0.086,38,0.043,55,0.062,Drives,82,45,37,2756.0,86,37,240,129,185,0.697,Defense,82,45,37,2756.0,103,237,0.435,304,98.0,226.0,0.434,0.641,CatchShoot,82,45,37,2756.0,3192,3826,338,35,47,602,875,415,0.106,0.13,Passing,82,45,37,2756.0,1647,4869,2632,267.3,3.29,2.35,0.338,40,1,121,0.85,0.0,0.917,Possessions,82,45,37,2756.0,151,387,0.39,370,68.0,197.0,0.345,0.478,PullUpShot,79.0,42.0,37.0,2668.0,98.0,46.0,52.0,0.469,236.0,0.415,8.0,0.43,8.6,240.0,52.0,187.0,0.217,430.0,0.558,45.0,0.623,8.0,338.0,98.0,239.0,0.29,654.0,0.517,53.0,0.562,8.1,Rebounding,82,45,37,2756.0,1073863,203.4,108.2,95.2,4.27,4.56,3.99,SpeedDistance,82,45,37,2756.0,4869,40,16,26,0.615,0,0,0.0,34,0.85,10,0.25,0,0.0,3,0.075,0,0.0,ElbowTouch,82,45,37,2756.0,4869,1,0,0,0.0,0,0,0.0,0,0.0,1,1.0,0,0.0,0,0.0,0,0.0,PostTouch,82,45,37,2756.0,4869,121,46,70,0.657,15,16,0.938,111,0.917,32,0.264,5,0.041,10,0.083,7,0.058,PaintTouch
1630224,Jalen Green,1610612756,PHX,32,17,15,828.0,356,85,181,0.47,34,48,0.708,211,0.593,116,0.326,32,0.09,24,0.067,24,0.067,Drives,32,17,15,828.0,34,8,100,48,72,0.667,Defense,32,17,15,828.0,36,107,0.336,108,36.0,105.0,0.343,0.505,CatchShoot,32,17,15,828.0,849,1231,91,6,16,170,247,113,0.107,0.133,Passing,32,17,15,828.0,568,1532,720,120.9,4.74,4.57,0.371,9,1,18,1.333,0.0,0.722,Possessions,32,17,15,828.0,85,216,0.394,204,34.0,114.0,0.298,0.472,PullUpShot,32.0,17.0,15.0,828.0,16.0,3.0,13.0,0.188,54.0,0.296,0.0,0.296,9.8,100.0,14.0,85.0,0.14,157.0,0.637,16.0,0.709,7.0,116.0,17.0,98.0,0.147,209.0,0.555,16.0,0.601,7.4,Rebounding,32,17,15,828.0,350260,66.3,36.8,29.5,4.52,4.89,4.13,SpeedDistance,32,17,15,828.0,1532,9,6,7,0.857,0,0,0.0,12,1.333,2,0.222,0,0.0,0,0.0,0,0.0,ElbowTouch,32,17,15,828.0,1532,1,0,0,0.0,0,0,0.0,0,0.0,1,1.0,0,0.0,0,0.0,0,0.0,PostTouch,32,17,15,828.0,1532,18,6,10,0.6,0,0,0.0,13,0.722,5,0.278,0,0.0,0,0.0,0,0.0,PaintTouch
1630228,Jonathan Kuminga,1610612737,ATL,36,22,14,831.0,224,50,108,0.463,27,38,0.711,132,0.589,75,0.335,16,0.071,19,0.085,19,0.085,Drives,36,22,14,831.0,22,11,153,45,65,0.692,Defense,36,22,14,830.0,28,85,0.329,81,25.0,81.0,0.309,0.476,CatchShoot,36,22,14,831.0,1003,1010,83,5,7,158,217,95,0.083,0.095,Passing,36,22,14,831.0,438,1498,846,77.8,3.12,2.31,0.292,39,29,80,0.59,0.69,0.925,Possessions,36,22,14,830.0,27,72,0.375,60,6.0,18.0,0.333,0.417,PullUpShot,35.0,21.0,14.0,812.0,49.0,27.0,22.0,0.551,111.0,0.441,3.0,0.454,9.4,153.0,42.0,111.0,0.275,224.0,0.683,10.0,0.715,6.2,202.0,69.0,133.0,0.342,324.0,0.623,13.0,0.65,7.0,Rebounding,36,22,14,831.0,330374,62.6,33.5,29.0,4.48,4.74,4.2,SpeedDistance,36,22,14,831.0,1498,39,9,14,0.643,5,6,0.833,23,0.59,17,0.436,6,0.353,3,0.077,3,0.077,ElbowTouch,36,22,14,831.0,1498,29,6,10,0.6,8,12,0.667,20,0.69,10,0.345,1,0.034,1,0.034,6,0.207,PostTouch,36,22,14,831.0,1498,80,29,44,0.659,15,20,0.75,74,0.925,18,0.225,4,0.05,6,0.075,9,0.113,PaintTouch
1630230,Naji Marshall,1610612742,DAL,74,25,49,2184.0,615,183,345,0.53,92,121,0.76,476,0.774,160,0.26,41,0.067,31,0.05,63,0.102,Drives,74,25,49,2184.0,82,6,283,124,168,0.738,Defense,74,25,49,2184.0,58,196,0.296,170,54.0,181.0,0.298,0.434,CatchShoot,74,25,49,2184.0,2395,2512,241,19,21,390,602,275,0.101,0.115,Passing,74,25,49,2184.0,1128,3591,1692,200.5,3.35,2.77,0.314,75,3,119,0.733,1.333,1.0,Possessions,74,25,49,2184.0,73,166,0.44,152,6.0,29.0,0.207,0.458,PullUpShot,73.0,25.0,48.0,2162.0,65.0,33.0,32.0,0.508,159.0,0.409,4.0,0.419,9.3,283.0,50.0,232.0,0.177,463.0,0.611,47.0,0.68,6.7,348.0,83.0,264.0,0.239,616.0,0.565,51.0,0.616,7.2,Rebounding,74,25,49,2184.0,835149,158.2,84.3,73.9,4.2,4.46,3.93,SpeedDistance,74,25,49,2184.0,3591,75,23,36,0.639,6,8,0.75,55,0.733,33,0.44,10,0.303,0,0.0,5,0.067,ElbowTouch,74,25,49,2184.0,3591,3,1,2,0.5,2,2,1.0,4,1.333,0,0.0,0,0.0,0,0.0,1,0.333,PostTouch,74,25,49,2184.0,3591,119,50,73,0.685,15,16,0.938,119,1.0,32,0.269,7,0.059,3,0.025,8,0.067,PaintTouch
1630241,Sam Merrill,1610612739,CLE,52,37,15,1377.0,139,22,43,0.512,11,12,0.917,59,0.424,81,0.583,24,0.173,6,0.043,6,0.043,Drives,52,37,15,1377.0,33,7,105,72,97,0.742,Defense,52,37,15,1377.0,123,281,0.438,367,121.0,275.0,0.44,0.653,CatchShoot,52,37,15,1377.0,1534,1624,125,23,15,221,324,163,0.081,0.106,Passing,52,37,15,1377.0,663,2126,1275,61.1,1.72,1.23,0.312,37,1,54,0.514,0.0,0.87,Possessions,52,37,15,1377.0,48,134,0.358,131,35.0,98.0,0.357,0.489,PullUpShot,47.0,32.0,15.0,1250.0,28.0,8.0,19.0,0.286,66.0,0.424,1.0,0.431,13.1,105.0,21.0,84.0,0.2,220.0,0.477,22.0,0.53,8.2,133.0,29.0,103.0,0.218,282.0,0.472,23.0,0.514,9.2,Rebounding,52,37,15,1377.0,575646,109.0,57.7,51.4,4.53,4.85,4.23,SpeedDistance,52,37,15,1377.0,2126,37,8,13,0.615,3,4,0.75,19,0.514,21,0.568,2,0.095,0,0.0,2,0.054,ElbowTouch,52,37,15,1377.0,2126,1,0,0,0.0,0,0,0.0,0,0.0,1,1.0,0,0.0,0,0.0,0,0.0,PostTouch,52,37,15,1377.0,2126,54,21,27,0.778,4,4,1.0,47,0.87,19,0.352,3,0.056,3,0.056,1,0.019,PaintTouch
1630245,Ayo Dosunmu,1610612750,MIN,69,36,33,1881.0,520,119,235,0.506,40,43,0.93,291,0.56,224,0.431,46,0.088,26,0.05,23,0.044,Drives,69,36,33,1881.0,58,18,190,92,142,0.648,Defense,69,36,33,1881.0,101,233,0.433,301,99.0,231.0,0.429,0.646,CatchShoot,69,36,33,1881.0,2696,2845,249,23,41,426,658,311,0.092,0.115,Passing,69,36,33,1881.0,1022,3687,1862,200.1,3.26,2.82,0.277,39,0,64,0.718,0.0,0.719,Possessions,69,36,33,1881.0,50,99,0.505,123,23.0,48.0,0.479,0.621,PullUpShot,65.0,33.0,32.0,1791.0,47.0,19.0,28.0,0.404,118.0,0.398,3.0,0.409,12.8,189.0,38.0,151.0,0.201,340.0,0.556,31.0,0.612,8.8,236.0,57.0,179.0,0.242,451.0,0.523,34.0,0.566,9.6,Rebounding,69,36,33,1881.0,743811,140.9,74.9,66.0,4.34,4.74,3.96,SpeedDistance,69,36,33,1881.0,3687,39,13,24,0.542,2,2,1.0,28,0.718,11,0.282,1,0.091,1,0.026,0,0.0,ElbowTouch,69,36,33,1881.0,3687,0,0,0,0.0,0,0,0.0,0,0.0,0,0.0,0,0.0,0,0.0,0,0.0,PostTouch,69,36,33,1881.0,3687,64,18,37,0.486,10,12,0.833,46,0.719,15,0.234,2,0.031,3,0.047,6,0.094,PaintTouch
1630249,Vít Krejčí,1610612757,POR,65,32,33,1392.0,168,38,65,0.585,3,6,0.5,80,0.476,81,0.482,15,0.089,10,0.06,3,0.018,Drives,65,32,33,1392.0,47,18,117,90,139,0.647,Defense,65,32,33,1392.0,110,267,0.412,327,107.0,263.0,0.407,0.612,CatchShoot,65,32,33,1392.0,1424,1400,100,4,16,196,254,120,0.07,0.084,Passing,65,32,33,1392.0,550,1964,1284,64.1,1.96,1.18,0.28,19,0,38,0.684,0.0,0.5,Possessions,65,32,33,1392.0,34,88,0.386,89,21.0,62.0,0.339,0.506,PullUpShot,55.0,27.0,28.0,1218.0,31.0,14.0,17.0,0.452,63.0,0.492,2.0,0.508,9.4,117.0,31.0,86.0,0.265,213.0,0.549,22.0,0.613,7.6,148.0,45.0,103.0,0.304,268.0,0.552,24.0,0.607,8.0,Rebounding,65,32,33,1392.0,561231,106.3,57.0,49.3,4.44,4.84,4.05,SpeedDistance,65,32,33,1392.0,1964,19,5,7,0.714,3,4,0.75,13,0.684,10,0.526,1,0.1,0,0.0,2,0.105,ElbowTouch,65,32,33,1392.0,1964,0,0,0,0.0,0,0,0.0,0,0.0,0,0.0,0,0.0,0,0.0,0,0.0,PostTouch,65,32,33,1392.0,1964,38,9,13,0.692,0,0,0.0,19,0.5,25,0.658,3,0.079,0,0.0,0,0.0,PaintTouch
1630256,Jae'Sean Tate,1610612745,HOU,46,33,13,405.0,46,14,31,0.452,0,0,0.0,28,0.609,13,0.283,4,0.087,2,0.043,0,0.0,Drives,46,33,13,405.0,10,3,40,29,49,0.592,Defense,46,33,13,405.0,9,29,0.31,27,9.0,29.0,0.31,0.466,CatchShoot,46,33,13,405.0,380,323,25,0,3,50,65,28,0.066,0.074,Passing,46,33,13,405.0,129,524,285,23.0,2.63,1.74,0.246,12,11,48,1.25,0.545,0.917,Possessions,46,33,13,405.0,2,9,0.222,5,1.0,3.0,0.333,0.278,PullUpShot,32.0,25.0,7.0,341.0,33.0,18.0,15.0,0.545,68.0,0.485,1.0,0.493,6.9,40.0,11.0,29.0,0.275,78.0,0.513,11.0,0.597,6.7,73.0,29.0,44.0,0.397,144.0,0.507,12.0,0.553,6.8,Rebounding,46,33,13,405.0,158898,30.1,16.3,13.8,4.28,4.43,4.12,SpeedDistance,46,33,13,405.0,524,12,7,8,0.875,0,0,0.0,15,1.25,2,0.167,0,0.0,0,0.0,0,0.0,ElbowTouch,46,33,13,405.0,524,11,3,6,0.5,0,0,0.0,6,0.545,4,0.364,0,0.0,0,0.0,0,0.0,PostTouch,46,33,13,405.0,524,48,20,25,0.8,2,2,1.0,44,0.917,16,0.333,2,0.042,1,0.021,1,0.021,PaintTouch
1630264,Anthony Gill,1610612764,WAS,55,6,49,951.0,65,25,40,0.625,10,14,0.714,61,0.938,12,0.185,7,0.108,5,0.077,7,0.108,Drives,55,6,49,951.0,31,21,100,103,156,0.66,Defense,55,6,49,951.0,17,47,0.362,50,16.0,45.0,0.356,0.532,CatchShoot,55,6,49,951.0,872,735,69,4,6,114,173,77,0.079,0.088,Passing,55,6,49,951.0,321,1175,729,34.4,1.76,0.58,0.273,70,4,130,0.557,1.0,0.946,Possessions,55,6,49,951.0,4,10,0.4,8,0.0,1.0,0.0,0.4,PullUpShot,41.0,6.0,35.0,914.0,58.0,28.0,29.0,0.483,135.0,0.43,2.0,0.436,6.6,100.0,35.0,65.0,0.35,193.0,0.518,22.0,0.585,6.2,158.0,63.0,94.0,0.399,316.0,0.5,24.0,0.541,6.3,Rebounding,55,6,49,951.0,389471,73.8,39.7,34.0,4.34,4.6,4.06,SpeedDistance,55,6,49,951.0,1175,70,17,26,0.654,3,4,0.75,39,0.557,38,0.543,6,0.158,3,0.043,1,0.014,ElbowTouch,55,6,49,951.0,1175,4,2,3,0.667,0,0,0.0,4,1.0,1,0.25,0,0.0,0,0.0,0,0.0,PostTouch,55,6,49,951.0,1175,130,58,82,0.707,4,6,0.667,123,0.946,35,0.269,4,0.031,6,0.046,2,0.015,PaintTouch
1630286,Trevon Scott,1610612751,BKN,6,2,4,182.0,8,1,5,0.2,0,0,0.0,2,0.25,2,0.25,0,0.0,1,0.125,0,0.0,Drives,6,2,4,182.0,8,5,21,26,31,0.839,Defense,6,2,4,182.0,7,20,0.35,19,5.0,15.0,0.333,0.475,CatchShoot,6,2,4,182.0,186,158,10,0,4,21,25,14,0.054,0.075,Passing,6,2,4,182.0,48,249,165,7.5,1.82,0.63,0.193,14,0,21,0.429,0.0,0.762,Possessions,6,2,4,182.0,0,5,0.0,0,0.0,3.0,0.0,0.0,PullUpShot,6.0,2.0,4.0,182.0,10.0,7.0,3.0,0.7,26.0,0.385,1.0,0.4,6.2,21.0,7.0,14.0,0.333,40.0,0.525,6.0,0.618,6.6,31.0,14.0,17.0,0.452,66.0,0.47,7.0,0.525,6.5,Rebounding,6,2,4,182.0,75603,14.3,7.9,6.4,4.42,4.62,4.19,SpeedDistance,6,2,4,182.0,249,14,3,6,0.5,0,0,0.0,6,0.429,8,0.571,2,0.25,0,0.0,0,0.0,ElbowTouch,6,2,4,182.0,249,0,0,0,0.0,0,0,0.0,0,0.0,0,0.0,0,0.0,0,0.0,0,0.0,PostTouch,6,2,4,182.0,249,21,7,13,0.538,1,2,0.5,16,0.762,5,0.238,0,0.0,1,0.048,1,0.048,PaintTouch
1630311,Pat Spencer,1610612744,GSW,66,30,36,1229.0,352,75,163,0.46,16,22,0.727,166,0.472,153,0.435,33,0.094,19,0.054,11,0.031,Drives,66,30,36,1229.0,48,5,107,95,126,0.754,Defense,66,30,36,1229.0,35,95,0.368,105,35.0,91.0,0.385,0.553,CatchShoot,66,30,36,1229.0,2345,2442,232,22,36,458,626,290,0.099,0.124,Passing,66,30,36,1229.0,476,2993,1408,199.9,4.01,3.65,0.159,38,9,86,0.711,0.222,0.616,Possessions,66,30,36,1229.0,68,183,0.372,161,25.0,76.0,0.329,0.44,PullUpShot,54.0,21.0,33.0,1109.0,51.0,17.0,34.0,0.333,106.0,0.481,3.0,0.495,9.9,105.0,19.0,86.0,0.181,198.0,0.53,23.0,0.6,7.3,156.0,36.0,120.0,0.231,301.0,0.518,26.0,0.567,8.1,Rebounding,66,30,36,1229.0,514039,97.4,54.5,42.8,4.54,4.87,4.17,SpeedDistance,66,30,36,1229.0,2993,38,10,16,0.625,6,6,1.0,27,0.711,18,0.474,6,0.333,1,0.026,3,0.079,ElbowTouch,66,30,36,1229.0,2993,9,1,4,0.25,0,0,0.0,2,0.222,5,0.556,1,0.111,0,0.0,0,0.0,PostTouch,66,30,36,1229.0,2993,86,25,41,0.61,2,2,1.0,53,0.616,38,0.442,12,0.14,4,0.047,1,0.012,PaintTouch
1630314,Brandon Williams,1610612742,DAL,66,23,43,1463.0,714,160,309,0.518,119,155,0.768,452,0.633,249,0.349,59,0.083,43,0.06,79,0.111,Drives,66,23,43,1463.0,62,20,161,96,121,0.793,Defense,66,23,43,1463.0,28,119,0.235,83,27.0,116.0,0.233,0.349,CatchShoot,66,23,43,1463.0,2158,2530,256,29,34,483,654,319,0.119,0.148,Passing,66,23,43,1463.0,859,3189,1076,271.5,5.11,5.35,0.269,19,0,41,0.632,0.0,0.585,Possessions,66,23,43,1463.0,61,144,0.424,131,9.0,39.0,0.231,0.455,PullUpShot,59.0,22.0,37.0,1379.0,30.0,10.0,20.0,0.333,100.0,0.3,4.0,0.313,12.4,161.0,37.0,124.0,0.23,285.0,0.565,25.0,0.619,8.2,191.0,47.0,144.0,0.246,378.0,0.505,29.0,0.547,8.9,Rebounding,66,23,43,1463.0,608888,115.3,62.3,53.0,4.56,4.97,4.16,SpeedDistance,66,23,43,1463.0,3189,19,4,8,0.5,4,4,1.0,12,0.632,6,0.316,1,0.167,2,0.105,2,0.105,ElbowTouch,66,23,43,1463.0,3189,0,0,0,0.0,0,0,0.0,0,0.0,0,0.0,0,0.0,0,0.0,0,0.0,PostTouch,66,23,43,1463.0,3189,41,9,13,0.692,5,6,0.833,24,0.585,20,0.488,4,0.098,3,0.073,3,0.073,PaintTouch
1630322,Lindy Waters III,1610612759,SAS,40,31,9,285.0,21,2,4,0.5,1,2,0.5,5,0.238,12,0.571,4,0.19,3,0.143,1,0.048,Drives,40,31,9,285.0,6,1,26,15,17,0.882,Defense,40,31,9,285.0,22,62,0.355,66,22.0,62.0,0.355,0.532,CatchShoot,40,31,9,285.0,292,298,19,3,4,45,51,26,0.065,0.089,Passing,40,31,9,285.0,95,402,245,14.9,2.23,1.55,0.236,1,0,4,0.0,0.0,0.5,Possessions,40,31,9,285.0,8,20,0.4,21,5.0,17.0,0.294,0.525,PullUpShot,20.0,15.0,5.0,200.0,3.0,2.0,1.0,0.667,10.0,0.3,0.0,0.3,5.2,26.0,9.0,17.0,0.346,42.0,0.619,5.0,0.703,6.7,29.0,11.0,18.0,0.379,49.0,0.592,5.0,0.659,6.5,Rebounding,40,31,9,285.0,118878,22.5,12.0,10.5,4.61,4.84,4.36,SpeedDistance,40,31,9,285.0,402,1,0,0,0.0,0,0,0.0,0,0.0,1,1.0,0,0.0,0,0.0,0,0.0,ElbowTouch,40,31,9,285.0,402,0,0,0,0.0,0,0,0.0,0,0.0,0,0.0,0,0.0,0,0.0,0,0.0,PostTouch,40,31,9,285.0,402,4,1,1,1.0,0,0,0.0,2,0.5,3,0.75,0,0.0,0,0.0,0,0.0,PaintTouch
1630526,Jeremiah Robinson-Earl,1610612742,DAL,22,8,14,361.0,26,2,13,0.154,4,4,1.0,8,0.308,10,0.385,1,0.038,1,0.038,2,0.077,Drives,22,8,14,361.0,9,1,67,38,49,0.776,Defense,22,8,14,361.0,12,44,0.273,34,10.0,41.0,0.244,0.386,CatchShoot,22,8,14,361.0,356,199,15,0,3,31,34,17,0.042,0.048,Passing,22,8,14,361.0,101,477,224,11.4,1.44,0.73,0.212,4,0,40,1.0,0.0,0.875,Possessions,22,8,14,361.0,1,5,0.2,2,0.0,0.0,,0.2,PullUpShot,20.0,7.0,13.0,345.0,36.0,17.0,19.0,0.472,91.0,0.396,2.0,0.404,5.4,67.0,16.0,51.0,0.239,107.0,0.626,8.0,0.677,4.3,103.0,33.0,70.0,0.32,183.0,0.563,10.0,0.595,4.7,Rebounding,22,8,14,361.0,150762,28.6,14.8,13.8,4.92,5.22,4.64,SpeedDistance,22,8,14,361.0,477,4,1,2,0.5,2,2,1.0,4,1.0,1,0.25,0,0.0,0,0.0,1,0.25,ElbowTouch,22,8,14,361.0,477,0,0,0,0.0,0,0,0.0,0,0.0,0,0.0,0,0.0,0,0.0,0,0.0,PostTouch,22,8,14,361.0,477,40,16,28,0.571,2,2,1.0,35,0.875,10,0.25,1,0.025,1,0.025,1,0.025,PaintTouch
1630529,Herbert Jones,1610612740,NOP,56,22,34,1588.0,235,49,113,0.434,28,30,0.933,127,0.54,81,0.345,29,0.123,20,0.085,15,0.064,Drives,56,22,34,1588.0,88,27,143,104,136,0.765,Defense,56,22,34,1588.0,67,218,0.307,200,66.0,209.0,0.316,0.459,CatchShoot,56,22,34,1588.0,1884,1564,155,13,11,252,389,179,0.082,0.095,Passing,56,22,34,1588.0,496,2499,1272,114.1,2.74,1.71,0.198,23,1,54,0.391,0.0,0.815,Possessions,56,22,34,1588.0,26,80,0.325,64,12.0,45.0,0.267,0.4,PullUpShot,54.0,21.0,33.0,1536.0,47.0,19.0,28.0,0.404,87.0,0.54,0.0,0.54,10.9,143.0,37.0,106.0,0.259,281.0,0.509,27.0,0.563,8.5,190.0,56.0,134.0,0.295,364.0,0.522,27.0,0.564,9.1,Rebounding,56,22,34,1588.0,616846,116.8,60.5,56.3,4.27,4.49,4.05,SpeedDistance,56,22,34,1588.0,2499,23,3,10,0.3,2,2,1.0,9,0.391,10,0.435,3,0.3,2,0.087,1,0.043,ElbowTouch,56,22,34,1588.0,2499,1,0,0,0.0,0,0,0.0,0,0.0,1,1.0,1,1.0,0,0.0,0,0.0,PostTouch,56,22,34,1588.0,2499,54,18,31,0.581,7,8,0.875,44,0.815,13,0.241,1,0.019,5,0.093,4,0.074,PaintTouch
1630530,Trey Murphy III,1610612740,NOP,66,21,45,2341.0,454,97,218,0.445,68,78,0.872,269,0.593,149,0.328,37,0.081,34,0.075,40,0.088,Drives,66,21,45,2341.0,99,24,314,174,246,0.707,Defense,66,21,45,2341.0,146,339,0.431,434,142.0,333.0,0.426,0.64,CatchShoot,66,21,45,2341.0,2652,2871,250,21,33,463,624,303,0.094,0.114,Passing,66,21,45,2341.0,1420,4040,2112,187.3,2.78,2.23,0.351,42,0,163,0.976,0.0,1.288,Possessions,66,21,45,2341.0,110,343,0.321,289,69.0,227.0,0.304,0.421,PullUpShot,66.0,21.0,45.0,2341.0,63.0,32.0,32.0,0.508,155.0,0.406,2.0,0.412,11.4,314.0,77.0,237.0,0.245,522.0,0.602,47.0,0.661,6.5,377.0,109.0,269.0,0.289,642.0,0.587,49.0,0.636,7.3,Rebounding,66,21,45,2341.0,894116,169.3,91.5,77.8,4.22,4.58,3.87,SpeedDistance,66,21,45,2341.0,4040,42,16,21,0.762,9,10,0.9,41,0.976,12,0.286,2,0.167,2,0.048,5,0.119,ElbowTouch,66,21,45,2341.0,4040,0,0,0,0.0,0,0,0.0,0,0.0,0,0.0,0,0.0,0,0.0,0,0.0,PostTouch,66,21,45,2341.0,4040,163,93,119,0.782,19,20,0.95,210,1.288,23,0.141,6,0.037,5,0.031,10,0.061,PaintTouch
1630532,Franz Wagner,1610612753,ORL,34,20,14,1019.0,347,89,188,0.473,61,78,0.782,249,0.718,89,0.256,27,0.078,19,0.055,41,0.118,Drives,34,20,14,1019.0,32,11,134,55,88,0.625,Defense,34,20,14,1019.0,31,81,0.383,90,28.0,74.0,0.378,0.556,CatchShoot,34,20,14,1019.0,1139,1324,113,20,11,218,305,144,0.099,0.126,Passing,34,20,14,1019.0,699,1838,1053,94.7,3.09,2.37,0.38,60,20,86,0.467,0.75,0.837,Possessions,34,20,14,1019.0,56,136,0.412,132,20.0,63.0,0.317,0.485,PullUpShot,32.0,19.0,13.0,977.0,43.0,20.0,23.0,0.465,87.0,0.494,1.0,0.5,11.7,134.0,22.0,112.0,0.164,201.0,0.667,16.0,0.724,7.6,177.0,42.0,135.0,0.237,272.0,0.651,17.0,0.694,8.6,Rebounding,34,20,14,1019.0,405435,76.8,41.0,35.8,4.57,4.96,4.19,SpeedDistance,34,20,14,1019.0,1838,60,11,31,0.355,6,8,0.75,28,0.467,22,0.367,5,0.227,0,0.0,3,0.05,ElbowTouch,34,20,14,1019.0,1838,20,5,8,0.625,4,4,1.0,15,0.75,6,0.3,1,0.05,2,0.1,3,0.15,PostTouch,34,20,14,1019.0,1838,86,32,59,0.542,8,10,0.8,72,0.837,16,0.186,2,0.023,4,0.047,4,0.047,PaintTouch
1630533,Ziaire Williams,1610612751,BKN,56,13,43,1281.0,150,30,77,0.39,38,44,0.864,100,0.667,36,0.24,10,0.067,11,0.073,22,0.147,Drives,56,13,43,1281.0,76,21,104,78,104,0.75,Defense,56,13,43,1281.0,79,232,0.341,236,78.0,230.0,0.339,0.509,CatchShoot,56,13,43,1281.0,906,1017,60,8,12,126,157,80,0.066,0.088,Passing,56,13,43,1281.0,573,1493,879,53.7,2.16,1.48,0.384,17,1,50,0.588,0.0,1.12,Possessions,56,13,43,1281.0,16,43,0.372,39,7.0,20.0,0.35,0.453,PullUpShot,50.0,11.0,39.0,1146.0,30.0,11.0,19.0,0.367,79.0,0.38,5.0,0.405,12.1,104.0,19.0,85.0,0.183,155.0,0.671,5.0,0.693,7.7,134.0,30.0,104.0,0.224,221.0,0.606,10.0,0.635,8.7,Rebounding,56,13,43,1281.0,507063,96.0,49.2,46.8,4.35,4.44,4.26,SpeedDistance,56,13,43,1281.0,1493,17,4,8,0.5,2,2,1.0,10,0.588,7,0.412,3,0.429,0,0.0,1,0.059,ElbowTouch,56,13,43,1281.0,1493,1,0,0,0.0,0,0,0.0,0,0.0,0,0.0,0,0.0,0,0.0,0,0.0,PostTouch,56,13,43,1281.0,1493,50,22,32,0.688,9,10,0.9,56,1.12,11,0.22,3,0.06,1,0.02,5,0.1,PaintTouch
1630534,Ochai Agbaji,1610612751,BKN,62,28,34,973.0,95,18,43,0.419,11,14,0.786,48,0.505,36,0.379,7,0.074,6,0.063,7,0.074,Drives,62,28,34,973.0,24,17,95,54,86,0.628,Defense,62,28,34,973.0,29,113,0.257,87,29.0,112.0,0.259,0.385,CatchShoot,62,28,34,973.0,879,703,47,7,7,101,133,62,0.053,0.071,Passing,62,28,34,973.0,314,1221,672,32.0,1.57,0.82,0.257,31,0,80,0.516,0.0,0.938,Possessions,62,28,34,973.0,12,28,0.429,29,5.0,16.0,0.313,0.518,PullUpShot,52.0,23.0,29.0,908.0,46.0,24.0,22.0,0.522,106.0,0.434,4.0,0.451,9.8,95.0,30.0,65.0,0.316,169.0,0.562,18.0,0.629,7.8,141.0,54.0,87.0,0.383,264.0,0.534,22.0,0.583,8.4,Rebounding,62,28,34,973.0,413565,78.3,39.4,38.9,4.64,4.9,4.41,SpeedDistance,62,28,34,973.0,1221,31,6,10,0.6,4,4,1.0,16,0.516,15,0.484,3,0.2,3,0.097,2,0.065,ElbowTouch,62,28,34,973.0,1221,0,0,0,0.0,0,0,0.0,0,0.0,0,0.0,0,0.0,0,0.0,0,0.0,PostTouch,62,28,34,973.0,1221,80,34,49,0.694,7,8,0.875,75,0.938,22,0.275,2,0.025,4,0.05,4,0.05,PaintTouch
1630536,Sharife Cooper,1610612764,WAS,41,6,35,700.0,263,55,107,0.514,18,22,0.818,131,0.498,119,0.452,36,0.137,20,0.076,11,0.042,Drives,41,6,35,700.0,16,5,68,40,50,0.8,Defense,41,6,35,700.0,17,43,0.395,51,17.0,41.0,0.415,0.593,CatchShoot,41,6,35,700.0,1122,1134,124,8,10,215,325,141,0.111,0.126,Passing,41,6,35,700.0,333,1527,578,123.0,4.83,4.35,0.218,3,0,22,0.0,0.0,0.727,Possessions,41,6,35,700.0,40,87,0.46,92,12.0,35.0,0.343,0.529,PullUpShot,29.0,5.0,24.0,617.0,18.0,2.0,16.0,0.111,54.0,0.333,3.0,0.353,16.0,68.0,11.0,56.0,0.162,117.0,0.581,10.0,0.636,7.7,86.0,13.0,72.0,0.151,166.0,0.518,13.0,0.562,9.4,Rebounding,41,6,35,700.0,290760,55.1,29.5,25.5,4.42,4.68,4.13,SpeedDistance,41,6,35,700.0,1527,3,0,1,0.0,0,0,0.0,0,0.0,2,0.667,0,0.0,0,0.0,0,0.0,ElbowTouch,41,6,35,700.0,1527,0,0,0,0.0,0,0,0.0,0,0.0,0,0.0,0,0.0,0,0.0,0,0.0,PostTouch,41,6,35,700.0,1527,22,8,9,0.889,0,0,0.0,16,0.727,12,0.545,3,0.136,1,0.045,0,0.0,PaintTouch
1630538,Bones Hyland,1610612750,MIN,71,42,29,1177.0,208,48,95,0.505,13,20,0.65,113,0.543,85,0.409,19,0.091,11,0.053,10,0.048,Drives,71,42,29,1177.0,44,17,104,83,104,0.798,Defense,71,42,29,1177.0,68,166,0.41,202,66.0,162.0,0.407,0.608,CatchShoot,71,42,29,1177.0,2126,2294,188,13,32,298,479,235,0.088,0.111,Passing,71,42,29,1177.0,604,2778,1221,180.2,3.89,3.15,0.217,8,1,20,0.75,2.0,0.4,Possessions,71,42,29,1177.0,69,169,0.408,186,48.0,133.0,0.361,0.55,PullUpShot,54.0,33.0,21.0,953.0,23.0,4.0,19.0,0.174,46.0,0.5,1.0,0.511,14.5,104.0,27.0,77.0,0.26,159.0,0.654,12.0,0.707,9.4,127.0,31.0,96.0,0.244,202.0,0.629,13.0,0.672,10.3,Rebounding,71,42,29,1177.0,477691,90.5,48.2,42.3,4.38,4.69,4.07,SpeedDistance,71,42,29,1177.0,2778,8,3,3,1.0,0,0,0.0,6,0.75,4,0.5,1,0.25,0,0.0,0,0.0,ElbowTouch,71,42,29,1177.0,2778,1,1,1,1.0,0,0,0.0,2,2.0,0,0.0,0,0.0,0,0.0,0,0.0,PostTouch,71,42,29,1177.0,2778,20,4,7,0.571,0,0,0.0,8,0.4,12,0.6,2,0.1,1,0.05,0,0.0,PaintTouch
1630540,Miles McBride,1610612752,NYK,41,25,16,1080.0,137,18,57,0.316,9,12,0.75,45,0.328,70,0.511,10,0.073,4,0.029,6,0.044,Drives,41,25,16,1080.0,35,9,76,56,88,0.636,Defense,41,25,16,1080.0,73,185,0.395,219,73.0,183.0,0.399,0.592,CatchShoot,41,25,16,1080.0,1400,1398,106,10,20,200,283,136,0.076,0.097,Passing,41,25,16,1080.0,491,1904,938,99.6,3.14,2.78,0.258,11,1,30,0.909,0.0,0.567,Possessions,41,25,16,1080.0,71,164,0.433,181,39.0,87.0,0.448,0.552,PullUpShot,39.0,23.0,16.0,1023.0,24.0,8.0,16.0,0.333,58.0,0.414,1.0,0.421,15.9,76.0,18.0,57.0,0.237,149.0,0.51,17.0,0.576,11.0,100.0,26.0,73.0,0.26,204.0,0.49,18.0,0.538,12.2,Rebounding,41,25,16,1080.0,435783,82.5,44.4,38.2,4.52,4.75,4.29,SpeedDistance,41,25,16,1080.0,1904,11,4,6,0.667,2,2,1.0,10,0.909,3,0.273,1,0.333,1,0.091,1,0.091,ElbowTouch,41,25,16,1080.0,1904,1,0,1,0.0,0,0,0.0,0,0.0,0,0.0,0,0.0,0,0.0,0,0.0,PostTouch,41,25,16,1080.0,1904,30,8,12,0.667,1,2,0.5,17,0.567,15,0.5,4,0.133,2,0.067,1,0.033,PaintTouch
1630541,Moses Moody,1610612744,GSW,60,30,30,1540.0,185,40,86,0.465,23,28,0.821,105,0.568,65,0.351,14,0.076,12,0.065,14,0.076,Drives,60,30,30,1540.0,58,34,149,115,169,0.68,Defense,60,30,30,1540.0,144,342,0.421,429,141.0,334.0,0.422,0.627,CatchShoot,60,30,30,1540.0,1171,1497,98,7,18,197,255,122,0.084,0.104,Passing,60,30,30,1540.0,728,1871,1384,69.9,2.24,1.48,0.389,25,2,87,0.8,0.0,0.713,Possessions,60,30,30,1540.0,25,84,0.298,60,10.0,42.0,0.238,0.357,PullUpShot,58.0,29.0,29.0,1498.0,51.0,25.0,26.0,0.49,128.0,0.398,8.0,0.425,8.6,149.0,35.0,114.0,0.235,276.0,0.54,29.0,0.603,7.7,200.0,60.0,140.0,0.3,393.0,0.509,37.0,0.562,7.9,Rebounding,60,30,30,1540.0,577618,109.4,59.7,49.7,4.16,4.37,3.93,SpeedDistance,60,30,30,1540.0,1871,25,8,10,0.8,4,4,1.0,20,0.8,10,0.4,1,0.1,2,0.08,2,0.08,ElbowTouch,60,30,30,1540.0,1871,2,0,0,0.0,0,0,0.0,0,0.0,2,1.0,1,0.5,0,0.0,0,0.0,PostTouch,60,30,30,1540.0,1871,87,27,42,0.643,7,10,0.7,62,0.713,29,0.333,4,0.046,6,0.069,5,0.057,PaintTouch
1630543,Isaiah Jackson,1610612746,LAC,55,20,35,908.0,40,8,22,0.364,8,12,0.667,26,0.65,7,0.175,0,0.0,2,0.05,6,0.15,Drives,55,20,35,908.0,36,49,177,116,196,0.592,Defense,55,20,35,908.0,0,4,0.0,0,0.0,2.0,0.0,0.0,CatchShoot,55,20,35,908.0,827,607,52,10,9,92,134,71,0.063,0.086,Passing,55,20,35,908.0,370,1176,708,31.5,1.61,0.61,0.315,76,20,269,0.526,1.2,0.922,Possessions,55,20,35,908.0,2,8,0.25,4,0.0,1.0,0.0,0.25,PullUpShot,51.0,17.0,34.0,895.0,113.0,79.0,33.0,0.699,243.0,0.465,6.0,0.477,4.5,177.0,60.0,118.0,0.339,319.0,0.555,24.0,0.6,4.6,290.0,139.0,151.0,0.479,546.0,0.531,30.0,0.562,4.6,Rebounding,55,20,35,908.0,357307,67.7,35.2,32.5,4.41,4.65,4.17,SpeedDistance,55,20,35,908.0,1176,76,17,27,0.63,4,4,1.0,40,0.526,39,0.513,7,0.179,6,0.079,2,0.026,ElbowTouch,55,20,35,908.0,1176,20,8,10,0.8,8,10,0.8,24,1.2,1,0.05,0,0.0,3,0.15,5,0.25,PostTouch,55,20,35,908.0,1176,269,106,162,0.654,33,48,0.688,248,0.922,59,0.219,8,0.03,17,0.063,23,0.086,PaintTouch
1630544,Tre Mann,1610612766,CHA,53,30,23,668.0,244,44,113,0.389,13,14,0.929,101,0.414,102,0.418,17,0.07,17,0.07,7,0.029,Drives,53,30,23,668.0,25,5,72,48,62,0.774,Defense,53,30,23,668.0,28,79,0.354,84,28.0,79.0,0.354,0.532,CatchShoot,53,30,23,668.0,995,1085,86,9,11,180,234,106,0.086,0.107,Passing,53,30,23,668.0,291,1404,610,120.5,5.15,4.7,0.207,6,0,13,0.0,0.0,0.231,Possessions,53,30,23,668.0,45,144,0.313,112,22.0,76.0,0.289,0.389,PullUpShot,35.0,16.0,19.0,565.0,20.0,6.0,14.0,0.3,48.0,0.417,1.0,0.426,15.3,72.0,15.0,57.0,0.208,124.0,0.581,11.0,0.637,5.7,92.0,21.0,71.0,0.228,169.0,0.544,12.0,0.586,7.8,Rebounding,53,30,23,668.0,261160,49.5,28.1,21.4,4.4,4.67,4.09,SpeedDistance,53,30,23,668.0,1404,6,0,1,0.0,0,0,0.0,0,0.0,5,0.833,0,0.0,0,0.0,0,0.0,ElbowTouch,53,30,23,668.0,1404,0,0,0,0.0,0,0,0.0,0,0.0,0,0.0,0,0.0,0,0.0,0,0.0,PostTouch,53,30,23,668.0,1404,13,1,2,0.5,1,2,0.5,3,0.231,8,0.615,0,0.0,2,0.154,1,0.077,PaintTouch
1630545,Terrence Shannon Jr,1610612750,MIN,43,24,19,538.0,130,24,55,0.436,22,26,0.846,72,0.554,50,0.385,17,0.131,8,0.062,13,0.1,Drives,43,24,19,538.0,14,1,39,26,38,0.684,Defense,43,24,19,538.0,18,54,0.333,54,18.0,53.0,0.34,0.5,CatchShoot,43,24,19,538.0,435,531,38,0,4,87,99,43,0.087,0.099,Passing,43,24,19,538.0,241,700,352,39.8,3.41,2.87,0.344,4,0,9,1.5,0.0,0.444,Possessions,43,24,19,538.0,20,42,0.476,53,13.0,23.0,0.565,0.631,PullUpShot,23.0,11.0,12.0,357.0,10.0,6.0,4.0,0.6,27.0,0.37,1.0,0.385,11.7,39.0,10.0,29.0,0.256,65.0,0.6,2.0,0.619,8.4,49.0,16.0,33.0,0.327,89.0,0.551,3.0,0.57,9.1,Rebounding,43,24,19,538.0,212557,40.3,21.0,19.2,4.34,4.57,4.09,SpeedDistance,43,24,19,538.0,700,4,3,3,1.0,0,0,0.0,6,1.5,1,0.25,0,0.0,0,0.0,0,0.0,ElbowTouch,43,24,19,538.0,700,0,0,0,0.0,0,0,0.0,0,0.0,0,0.0,0,0.0,0,0.0,0,0.0,PostTouch,43,24,19,538.0,700,9,2,2,1.0,0,0,0.0,4,0.444,7,0.778,0,0.0,0,0.0,0,0.0,PaintTouch
1630548,Johnny Juzang,1610612750,MIN,21,13,8,88.0,11,3,6,0.5,1,2,0.5,7,0.636,3,0.273,0,0.0,1,0.091,1,0.091,Drives,21,13,8,88.0,2,1,12,6,7,0.857,Defense,21,13,8,88.0,4,17,0.235,12,4.0,17.0,0.235,0.353,CatchShoot,21,13,8,88.0,72,74,6,2,0,9,19,8,0.083,0.111,Passing,21,13,8,88.0,43,121,64,6.2,3.07,2.6,0.355,2,0,5,2.0,0.0,1.2,Possessions,21,13,8,88.0,6,13,0.462,14,2.0,7.0,0.286,0.538,PullUpShot,12.0,7.0,5.0,69.0,5.0,2.0,3.0,0.4,7.0,0.714,0.0,0.714,7.8,12.0,3.0,9.0,0.25,19.0,0.632,2.0,0.706,6.5,17.0,5.0,12.0,0.294,25.0,0.68,2.0,0.739,6.8,Rebounding,21,13,8,88.0,39703,7.5,3.9,3.7,4.79,5.07,4.63,SpeedDistance,21,13,8,88.0,121,2,2,2,1.0,0,0,0.0,4,2.0,0,0.0,0,0.0,0,0.0,0,0.0,ElbowTouch,21,13,8,88.0,121,0,0,0,0.0,0,0,0.0,0,0.0,0,0.0,0,0.0,0,0.0,0,0.0,PostTouch,21,13,8,88.0,121,5,3,3,1.0,0,0,0.0,6,1.2,2,0.4,1,0.2,0,0.0,0,0.0,PaintTouch
1630549,Day'Ron Sharpe,1610612751,BKN,62,17,45,1160.0,68,17,34,0.5,6,10,0.6,42,0.618,19,0.279,5,0.074,6,0.088,5,0.074,Drives,62,17,45,1160.0,67,26,242,118,177,0.667,Defense,62,17,45,1160.0,8,35,0.229,24,8.0,34.0,0.235,0.343,CatchShoot,62,17,45,1160.0,1619,1357,145,13,8,238,390,166,0.09,0.103,Passing,62,17,45,1160.0,540,2177,1440,72.6,2.0,0.92,0.248,177,48,422,0.395,0.729,0.95,Possessions,62,17,45,1160.0,1,7,0.143,3,1.0,5.0,0.2,0.214,PullUpShot,62.0,17.0,45.0,1160.0,171.0,122.0,49.0,0.713,393.0,0.435,10.0,0.446,4.3,242.0,85.0,157.0,0.351,383.0,0.632,44.0,0.714,4.1,413.0,207.0,206.0,0.501,750.0,0.551,54.0,0.593,4.2,Rebounding,62,17,45,1160.0,465938,88.2,46.0,42.2,4.39,4.51,4.27,SpeedDistance,62,17,45,1160.0,2177,177,31,47,0.66,4,14,0.286,70,0.395,108,0.61,21,0.194,7,0.04,7,0.04,ElbowTouch,62,17,45,1160.0,2177,48,11,20,0.55,12,14,0.857,35,0.729,12,0.25,5,0.104,4,0.083,7,0.146,PostTouch,62,17,45,1160.0,2177,422,165,246,0.671,64,92,0.696,401,0.95,84,0.199,28,0.066,28,0.066,42,0.1,PaintTouch
1630551,Justin Champagnie,1610612764,WAS,69,13,56,1377.0,123,23,60,0.383,18,22,0.818,65,0.528,38,0.309,13,0.106,10,0.081,11,0.089,Drives,69,13,56,1377.0,59,43,239,138,198,0.697,Defense,69,13,56,1377.0,46,147,0.313,138,46.0,145.0,0.317,0.469,CatchShoot,69,13,56,1377.0,1472,1003,84,2,7,111,211,91,0.057,0.062,Passing,69,13,56,1377.0,597,2077,1032,56.7,1.64,0.68,0.287,40,1,212,0.725,0.0,1.071,Possessions,69,13,56,1377.0,7,26,0.269,21,7.0,21.0,0.333,0.404,PullUpShot,66.0,13.0,53.0,1368.0,145.0,81.0,62.0,0.559,266.0,0.545,4.0,0.553,5.7,239.0,53.0,185.0,0.222,380.0,0.629,30.0,0.683,5.2,384.0,134.0,247.0,0.349,618.0,0.621,34.0,0.658,5.4,Rebounding,69,13,56,1377.0,554015,104.9,55.3,49.6,4.4,4.59,4.21,SpeedDistance,69,13,56,1377.0,2077,40,12,21,0.571,3,4,0.75,29,0.725,14,0.35,4,0.286,3,0.075,2,0.05,ElbowTouch,69,13,56,1377.0,2077,1,0,0,0.0,0,0,0.0,0,0.0,0,0.0,0,0.0,1,1.0,0,0.0,PostTouch,69,13,56,1377.0,2077,212,96,139,0.691,29,32,0.906,227,1.071,42,0.198,7,0.033,8,0.038,16,0.075,PaintTouch
1630552,Jalen Johnson,1610612737,ATL,72,42,30,2532.0,952,208,455,0.457,116,151,0.768,552,0.58,340,0.357,94,0.099,59,0.062,77,0.081,Drives,72,42,30,2532.0,89,31,639,198,289,0.685,Defense,72,42,30,2532.0,99,238,0.416,283,85.0,213.0,0.399,0.595,CatchShoot,72,42,30,2532.0,4606,3947,566,55,37,1011,1478,658,0.123,0.143,Passing,72,42,30,2532.0,1621,6423,2854,352.5,3.29,2.35,0.252,159,69,203,0.83,0.71,1.079,Possessions,72,42,30,2532.0,133,340,0.391,298,32.0,108.0,0.296,0.438,PullUpShot,72.0,42.0,30.0,2532.0,101.0,54.0,46.0,0.535,300.0,0.337,11.0,0.349,7.6,639.0,174.0,466.0,0.272,913.0,0.7,68.0,0.756,5.1,740.0,228.0,512.0,0.308,1147.0,0.645,79.0,0.693,5.4,Rebounding,72,42,30,2532.0,991752,187.8,101.1,86.8,4.32,4.84,3.84,SpeedDistance,72,42,30,2532.0,6423,159,57,84,0.679,15,18,0.833,132,0.83,56,0.352,25,0.446,6,0.038,9,0.057,ElbowTouch,72,42,30,2532.0,6423,69,20,32,0.625,9,10,0.9,49,0.71,21,0.304,7,0.101,6,0.087,5,0.072,PostTouch,72,42,30,2532.0,6423,203,91,130,0.7,33,40,0.825,219,1.079,42,0.207,13,0.064,7,0.034,20,0.099,PaintTouch
1630557,Corey Kispert,1610612737,ATL,58,27,31,1080.0,181,47,79,0.595,25,32,0.781,123,0.68,75,0.414,17,0.094,9,0.05,16,0.088,Drives,58,27,31,1080.0,16,9,105,55,92,0.598,Defense,58,27,31,1080.0,75,202,0.371,225,75.0,201.0,0.373,0.557,CatchShoot,58,27,31,1080.0,954,998,92,8,10,157,236,110,0.096,0.115,Passing,58,27,31,1080.0,532,1457,927,42.5,1.75,0.98,0.365,19,0,50,0.842,0.0,1.14,Possessions,58,27,31,1080.0,17,48,0.354,46,12.0,36.0,0.333,0.479,PullUpShot,48.0,22.0,26.0,952.0,27.0,7.0,20.0,0.259,61.0,0.443,3.0,0.466,11.6,105.0,20.0,85.0,0.19,181.0,0.58,16.0,0.636,6.7,132.0,27.0,105.0,0.205,234.0,0.564,19.0,0.614,7.7,Rebounding,58,27,31,1080.0,454031,86.0,46.8,39.2,4.66,5.22,4.13,SpeedDistance,58,27,31,1080.0,1457,19,6,12,0.5,4,4,1.0,16,0.842,5,0.263,1,0.2,0,0.0,2,0.105,ElbowTouch,58,27,31,1080.0,1457,0,0,0,0.0,0,0,0.0,0,0.0,0,0.0,0,0.0,0,0.0,0,0.0,PostTouch,58,27,31,1080.0,1457,50,25,33,0.758,6,8,0.75,57,1.14,12,0.24,2,0.04,1,0.02,4,0.08,PaintTouch
1630558,Davion Mitchell,1610612748,MIA,70,37,33,2000.0,718,130,225,0.578,33,50,0.66,294,0.409,409,0.57,101,0.141,42,0.058,25,0.035,Drives,70,37,33,2000.0,68,11,154,99,135,0.733,Defense,70,37,33,2000.0,70,179,0.391,208,68.0,177.0,0.384,0.581,CatchShoot,70,37,33,2000.0,3806,3817,453,47,73,797,1220,569,0.119,0.15,Passing,70,37,33,2000.0,654,4566,1839,253.4,3.33,3.18,0.143,13,0,24,0.308,0.0,0.25,Possessions,70,37,33,2000.0,48,107,0.449,118,22.0,50.0,0.44,0.551,PullUpShot,67.0,35.0,32.0,1915.0,32.0,8.0,24.0,0.25,81.0,0.395,3.0,0.41,18.4,154.0,31.0,121.0,0.201,307.0,0.502,33.0,0.562,9.2,186.0,39.0,145.0,0.21,386.0,0.482,36.0,0.531,10.8,Rebounding,70,37,33,2000.0,792248,150.0,78.5,71.6,4.43,4.97,3.96,SpeedDistance,70,37,33,2000.0,4566,13,2,3,0.667,0,0,0.0,4,0.308,9,0.692,3,0.333,0,0.0,0,0.0,ElbowTouch,70,37,33,2000.0,4566,0,0,0,0.0,0,0,0.0,0,0.0,0,0.0,0,0.0,0,0.0,0,0.0,PostTouch,70,37,33,2000.0,4566,24,3,5,0.6,0,0,0.0,6,0.25,15,0.625,3,0.125,2,0.083,0,0.0,PaintTouch
1630559,Austin Reaves,1610612747,LAL,51,36,15,1762.0,595,172,298,0.577,116,134,0.866,479,0.805,181,0.304,52,0.087,35,0.059,69,0.116,Drives,51,36,15,1762.0,56,20,207,122,152,0.803,Defense,51,36,15,1762.0,63,153,0.412,187,61.0,151.0,0.404,0.611,CatchShoot,51,36,15,1762.0,2497,2862,280,27,39,433,691,346,0.112,0.139,Passing,51,36,15,1762.0,1187,3705,1407,288.8,4.68,4.17,0.32,30,0,43,0.7,0.0,0.814,Possessions,51,36,15,1762.0,112,306,0.366,280,56.0,174.0,0.322,0.458,PullUpShot,50.0,35.0,15.0,1735.0,33.0,11.0,22.0,0.333,93.0,0.355,4.0,0.371,11.9,207.0,35.0,172.0,0.169,341.0,0.607,24.0,0.653,7.9,240.0,46.0,194.0,0.192,426.0,0.563,28.0,0.603,8.5,Rebounding,51,36,15,1762.0,631557,119.6,66.0,53.6,3.99,4.35,3.62,SpeedDistance,51,36,15,1762.0,3705,30,8,11,0.727,5,6,0.833,21,0.7,13,0.433,3,0.231,2,0.067,3,0.1,ElbowTouch,51,36,15,1762.0,3705,0,0,0,0.0,0,0,0.0,0,0.0,0,0.0,0,0.0,0,0.0,0,0.0,PostTouch,51,36,15,1762.0,3705,43,14,19,0.737,6,6,1.0,35,0.814,16,0.372,4,0.093,3,0.07,3,0.07,PaintTouch
1630560,Cam Thomas,1610612749,MIL,42,12,30,881.0,356,87,185,0.47,62,74,0.838,244,0.685,102,0.287,31,0.087,20,0.056,37,0.104,Drives,42,12,30,881.0,9,4,60,52,61,0.852,Defense,42,12,30,881.0,21,60,0.35,62,20.0,55.0,0.364,0.517,CatchShoot,42,12,30,881.0,1039,1464,108,3,20,200,275,130,0.104,0.125,Passing,42,12,30,881.0,567,1721,1010,119.0,4.15,3.69,0.329,12,8,15,0.583,1.25,0.933,Possessions,42,12,30,881.0,97,260,0.373,225,31.0,110.0,0.282,0.433,PullUpShot,36.0,10.0,26.0,808.0,11.0,1.0,10.0,0.091,40.0,0.275,1.0,0.282,14.1,60.0,11.0,49.0,0.183,134.0,0.448,17.0,0.513,8.4,71.0,12.0,59.0,0.169,170.0,0.418,18.0,0.467,9.3,Rebounding,42,12,30,881.0,346015,65.5,36.3,29.2,4.28,4.58,3.97,SpeedDistance,42,12,30,881.0,1721,12,3,6,0.5,0,0,0.0,7,0.583,4,0.333,1,0.25,1,0.083,0,0.0,ElbowTouch,42,12,30,881.0,1721,8,3,5,0.6,4,4,1.0,10,1.25,1,0.125,0,0.0,0,0.0,2,0.25,PostTouch,42,12,30,881.0,1721,15,6,10,0.6,1,2,0.5,14,0.933,1,0.067,0,0.0,1,0.067,1,0.067,PaintTouch
1630567,Scottie Barnes,1610612761,TOR,80,45,35,2681.0,624,168,325,0.517,73,94,0.777,419,0.671,197,0.316,68,0.109,44,0.071,48,0.077,Drives,80,45,35,2681.0,114,116,451,243,387,0.628,Defense,80,45,35,2681.0,87,236,0.369,228,54.0,178.0,0.303,0.483,CatchShoot,80,45,35,2681.0,4051,3660,474,50,44,810,1178,567,0.117,0.14,Passing,80,45,35,2681.0,1448,5651,2811,261.7,2.78,1.96,0.256,230,180,409,0.63,0.478,0.804,Possessions,80,45,35,2681.0,117,274,0.427,246,12.0,39.0,0.308,0.449,PullUpShot,79.0,45.0,34.0,2645.0,148.0,83.0,65.0,0.561,343.0,0.431,8.0,0.442,6.5,450.0,122.0,328.0,0.271,706.0,0.637,56.0,0.692,6.0,598.0,205.0,393.0,0.343,996.0,0.6,64.0,0.642,6.1,Rebounding,80,45,35,2681.0,1050078,198.9,101.6,97.2,4.3,4.58,4.04,SpeedDistance,80,45,35,2681.0,5651,230,63,104,0.606,17,18,0.944,145,0.63,104,0.452,29,0.279,6,0.026,6,0.026,ElbowTouch,80,45,35,2681.0,5651,180,34,80,0.425,15,18,0.833,86,0.478,69,0.383,16,0.089,9,0.05,9,0.05,PostTouch,80,45,35,2681.0,5651,409,137,213,0.643,42,50,0.84,329,0.804,133,0.325,40,0.098,23,0.056,24,0.059,PaintTouch
1630568,Luka Garza,1610612738,BOS,69,47,22,1118.0,19,5,10,0.5,3,4,0.75,14,0.737,5,0.263,1,0.053,1,0.053,2,0.105,Drives,69,47,22,1118.0,27,28,125,130,194,0.67,Defense,69,47,22,1118.0,64,143,0.448,182,54.0,126.0,0.429,0.636,CatchShoot,69,47,22,1118.0,1167,937,66,0,8,98,163,74,0.057,0.063,Passing,69,47,22,1118.0,557,1633,1056,39.6,1.45,0.44,0.341,58,14,300,1.017,0.643,0.937,Possessions,69,47,22,1118.0,1,3,0.333,3,1.0,1.0,1.0,0.5,PullUpShot,63.0,44.0,19.0,1065.0,156.0,115.0,41.0,0.737,363.0,0.43,17.0,0.451,4.7,125.0,61.0,64.0,0.488,281.0,0.445,46.0,0.532,5.7,281.0,176.0,105.0,0.626,637.0,0.441,63.0,0.49,5.1,Rebounding,69,47,22,1118.0,471455,89.3,49.7,39.6,4.6,4.78,4.39,SpeedDistance,69,47,22,1118.0,1633,58,23,28,0.821,10,14,0.714,59,1.017,19,0.328,2,0.105,1,0.017,7,0.121,ElbowTouch,69,47,22,1118.0,1633,14,2,5,0.4,5,6,0.833,9,0.643,0,0.0,0,0.0,3,0.214,4,0.286,PostTouch,69,47,22,1118.0,1633,300,109,172,0.634,56,74,0.757,281,0.937,65,0.217,10,0.033,15,0.05,36,0.12,PaintTouch
1630570,Trendon Watford,1610612755,PHI,53,27,26,864.0,210,54,107,0.505,24,30,0.8,139,0.662,62,0.295,10,0.048,18,0.086,17,0.081,Drives,53,27,26,864.0,16,22,137,72,109,0.661,Defense,53,27,26,864.0,10,44,0.227,30,10.0,44.0,0.227,0.341,CatchShoot,53,27,26,864.0,1620,1304,132,12,9,235,339,153,0.081,0.094,Passing,53,27,26,864.0,346,2052,931,100.2,2.93,2.17,0.169,50,61,69,0.3,0.508,0.797,Possessions,53,27,26,864.0,7,28,0.25,14,0.0,5.0,0.0,0.25,PullUpShot,47.0,24.0,23.0,818.0,38.0,17.0,21.0,0.447,93.0,0.409,1.0,0.413,8.7,137.0,29.0,108.0,0.212,219.0,0.626,18.0,0.682,5.9,175.0,46.0,129.0,0.263,297.0,0.589,19.0,0.629,6.5,Rebounding,53,27,26,864.0,338379,64.1,35.0,29.0,4.26,4.6,3.91,SpeedDistance,53,27,26,864.0,2052,50,7,16,0.438,0,0,0.0,15,0.3,30,0.6,6,0.2,3,0.06,0,0.0,ElbowTouch,53,27,26,864.0,2052,61,14,24,0.583,2,4,0.5,31,0.508,25,0.41,6,0.098,4,0.066,2,0.033,PostTouch,53,27,26,864.0,2052,69,26,36,0.722,2,4,0.5,55,0.797,26,0.377,6,0.087,3,0.043,2,0.029,PaintTouch
1630572,Sandro Mamukelashvili,1610612761,TOR,80,44,36,1751.0,187,48,82,0.585,27,38,0.711,126,0.674,67,0.358,13,0.07,14,0.075,19,0.102,Drives,80,44,36,1751.0,64,41,287,221,328,0.674,Defense,80,44,36,1751.0,112,290,0.386,334,110.0,283.0,0.389,0.576,CatchShoot,80,44,36,1751.0,1962,1765,151,13,15,273,391,179,0.077,0.091,Passing,80,44,36,1751.0,893,2778,1685,81.0,1.75,0.82,0.321,119,22,264,0.689,0.727,0.814,Possessions,80,44,36,1751.0,8,26,0.308,20,4.0,9.0,0.444,0.385,PullUpShot,78.0,44.0,34.0,1710.0,107.0,67.0,40.0,0.626,241.0,0.444,8.0,0.459,7.6,286.0,70.0,216.0,0.245,509.0,0.562,59.0,0.636,5.9,393.0,137.0,256.0,0.349,733.0,0.536,67.0,0.59,6.4,Rebounding,80,44,36,1751.0,714278,135.3,70.6,64.7,4.46,4.76,4.17,SpeedDistance,80,44,36,1751.0,2778,119,28,43,0.651,21,30,0.7,82,0.689,56,0.471,7,0.125,5,0.042,14,0.118,ElbowTouch,80,44,36,1751.0,2778,22,5,11,0.455,6,6,1.0,16,0.727,7,0.318,5,0.227,1,0.045,3,0.136,PostTouch,80,44,36,1751.0,2778,264,92,143,0.643,26,36,0.722,215,0.814,87,0.33,12,0.045,12,0.045,18,0.068,PaintTouch
1630573,Sam Hauser,1610612738,BOS,78,54,24,1934.0,64,15,28,0.536,3,4,0.75,34,0.531,29,0.453,7,0.109,4,0.063,2,0.031,Drives,78,54,24,1934.0,38,23,244,102,154,0.662,Defense,78,54,24,1934.0,166,421,0.394,496,164.0,416.0,0.394,0.589,CatchShoot,78,54,24,1934.0,2086,1582,114,3,10,181,299,127,0.055,0.061,Passing,78,54,24,1934.0,719,2767,1526,69.2,1.5,0.57,0.26,28,0,58,0.643,0.0,0.81,Possessions,78,54,24,1934.0,56,135,0.415,145,33.0,87.0,0.379,0.537,PullUpShot,76.0,53.0,23.0,1909.0,56.0,17.0,39.0,0.304,123.0,0.455,2.0,0.463,12.0,244.0,44.0,200.0,0.18,415.0,0.588,32.0,0.637,7.1,300.0,61.0,239.0,0.203,516.0,0.581,34.0,0.622,8.0,Rebounding,78,54,24,1934.0,811695,153.7,87.6,66.1,4.61,4.98,4.2,SpeedDistance,78,54,24,1934.0,2767,28,7,10,0.7,2,2,1.0,18,0.643,15,0.536,3,0.2,1,0.036,1,0.036,ElbowTouch,78,54,24,1934.0,2767,0,0,0,0.0,0,0,0.0,0,0.0,0,0.0,0,0.0,0,0.0,0,0.0,PostTouch,78,54,24,1934.0,2767,58,20,31,0.645,4,4,1.0,47,0.81,21,0.362,3,0.052,3,0.052,1,0.017,PaintTouch
1630574,Ariel Hukporti,1610612752,NYK,54,35,19,498.0,12,3,6,0.5,0,0,0.0,6,0.5,3,0.25,1,0.083,3,0.25,0,0.0,Drives,54,35,19,498.0,9,26,103,57,100,0.57,Defense,54,35,19,498.0,3,11,0.273,7,1.0,4.0,0.25,0.318,CatchShoot,54,35,19,498.0,381,334,29,2,2,54,74,33,0.076,0.087,Passing,54,35,19,498.0,117,519,374,16.8,1.94,0.58,0.225,56,6,129,0.214,0.0,0.628,Possessions,54,35,19,498.0,1,2,0.5,2,0.0,0.0,,0.5,PullUpShot,41.0,27.0,14.0,446.0,56.0,34.0,22.0,0.607,150.0,0.373,6.0,0.389,5.1,103.0,36.0,67.0,0.35,186.0,0.554,25.0,0.64,6.0,159.0,70.0,89.0,0.44,328.0,0.485,31.0,0.535,5.7,Rebounding,54,35,19,498.0,202158,38.3,19.9,18.4,4.41,4.47,4.35,SpeedDistance,54,35,19,498.0,519,56,5,12,0.417,1,2,0.5,12,0.214,42,0.75,6,0.143,0,0.0,1,0.018,ElbowTouch,54,35,19,498.0,519,6,0,3,0.0,0,0,0.0,0,0.0,1,0.167,0,0.0,1,0.167,0,0.0,PostTouch,54,35,19,498.0,519,129,31,51,0.608,18,22,0.818,81,0.628,51,0.395,7,0.054,10,0.078,11,0.085,PaintTouch
1630577,Julian Champagnie,1610612759,SAS,82,62,20,2266.0,192,29,69,0.42,18,22,0.818,76,0.396,101,0.526,26,0.135,10,0.052,11,0.057,Drives,82,62,20,2266.0,62,38,399,146,210,0.695,Defense,82,62,20,2266.0,181,461,0.393,542,180.0,460.0,0.391,0.588,CatchShoot,82,62,20,2266.0,2271,1918,127,21,26,229,352,174,0.056,0.077,Passing,82,62,20,2266.0,911,3080,1593,75.6,1.47,0.58,0.296,24,0,96,0.792,0.0,0.917,Possessions,82,62,20,2266.0,20,68,0.294,54,14.0,48.0,0.292,0.397,PullUpShot,81.0,61.0,20.0,2235.0,74.0,28.0,46.0,0.378,175.0,0.423,2.0,0.428,9.4,392.0,92.0,301.0,0.235,593.0,0.661,66.0,0.744,6.6,466.0,120.0,347.0,0.258,729.0,0.639,68.0,0.705,7.1,Rebounding,82,62,20,2266.0,883028,167.2,86.4,80.9,4.36,4.63,4.1,SpeedDistance,82,62,20,2266.0,3080,24,7,9,0.778,4,4,1.0,19,0.792,10,0.417,0,0.0,2,0.083,2,0.083,ElbowTouch,82,62,20,2266.0,3080,0,0,0,0.0,0,0,0.0,0,0.0,0,0.0,0,0.0,0,0.0,0,0.0,PostTouch,82,62,20,2266.0,3080,96,43,55,0.782,2,4,0.5,88,0.917,27,0.281,3,0.031,10,0.104,2,0.021,PaintTouch
1630578,Alperen Sengun,1610612745,HOU,72,46,26,2398.0,611,185,337,0.549,69,92,0.75,447,0.732,152,0.249,36,0.059,58,0.095,48,0.079,Drives,72,46,26,2398.0,85,77,425,301,460,0.654,Defense,72,46,26,2398.0,49,135,0.363,127,29.0,97.0,0.299,0.47,CatchShoot,72,46,26,2398.0,3436,3799,445,41,40,790,1142,526,0.13,0.153,Passing,72,46,26,2398.0,1466,5121,3364,275.5,3.23,2.06,0.286,386,379,468,0.526,0.615,0.731,Possessions,72,46,26,2398.0,68,201,0.338,145,9.0,26.0,0.346,0.361,PullUpShot,72.0,46.0,26.0,2398.0,215.0,135.0,80.0,0.628,483.0,0.445,25.0,0.469,6.2,425.0,134.0,286.0,0.315,750.0,0.567,84.0,0.638,4.7,640.0,269.0,366.0,0.42,1188.0,0.539,109.0,0.593,5.2,Rebounding,72,46,26,2398.0,848873,160.8,86.5,74.3,3.89,3.96,3.82,SpeedDistance,72,46,26,2398.0,5121,386,86,149,0.577,29,40,0.725,203,0.526,196,0.508,60,0.306,12,0.031,17,0.044,ElbowTouch,72,46,26,2398.0,5121,379,100,180,0.556,29,44,0.659,233,0.615,142,0.375,32,0.084,21,0.055,22,0.058,PostTouch,72,46,26,2398.0,5121,468,145,242,0.599,36,52,0.692,342,0.731,160,0.342,46,0.098,19,0.041,25,0.053,PaintTouch
1630579,Jericho Sims,1610612749,MIL,67,25,42,1318.0,34,10,15,0.667,0,0,0.0,20,0.588,16,0.471,1,0.029,1,0.029,0,0.0,Drives,67,25,42,1318.0,19,17,223,85,132,0.644,Defense,67,25,42,1318.0,2,6,0.333,4,,,,0.333,CatchShoot,67,25,42,1318.0,1664,1150,104,1,19,169,275,124,0.063,0.075,Passing,67,25,42,1318.0,334,1978,1091,53.6,1.63,0.73,0.169,124,3,320,0.274,0.0,0.738,Possessions,67,25,42,1318.0,0,1,0.0,0,,,,0.0,PullUpShot,58.0,21.0,37.0,1289.0,147.0,94.0,53.0,0.639,336.0,0.438,11.0,0.452,5.8,223.0,61.0,162.0,0.274,380.0,0.587,44.0,0.664,5.1,370.0,155.0,215.0,0.419,701.0,0.528,55.0,0.573,5.4,Rebounding,67,25,42,1318.0,524482,99.3,53.2,46.2,4.34,4.5,4.18,SpeedDistance,67,25,42,1318.0,1978,124,15,20,0.75,4,4,1.0,34,0.274,92,0.742,9,0.098,7,0.056,2,0.016,ElbowTouch,67,25,42,1318.0,1978,3,0,0,0.0,0,0,0.0,0,0.0,2,0.667,1,0.333,1,0.333,0,0.0,PostTouch,67,25,42,1318.0,1978,320,105,126,0.833,22,36,0.611,236,0.738,147,0.459,31,0.097,21,0.066,17,0.053,PaintTouch
1630581,Josh Giddey,1610612741,CHI,54,21,33,1731.0,819,128,279,0.459,94,118,0.797,360,0.44,404,0.493,102,0.125,56,0.068,60,0.073,Drives,54,21,33,1731.0,55,27,381,134,190,0.705,Defense,54,21,33,1731.0,73,187,0.39,215,69.0,181.0,0.381,0.575,CatchShoot,54,21,33,1731.0,3909,3776,494,38,54,905,1275,584,0.126,0.149,Passing,54,21,33,1731.0,919,5079,2169,300.2,3.55,3.02,0.181,48,5,90,0.458,0.0,0.7,Possessions,54,21,33,1731.0,61,181,0.337,150,28.0,86.0,0.326,0.414,PullUpShot,53.0,21.0,32.0,1704.0,67.0,36.0,31.0,0.537,176.0,0.381,11.0,0.406,10.7,381.0,74.0,308.0,0.194,568.0,0.671,43.0,0.726,6.0,448.0,110.0,339.0,0.246,711.0,0.63,54.0,0.682,6.7,Rebounding,54,21,33,1731.0,680043,128.8,70.9,57.9,4.41,4.98,3.86,SpeedDistance,54,21,33,1731.0,5079,48,8,17,0.471,5,6,0.833,22,0.458,23,0.479,2,0.087,4,0.083,3,0.063,ElbowTouch,54,21,33,1731.0,5079,5,0,0,0.0,0,0,0.0,0,0.0,3,0.6,1,0.2,1,0.2,0,0.0,PostTouch,54,21,33,1731.0,5079,90,27,41,0.659,5,6,0.833,63,0.7,39,0.433,8,0.089,4,0.044,4,0.044,PaintTouch
1630583,Santi Aldama,1610612763,MEM,43,19,24,1198.0,218,59,112,0.527,16,22,0.727,137,0.628,82,0.376,22,0.101,7,0.032,11,0.05,Drives,43,19,24,1198.0,37,31,220,112,176,0.636,Defense,43,19,24,1198.0,71,193,0.368,204,62.0,177.0,0.35,0.528,CatchShoot,43,19,24,1198.0,1700,1460,126,9,20,222,329,155,0.074,0.091,Passing,43,19,24,1198.0,602,2326,1320,71.2,1.84,0.93,0.259,56,21,140,0.571,0.857,0.914,Possessions,43,19,24,1198.0,24,68,0.353,56,8.0,22.0,0.364,0.412,PullUpShot,43.0,19.0,24.0,1198.0,67.0,44.0,22.0,0.657,155.0,0.432,4.0,0.444,6.7,220.0,44.0,176.0,0.2,355.0,0.62,41.0,0.701,5.7,287.0,88.0,198.0,0.307,481.0,0.597,45.0,0.658,5.9,Rebounding,43,19,24,1198.0,481351,91.2,49.0,42.2,4.54,5.01,4.1,SpeedDistance,43,19,24,1198.0,2326,56,15,25,0.6,1,2,0.5,32,0.571,24,0.429,5,0.208,4,0.071,1,0.018,ElbowTouch,43,19,24,1198.0,2326,21,5,10,0.5,6,8,0.75,18,0.857,6,0.286,2,0.095,1,0.048,4,0.19,PostTouch,43,19,24,1198.0,2326,140,57,95,0.6,12,18,0.667,128,0.914,26,0.186,4,0.029,6,0.043,7,0.05,PaintTouch
1630587,Isaiah Livers,1610612756,PHX,36,21,15,347.0,15,2,5,0.4,0,0,0.0,4,0.267,8,0.533,3,0.2,0,0.0,0,0.0,Drives,36,21,15,347.0,13,8,42,21,30,0.7,Defense,36,21,15,347.0,11,35,0.314,33,11.0,33.0,0.333,0.471,CatchShoot,36,21,15,347.0,283,207,21,1,1,38,58,23,0.074,0.081,Passing,36,21,15,347.0,65,379,200,11.9,1.89,1.12,0.172,6,0,30,0.333,0.0,0.433,Possessions,36,21,15,347.0,2,10,0.2,5,1.0,7.0,0.143,0.25,PullUpShot,27.0,16.0,11.0,315.0,19.0,8.0,11.0,0.421,49.0,0.388,5.0,0.432,7.8,42.0,14.0,28.0,0.333,68.0,0.618,4.0,0.656,7.2,61.0,22.0,39.0,0.361,111.0,0.55,9.0,0.598,7.4,Rebounding,36,21,15,347.0,139266,26.4,13.7,12.6,4.46,4.57,4.31,SpeedDistance,36,21,15,347.0,379,6,1,1,1.0,0,0,0.0,2,0.333,5,0.833,2,0.4,0,0.0,0,0.0,ElbowTouch,36,21,15,347.0,379,0,0,0,0.0,0,0,0.0,0,0.0,0,0.0,0,0.0,0,0.0,0,0.0,PostTouch,36,21,15,347.0,379,30,5,11,0.455,3,4,0.75,13,0.433,16,0.533,4,0.133,1,0.033,2,0.067,PaintTouch
1630590,Scotty Pippen Jr.,1610612763,MEM,10,2,8,212.0,80,13,30,0.433,10,12,0.833,36,0.45,31,0.388,12,0.15,12,0.15,6,0.075,Drives,10,2,8,212.0,19,4,14,13,14,0.929,Defense,10,2,8,212.0,8,18,0.444,24,8.0,17.0,0.471,0.667,CatchShoot,10,2,8,212.0,343,398,47,1,4,83,118,52,0.137,0.152,Passing,10,2,8,212.0,114,497,250,31.7,3.83,3.54,0.229,5,0,9,0.8,0.0,0.778,Possessions,10,2,8,212.0,12,35,0.343,26,2.0,15.0,0.133,0.371,PullUpShot,8.0,2.0,6.0,174.0,8.0,2.0,6.0,0.25,16.0,0.5,1.0,0.533,10.1,14.0,1.0,13.0,0.071,23.0,0.609,3.0,0.7,8.2,22.0,3.0,19.0,0.136,39.0,0.564,4.0,0.629,8.9,Rebounding,10,2,8,212.0,89163,16.9,8.6,8.3,4.51,4.66,4.36,SpeedDistance,10,2,8,212.0,497,5,1,2,0.5,2,4,0.5,4,0.8,1,0.2,0,0.0,0,0.0,1,0.2,ElbowTouch,10,2,8,212.0,497,0,0,0,0.0,0,0,0.0,0,0.0,0,0.0,0,0.0,0,0.0,0,0.0,PostTouch,10,2,8,212.0,497,9,3,7,0.429,1,2,0.5,7,0.778,0,0.0,0,0.0,0,0.0,0,0.0,PaintTouch
1630591,Jalen Suggs,1610612753,ORL,57,34,23,1574.0,406,78,148,0.527,32,38,0.842,193,0.475,199,0.49,50,0.123,33,0.081,19,0.047,Drives,57,34,23,1574.0,105,40,184,98,143,0.685,Defense,57,34,23,1574.0,86,222,0.387,257,85.0,217.0,0.392,0.579,CatchShoot,57,34,23,1574.0,2703,2710,312,38,39,487,773,381,0.115,0.141,Passing,57,34,23,1574.0,786,3700,1507,236.1,3.83,3.15,0.212,10,5,49,0.2,0.4,0.857,Possessions,57,34,23,1574.0,85,251,0.339,206,36.0,139.0,0.259,0.41,PullUpShot,55.0,33.0,22.0,1526.0,36.0,12.0,24.0,0.333,76.0,0.474,3.0,0.493,10.7,184.0,34.0,150.0,0.185,313.0,0.588,31.0,0.652,7.7,220.0,46.0,174.0,0.209,380.0,0.579,34.0,0.636,8.2,Rebounding,57,34,23,1574.0,611824,115.9,62.9,52.9,4.26,4.65,3.87,SpeedDistance,57,34,23,1574.0,3700,10,1,3,0.333,0,0,0.0,2,0.2,6,0.6,1,0.167,1,0.1,0,0.0,ElbowTouch,57,34,23,1574.0,3700,5,1,1,1.0,0,0,0.0,2,0.4,3,0.6,0,0.0,0,0.0,0,0.0,PostTouch,57,34,23,1574.0,3700,49,20,29,0.69,2,2,1.0,42,0.857,15,0.306,3,0.061,4,0.082,1,0.02,PaintTouch
1630592,Jalen Wilson,1610612751,BKN,54,10,44,859.0,220,39,93,0.419,39,52,0.75,122,0.555,81,0.368,12,0.055,15,0.068,27,0.123,Drives,54,10,44,859.0,22,2,97,53,75,0.707,Defense,54,10,44,859.0,50,144,0.347,149,49.0,143.0,0.343,0.517,CatchShoot,54,10,44,859.0,821,834,50,8,3,110,146,61,0.061,0.074,Passing,54,10,44,859.0,343,1220,690,57.9,2.85,1.92,0.281,8,2,20,0.5,0.0,0.85,Possessions,54,10,44,859.0,12,29,0.414,29,5.0,10.0,0.5,0.5,PullUpShot,41.0,7.0,34.0,766.0,17.0,4.0,13.0,0.235,50.0,0.34,4.0,0.37,13.7,97.0,27.0,70.0,0.278,161.0,0.602,15.0,0.664,7.7,114.0,31.0,83.0,0.272,207.0,0.551,19.0,0.606,8.6,Rebounding,54,10,44,859.0,348891,66.1,35.8,30.3,4.41,4.63,4.17,SpeedDistance,54,10,44,859.0,1220,8,2,3,0.667,0,0,0.0,4,0.5,4,0.5,0,0.0,0,0.0,0,0.0,ElbowTouch,54,10,44,859.0,1220,2,0,1,0.0,0,0,0.0,0,0.0,1,0.5,0,0.0,0,0.0,0,0.0,PostTouch,54,10,44,859.0,1220,20,7,12,0.583,2,2,1.0,17,0.85,6,0.3,2,0.1,0,0.0,1,0.05,PaintTouch
1630595,Cade Cunningham,1610612765,DET,64,47,17,2172.0,993,239,481,0.497,120,146,0.822,615,0.619,370,0.373,114,0.115,47,0.047,76,0.077,Drives,64,47,17,2172.0,92,54,299,142,226,0.628,Defense,64,47,17,2172.0,54,152,0.355,151,43.0,139.0,0.309,0.497,CatchShoot,64,47,17,2172.0,3878,4514,634,78,73,1110,1623,783,0.163,0.202,Passing,64,47,17,2172.0,1531,5689,2388,461.5,4.87,4.42,0.269,64,72,100,0.703,0.625,0.8,Possessions,64,47,17,2172.0,199,484,0.411,477,79.0,220.0,0.359,0.493,PullUpShot,63.0,47.0,16.0,2132.0,56.0,28.0,28.0,0.5,143.0,0.392,1.0,0.394,9.6,295.0,67.0,228.0,0.227,450.0,0.656,31.0,0.704,7.9,351.0,95.0,256.0,0.271,581.0,0.604,32.0,0.639,8.2,Rebounding,64,47,17,2172.0,829201,157.0,87.6,69.5,4.28,4.87,3.73,SpeedDistance,64,47,17,2172.0,5689,64,19,28,0.679,6,8,0.75,45,0.703,25,0.391,7,0.28,6,0.094,4,0.063,ElbowTouch,64,47,17,2172.0,5689,72,21,38,0.553,1,2,0.5,45,0.625,28,0.389,12,0.167,2,0.028,1,0.014,PostTouch,64,47,17,2172.0,5689,100,30,50,0.6,19,22,0.864,80,0.8,32,0.32,10,0.1,4,0.04,11,0.11,PaintTouch
1630596,Evan Mobley,1610612739,CLE,65,40,25,2074.0,463,126,231,0.545,48,78,0.615,315,0.68,160,0.346,26,0.056,20,0.043,40,0.086,Drives,65,40,25,2074.0,48,113,430,225,392,0.574,Defense,65,40,25,2074.0,56,182,0.308,164,52.0,171.0,0.304,0.451,CatchShoot,65,40,25,2074.0,2985,2477,234,20,26,442,608,279,0.078,0.093,Passing,65,40,25,2074.0,1180,4209,2218,165.3,2.36,1.44,0.28,223,97,498,0.57,0.454,0.944,Possessions,65,40,25,2074.0,34,97,0.351,78,10.0,38.0,0.263,0.402,PullUpShot,65.0,40.0,25.0,2074.0,156.0,96.0,58.0,0.615,342.0,0.456,10.0,0.47,6.5,430.0,170.0,259.0,0.395,741.0,0.58,102.0,0.673,4.7,586.0,266.0,317.0,0.454,1047.0,0.56,112.0,0.627,5.2,Rebounding,65,40,25,2074.0,802420,152.0,80.2,71.8,4.3,4.76,3.89,SpeedDistance,65,40,25,2074.0,4209,223,49,83,0.59,27,44,0.614,127,0.57,94,0.422,25,0.266,13,0.058,22,0.099,ElbowTouch,65,40,25,2074.0,4209,97,18,39,0.462,7,14,0.5,44,0.454,34,0.351,13,0.134,10,0.103,8,0.082,PostTouch,65,40,25,2074.0,4209,498,206,273,0.755,49,86,0.57,470,0.944,118,0.237,22,0.044,33,0.066,38,0.076,PaintTouch
1630598,Aaron Wiggins,1610612760,OKC,65,50,15,1414.0,362,67,156,0.429,26,36,0.722,161,0.445,148,0.409,36,0.099,27,0.075,18,0.05,Drives,65,50,15,1414.0,60,28,158,88,132,0.667,Defense,65,50,15,1414.0,77,210,0.367,230,76.0,208.0,0.365,0.548,CatchShoot,65,50,15,1414.0,1459,1531,109,14,24,215,292,147,0.075,0.101,Passing,65,50,15,1414.0,611,2159,1067,116.7,3.24,2.85,0.283,24,0,74,0.792,0.0,0.919,Possessions,65,50,15,1414.0,37,103,0.359,94,20.0,62.0,0.323,0.456,PullUpShot,59.0,45.0,14.0,1340.0,41.0,23.0,18.0,0.561,109.0,0.376,9.0,0.41,9.3,158.0,41.0,117.0,0.259,299.0,0.528,33.0,0.594,7.3,199.0,64.0,135.0,0.322,399.0,0.499,42.0,0.557,7.7,Rebounding,65,50,15,1414.0,599460,113.5,60.3,53.2,4.64,5.07,4.24,SpeedDistance,65,50,15,1414.0,2159,24,9,15,0.6,0,0,0.0,19,0.792,7,0.292,0,0.0,1,0.042,0,0.0,ElbowTouch,65,50,15,1414.0,2159,0,0,0,0.0,0,0,0.0,0,0.0,0,0.0,0,0.0,0,0.0,0,0.0,PostTouch,65,50,15,1414.0,2159,74,31,42,0.738,5,8,0.625,68,0.919,18,0.243,2,0.027,4,0.054,4,0.054,PaintTouch
1630604,E.J. Liddell,1610612751,BKN,26,5,21,349.0,39,10,22,0.455,4,4,1.0,24,0.615,11,0.282,3,0.077,3,0.077,2,0.051,Drives,26,5,21,349.0,6,10,55,43,59,0.729,Defense,26,5,21,349.0,18,52,0.346,53,17.0,50.0,0.34,0.51,CatchShoot,26,5,21,349.0,341,326,24,2,2,42,66,28,0.07,0.082,Passing,26,5,21,349.0,147,493,300,16.9,2.05,1.26,0.298,20,7,35,0.5,0.857,1.086,Possessions,26,5,21,349.0,5,13,0.385,11,1.0,3.0,0.333,0.423,PullUpShot,22.0,4.0,18.0,335.0,14.0,9.0,5.0,0.643,44.0,0.318,1.0,0.326,6.6,54.0,20.0,34.0,0.37,87.0,0.621,9.0,0.692,5.1,68.0,29.0,39.0,0.426,123.0,0.553,10.0,0.602,5.4,Rebounding,26,5,21,349.0,136561,25.9,13.9,11.9,4.16,4.47,3.82,SpeedDistance,26,5,21,349.0,493,20,4,6,0.667,1,2,0.5,10,0.5,12,0.6,2,0.167,0,0.0,0,0.0,ElbowTouch,26,5,21,349.0,493,7,3,6,0.5,0,0,0.0,6,0.857,1,0.143,0,0.0,0,0.0,0,0.0,PostTouch,26,5,21,349.0,493,35,17,25,0.68,1,2,0.5,38,1.086,7,0.2,1,0.029,1,0.029,1,0.029,PaintTouch
1630610,DeJon Jarreau,1610612763,MEM,11,2,9,231.0,65,13,24,0.542,6,6,1.0,33,0.508,30,0.462,7,0.108,6,0.092,3,0.046,Drives,11,2,9,231.0,10,8,39,22,31,0.71,Defense,11,2,9,231.0,6,28,0.214,16,4.0,25.0,0.16,0.286,CatchShoot,11,2,9,231.0,397,355,36,2,1,68,97,39,0.091,0.098,Passing,11,2,9,231.0,88,522,255,27.7,3.19,2.29,0.169,11,0,15,0.545,0.0,0.533,Possessions,11,2,9,231.0,4,16,0.25,8,0.0,5.0,0.0,0.25,PullUpShot,11.0,2.0,9.0,231.0,12.0,6.0,6.0,0.5,30.0,0.4,0.0,0.4,9.2,39.0,7.0,32.0,0.179,66.0,0.591,6.0,0.65,6.2,51.0,13.0,38.0,0.255,92.0,0.554,6.0,0.593,6.9,Rebounding,11,2,9,231.0,97942,18.5,9.6,9.0,4.49,4.74,4.29,SpeedDistance,11,2,9,231.0,522,11,3,4,0.75,0,0,0.0,6,0.545,6,0.545,1,0.167,0,0.0,0,0.0,ElbowTouch,11,2,9,231.0,522,0,0,0,0.0,0,0,0.0,0,0.0,0,0.0,0,0.0,0,0.0,0,0.0,PostTouch,11,2,9,231.0,522,15,4,7,0.571,0,0,0.0,8,0.533,7,0.467,0,0.0,1,0.067,0,0.0,PaintTouch
1630611,Gui Santos,1610612744,GSW,68,29,39,1395.0,298,52,92,0.565,27,36,0.75,136,0.456,145,0.487,38,0.128,28,0.094,18,0.06,Drives,68,29,39,1395.0,61,22,191,135,189,0.714,Defense,68,29,39,1395.0,75,201,0.373,224,74.0,199.0,0.372,0.557,CatchShoot,68,29,39,1395.0,1935,1769,159,13,37,303,425,210,0.082,0.109,Passing,68,29,39,1395.0,625,2617,1490,103.9,2.38,1.53,0.239,53,27,183,0.472,0.296,0.792,Possessions,68,29,39,1395.0,3,20,0.15,8,2.0,17.0,0.118,0.2,PullUpShot,61.0,24.0,37.0,1353.0,75.0,39.0,35.0,0.52,185.0,0.405,7.0,0.421,8.0,191.0,44.0,144.0,0.23,342.0,0.558,31.0,0.614,5.7,266.0,83.0,179.0,0.312,512.0,0.52,38.0,0.561,6.4,Rebounding,68,29,39,1395.0,586667,111.1,60.8,50.3,4.5,4.78,4.2,SpeedDistance,68,29,39,1395.0,2617,53,10,16,0.625,5,6,0.833,25,0.472,31,0.585,11,0.355,1,0.019,3,0.057,ElbowTouch,68,29,39,1395.0,2617,27,2,6,0.333,4,4,1.0,8,0.296,13,0.481,2,0.074,4,0.148,2,0.074,PostTouch,68,29,39,1395.0,2617,183,59,83,0.711,23,33,0.697,145,0.792,66,0.361,16,0.087,13,0.071,18,0.098,PaintTouch
1630619,Moussa Cisse,1610612742,DAL,38,11,27,530.0,7,2,4,0.5,2,2,1.0,6,0.857,0,0.0,0,0.0,1,0.143,1,0.143,Drives,38,11,27,530.0,19,45,127,92,155,0.594,Defense,38,11,27,530.0,0,0,,0,,,,,CatchShoot,38,11,27,530.0,402,239,9,1,2,26,22,12,0.022,0.03,Passing,38,11,27,530.0,170,582,316,14.8,1.52,0.47,0.292,37,4,178,0.297,0.5,0.781,Possessions,38,11,27,530.0,0,0,,0,,,,,PullUpShot,34.0,11.0,23.0,516.0,89.0,62.0,27.0,0.697,210.0,0.424,8.0,0.441,4.0,127.0,41.0,86.0,0.323,238.0,0.534,23.0,0.591,4.6,216.0,103.0,113.0,0.477,438.0,0.493,31.0,0.531,4.4,Rebounding,38,11,27,530.0,210523,39.9,20.7,19.1,4.4,4.61,4.17,SpeedDistance,38,11,27,530.0,582,37,4,7,0.571,3,6,0.5,11,0.297,22,0.595,0,0.0,2,0.054,4,0.108,ElbowTouch,38,11,27,530.0,582,4,1,2,0.5,0,0,0.0,2,0.5,1,0.25,0,0.0,0,0.0,0,0.0,PostTouch,38,11,27,530.0,582,178,57,101,0.564,21,40,0.525,139,0.781,39,0.219,2,0.011,9,0.051,19,0.107,PaintTouch
1630621,Hunter Dickinson,1610612740,NOP,5,1,4,42.0,0,0,0,0.0,0,0,0.0,0,0.0,0,0.0,0,0.0,0,0.0,0,0.0,Drives,5,1,4,42.0,1,2,3,8,9,0.889,Defense,5,1,4,42.0,1,7,0.143,2,0.0,4.0,0.0,0.143,CatchShoot,5,1,4,42.0,44,34,2,1,0,8,7,3,0.045,0.068,Passing,5,1,4,42.0,12,60,36,1.4,1.43,0.33,0.2,3,1,7,0.0,2.0,0.857,Possessions,5,1,4,42.0,0,0,,0,0.0,0.0,,,PullUpShot,2.0,0.0,2.0,25.0,2.0,1.0,1.0,0.5,4.0,0.5,1.0,0.667,7.2,3.0,2.0,1.0,0.667,6.0,0.5,2.0,0.75,5.3,5.0,3.0,2.0,0.6,10.0,0.5,3.0,0.714,6.1,Rebounding,5,1,4,42.0,16466,3.1,1.7,1.4,4.22,4.52,3.91,SpeedDistance,5,1,4,42.0,60,3,0,1,0.0,0,0,0.0,0,0.0,2,0.667,1,0.5,0,0.0,0,0.0,ElbowTouch,5,1,4,42.0,60,1,1,1,1.0,0,0,0.0,2,2.0,0,0.0,0,0.0,0,0.0,0,0.0,PostTouch,5,1,4,42.0,60,7,3,5,0.6,0,0,0.0,6,0.857,2,0.286,1,0.143,0,0.0,0,0.0,PaintTouch
1630623,Tyson Etienne,1610612751,BKN,24,5,19,380.0,77,12,22,0.545,14,16,0.875,41,0.532,43,0.558,9,0.117,3,0.039,8,0.104,Drives,24,5,19,380.0,11,0,22,19,27,0.704,Defense,24,5,19,380.0,34,94,0.362,101,33.0,89.0,0.371,0.537,CatchShoot,24,5,19,380.0,395,481,40,1,4,68,99,44,0.101,0.111,Passing,24,5,19,380.0,189,580,305,31.4,3.24,3.0,0.326,1,0,0,0.0,0.0,0.0,Possessions,24,5,19,380.0,14,27,0.519,38,10.0,19.0,0.526,0.704,PullUpShot,10.0,1.0,9.0,261.0,5.0,1.0,4.0,0.2,14.0,0.357,0.0,0.357,18.6,22.0,6.0,16.0,0.273,50.0,0.44,8.0,0.524,9.7,27.0,7.0,20.0,0.259,61.0,0.443,8.0,0.509,11.3,Rebounding,24,5,19,380.0,168464,31.9,16.7,15.2,4.72,4.96,4.48,SpeedDistance,24,5,19,380.0,580,1,0,0,0.0,0,0,0.0,0,0.0,1,1.0,0,0.0,0,0.0,0,0.0,ElbowTouch,24,5,19,380.0,580,0,0,0,0.0,0,0,0.0,0,0.0,0,0.0,0,0.0,0,0.0,0,0.0,PostTouch,24,5,19,380.0,580,0,0,0,0.0,0,0,0.0,0,0.0,0,0.0,0,0.0,0,0.0,0,0.0,PaintTouch
1630625,Dalano Banton,1610612738,BOS,6,4,2,62.0,26,3,9,0.333,4,4,1.0,10,0.385,12,0.462,2,0.077,2,0.077,2,0.077,Drives,6,4,2,62.0,2,5,3,2,5,0.4,Defense,6,4,2,62.0,0,1,0.0,0,0.0,1.0,0.0,0.0,CatchShoot,6,4,2,62.0,100,106,11,3,0,20,35,14,0.11,0.14,Passing,6,4,2,62.0,12,130,47,11.2,5.17,4.23,0.092,0,0,2,0.0,0.0,1.0,Possessions,6,4,2,62.0,1,1,1.0,2,0.0,0.0,,1.0,PullUpShot,2.0,1.0,1.0,42.0,2.0,1.0,1.0,0.5,4.0,0.5,0.0,0.5,4.3,3.0,2.0,1.0,0.667,3.0,1.0,0.0,1.0,14.7,5.0,3.0,2.0,0.6,7.0,0.714,0.0,0.714,10.5,Rebounding,6,4,2,62.0,24849,4.7,2.6,2.1,4.12,4.45,3.77,SpeedDistance,6,4,2,62.0,130,0,0,0,0.0,0,0,0.0,0,0.0,0,0.0,0,0.0,0,0.0,0,0.0,ElbowTouch,6,4,2,62.0,130,0,0,0,0.0,0,0,0.0,0,0.0,0,0.0,0,0.0,0,0.0,0,0.0,PostTouch,6,4,2,62.0,130,2,1,1,1.0,0,0,0.0,2,1.0,1,0.5,0,0.0,0,0.0,0,0.0,PaintTouch
1630631,Jose Alvarado,1610612752,NYK,69,28,41,1370.0,309,53,112,0.473,14,18,0.778,121,0.392,164,0.531,49,0.159,18,0.058,9,0.029,Drives,69,28,41,1370.0,66,8,145,56,73,0.767,Defense,69,28,41,1370.0,67,175,0.383,201,67.0,174.0,0.385,0.574,CatchShoot,69,28,41,1370.0,2273,2321,234,20,24,377,585,277,0.103,0.122,Passing,69,28,41,1370.0,510,2906,1095,219.8,4.54,4.59,0.175,16,0,23,0.875,0.0,0.609,Possessions,69,28,41,1370.0,49,155,0.316,132,34.0,112.0,0.304,0.426,PullUpShot,61.0,27.0,34.0,1257.0,26.0,5.0,21.0,0.192,64.0,0.406,5.0,0.441,16.6,145.0,21.0,124.0,0.145,255.0,0.569,24.0,0.628,10.3,171.0,26.0,145.0,0.152,313.0,0.546,29.0,0.602,11.2,Rebounding,69,28,41,1370.0,543408,102.9,54.1,48.8,4.38,4.59,4.17,SpeedDistance,69,28,41,1370.0,2906,16,7,8,0.875,0,0,0.0,14,0.875,7,0.438,1,0.143,1,0.063,0,0.0,ElbowTouch,69,28,41,1370.0,2906,0,0,0,0.0,0,0,0.0,0,0.0,0,0.0,0,0.0,0,0.0,0,0.0,PostTouch,69,28,41,1370.0,2906,23,7,8,0.875,0,0,0.0,14,0.609,12,0.522,3,0.13,1,0.043,0,0.0,PaintTouch
1630639,A.J. Lawson,1610612761,TOR,24,12,12,226.0,14,1,7,0.143,4,4,1.0,6,0.429,2,0.143,0,0.0,1,0.071,2,0.143,Drives,24,12,12,226.0,12,4,34,4,6,0.667,Defense,24,12,12,226.0,18,44,0.409,54,18.0,44.0,0.409,0.614,CatchShoot,24,12,12,226.0,185,171,7,2,1,20,20,10,0.038,0.054,Passing,24,12,12,226.0,101,280,162,8.2,1.75,0.99,0.361,6,0,16,1.0,0.0,1.063,Possessions,24,12,12,226.0,1,1,1.0,3,1.0,1.0,1.0,1.5,PullUpShot,20.0,10.0,10.0,211.0,9.0,3.0,6.0,0.333,19.0,0.474,0.0,0.474,13.8,34.0,8.0,26.0,0.235,55.0,0.618,4.0,0.667,6.8,43.0,11.0,32.0,0.256,73.0,0.589,4.0,0.623,8.2,Rebounding,24,12,12,226.0,98250,18.6,9.2,9.4,4.62,4.9,4.38,SpeedDistance,24,12,12,226.0,280,6,3,4,0.75,0,0,0.0,6,1.0,1,0.167,0,0.0,1,0.167,0,0.0,ElbowTouch,24,12,12,226.0,280,0,0,0,0.0,0,0,0.0,0,0.0,0,0.0,0,0.0,0,0.0,0,0.0,PostTouch,24,12,12,226.0,280,16,7,8,0.875,2,2,1.0,17,1.063,6,0.375,1,0.063,1,0.063,1,0.063,PaintTouch
1630643,Jay Huff,1610612754,IND,82,19,63,1719.0,169,54,80,0.675,18,22,0.818,134,0.793,61,0.361,11,0.065,13,0.077,11,0.065,Drives,82,19,63,1719.0,41,153,251,247,443,0.558,Defense,82,19,63,1719.0,115,363,0.317,343,113.0,358.0,0.316,0.472,CatchShoot,82,19,63,1719.0,1620,1695,121,6,20,173,311,147,0.075,0.091,Passing,82,19,63,1719.0,783,2386,1747,57.4,1.44,0.43,0.328,55,47,231,0.564,0.723,0.939,Possessions,82,19,63,1719.0,10,20,0.5,26,6.0,13.0,0.462,0.65,PullUpShot,76.0,17.0,59.0,1665.0,73.0,45.0,28.0,0.616,179.0,0.408,4.0,0.417,6.3,251.0,77.0,174.0,0.307,566.0,0.443,79.0,0.515,5.4,324.0,122.0,202.0,0.377,721.0,0.449,83.0,0.508,5.6,Rebounding,82,19,63,1719.0,664486,125.8,65.9,60.0,4.26,4.54,4.0,SpeedDistance,82,19,63,1719.0,2386,55,9,19,0.474,12,12,1.0,31,0.564,27,0.491,5,0.185,2,0.036,6,0.109,ElbowTouch,82,19,63,1719.0,2386,47,14,22,0.636,5,6,0.833,34,0.723,10,0.213,0,0.0,5,0.106,3,0.064,PostTouch,82,19,63,1719.0,2386,231,95,125,0.76,22,26,0.846,217,0.939,60,0.26,8,0.035,18,0.078,12,0.052,PaintTouch
1630644,Mac McClung,1610612741,CHI,11,2,9,135.0,34,5,11,0.455,4,6,0.667,15,0.441,14,0.412,2,0.059,6,0.176,3,0.088,Drives,11,2,9,135.0,11,3,8,9,13,0.692,Defense,11,2,9,135.0,4,24,0.167,12,4.0,24.0,0.167,0.25,CatchShoot,11,2,9,135.0,151,171,10,0,2,22,23,12,0.066,0.079,Passing,11,2,9,135.0,67,230,134,11.2,2.93,2.49,0.291,5,0,9,1.4,0.0,0.778,Possessions,11,2,9,135.0,3,8,0.375,9,3.0,6.0,0.5,0.563,PullUpShot,6.0,1.0,5.0,82.0,2.0,1.0,1.0,0.5,6.0,0.333,0.0,0.333,3.9,8.0,1.0,7.0,0.125,19.0,0.421,3.0,0.5,8.6,10.0,2.0,8.0,0.2,25.0,0.4,3.0,0.455,7.6,Rebounding,11,2,9,135.0,55987,10.6,5.5,5.1,4.49,4.85,4.16,SpeedDistance,11,2,9,135.0,230,5,2,4,0.5,0,0,0.0,7,1.4,1,0.2,0,0.0,0,0.0,0,0.0,ElbowTouch,11,2,9,135.0,230,0,0,0,0.0,0,0,0.0,0,0.0,0,0.0,0,0.0,0,0.0,0,0.0,PostTouch,11,2,9,135.0,230,9,2,3,0.667,0,0,0.0,7,0.778,5,0.556,0,0.0,0,0.0,0,0.0,PaintTouch
1630649,Stanley Umude,1610612759,SAS,2,2,0,7.0,1,1,1,1.0,0,0,0.0,2,2.0,0,0.0,0,0.0,0,0.0,0,0.0,Drives,2,2,0,7.0,1,0,0,2,2,1.0,Defense,2,2,0,7.0,0,1,0.0,0,0.0,1.0,0.0,0.0,CatchShoot,2,2,0,7.0,6,6,1,0,0,0,2,1,0.167,0.167,Passing,2,2,0,7.0,2,8,6,0.2,1.73,1.0,0.25,0,0,1,0.0,0.0,0.0,Possessions,2,2,0,7.0,1,1,1.0,2,0.0,0.0,,1.0,PullUpShot,,,,,,,,,,,,,,,,,,,,,,,,,,,,,,,,,2,2,0,7.0,2543,0.5,0.3,0.2,3.99,4.07,3.89,SpeedDistance,2,2,0,7.0,8,0,0,0,0.0,0,0,0.0,0,0.0,0,0.0,0,0.0,0,0.0,0,0.0,ElbowTouch,2,2,0,7.0,8,0,0,0,0.0,0,0,0.0,0,0.0,0,0.0,0,0.0,0,0.0,0,0.0,PostTouch,2,2,0,7.0,8,1,0,0,0.0,0,0,0.0,0,0.0,1,1.0,0,0.0,0,0.0,0,0.0,PaintTouch
1630658,Colin Castleton,1610612753,ORL,4,3,1,21.0,0,0,0,0.0,0,0,0.0,0,0.0,0,0.0,0,0.0,0,0.0,0,0.0,Drives,4,3,1,21.0,1,0,6,1,3,0.333,Defense,4,3,1,21.0,0,0,,0,,,,,CatchShoot,4,3,1,21.0,23,15,1,0,0,2,2,1,0.043,0.043,Passing,4,3,1,21.0,5,30,17,0.8,1.59,0.63,0.167,1,0,6,0.0,0.0,0.833,Possessions,4,3,1,21.0,0,0,,0,,,,,PullUpShot,4.0,3.0,1.0,21.0,2.0,2.0,0.0,1.0,7.0,0.286,0.0,0.286,4.5,6.0,1.0,5.0,0.167,9.0,0.667,0.0,0.667,4.3,8.0,3.0,5.0,0.375,14.0,0.571,0.0,0.571,4.3,Rebounding,4,3,1,21.0,8006,1.5,0.8,0.7,3.81,4.14,3.5,SpeedDistance,4,3,1,21.0,30,1,0,1,0.0,0,0,0.0,0,0.0,0,0.0,0,0.0,0,0.0,0,0.0,ElbowTouch,4,3,1,21.0,30,0,0,0,0.0,0,0,0.0,0,0.0,0,0.0,0,0.0,0,0.0,0,0.0,PostTouch,4,3,1,21.0,30,6,2,3,0.667,0,0,0.0,5,0.833,3,0.5,1,0.167,0,0.0,0,0.0,PaintTouch
1630679,Ethan Thompson,1610612754,IND,32,8,24,653.0,99,17,37,0.459,5,8,0.625,40,0.404,46,0.465,13,0.131,6,0.061,4,0.04,Drives,32,8,24,653.0,20,9,52,40,52,0.769,Defense,32,8,24,653.0,31,101,0.307,92,30.0,98.0,0.306,0.455,CatchShoot,32,8,24,653.0,706,685,57,6,11,95,148,74,0.081,0.105,Passing,32,8,24,653.0,223,976,547,36.4,2.24,1.57,0.228,10,0,30,0.8,0.0,0.7,Possessions,32,8,24,653.0,13,38,0.342,34,8.0,18.0,0.444,0.447,PullUpShot,23.0,7.0,16.0,582.0,17.0,8.0,9.0,0.471,36.0,0.472,3.0,0.515,8.6,52.0,12.0,40.0,0.231,96.0,0.542,11.0,0.612,7.7,69.0,20.0,49.0,0.29,130.0,0.531,14.0,0.595,7.9,Rebounding,32,8,24,653.0,285544,54.1,29.3,24.7,4.75,5.31,4.2,SpeedDistance,32,8,24,653.0,976,10,3,5,0.6,2,4,0.5,8,0.8,2,0.2,0,0.0,1,0.1,1,0.1,ElbowTouch,32,8,24,653.0,976,0,0,0,0.0,0,0,0.0,0,0.0,0,0.0,0,0.0,0,0.0,0,0.0,PostTouch,32,8,24,653.0,976,30,10,16,0.625,0,0,0.0,21,0.7,10,0.333,1,0.033,3,0.1,0,0.0,PaintTouch
1630692,Jordan Goodwin,1610612756,PHX,70,39,31,1572.0,212,43,100,0.43,4,4,1.0,90,0.425,85,0.401,24,0.113,23,0.108,2,0.009,Drives,70,39,31,1572.0,106,14,203,85,122,0.697,Defense,70,39,31,1572.0,97,251,0.386,287,93.0,245.0,0.38,0.572,CatchShoot,70,39,31,1572.0,2024,1613,151,21,22,269,390,193,0.075,0.095,Passing,70,39,31,1572.0,609,2736,1323,120.6,2.65,1.99,0.223,24,0,136,0.25,0.0,0.676,Possessions,70,39,31,1572.0,32,105,0.305,83,19.0,57.0,0.333,0.395,PullUpShot,70.0,39.0,31.0,1572.0,138.0,73.0,65.0,0.529,321.0,0.43,11.0,0.445,8.4,203.0,45.0,158.0,0.222,369.0,0.55,38.0,0.613,6.3,341.0,118.0,223.0,0.346,661.0,0.516,49.0,0.557,7.2,Rebounding,70,39,31,1572.0,652295,123.5,63.7,59.9,4.51,4.63,4.39,SpeedDistance,70,39,31,1572.0,2736,24,2,8,0.25,2,2,1.0,6,0.25,14,0.583,5,0.357,1,0.042,0,0.0,ElbowTouch,70,39,31,1572.0,2736,0,0,0,0.0,0,0,0.0,0,0.0,0,0.0,0,0.0,0,0.0,0,0.0,PostTouch,70,39,31,1572.0,2736,136,40,83,0.482,9,14,0.643,92,0.676,34,0.25,9,0.066,7,0.051,6,0.044,PaintTouch
1630695,Micah Potter,1610612754,IND,47,11,36,908.0,41,10,19,0.526,2,2,1.0,22,0.537,14,0.341,3,0.073,6,0.146,1,0.024,Drives,47,11,36,908.0,22,15,175,157,230,0.683,Defense,47,11,36,908.0,73,174,0.42,216,70.0,166.0,0.422,0.621,CatchShoot,47,11,36,908.0,1046,855,69,5,7,92,177,81,0.066,0.077,Passing,47,11,36,908.0,458,1450,882,34.3,1.42,0.37,0.316,55,39,164,0.891,0.795,0.976,Possessions,47,11,36,908.0,1,2,0.5,2,0.0,1.0,0.0,0.5,PullUpShot,45.0,10.0,35.0,899.0,58.0,33.0,25.0,0.569,142.0,0.408,4.0,0.42,6.5,175.0,59.0,116.0,0.337,316.0,0.554,39.0,0.632,4.6,233.0,92.0,141.0,0.395,441.0,0.528,43.0,0.585,5.0,Rebounding,47,11,36,908.0,382202,72.4,37.5,34.9,4.44,4.71,4.18,SpeedDistance,47,11,36,908.0,1450,55,14,21,0.667,21,24,0.875,49,0.891,17,0.309,6,0.353,5,0.091,12,0.218,ElbowTouch,47,11,36,908.0,1450,39,11,18,0.611,7,8,0.875,31,0.795,11,0.282,4,0.103,2,0.051,4,0.103,PostTouch,47,11,36,908.0,1450,164,55,78,0.705,48,56,0.857,160,0.976,43,0.262,12,0.073,7,0.043,28,0.171,PaintTouch
1630696,Dru Smith,1610612748,MIA,70,38,32,1141.0,246,53,109,0.486,38,46,0.826,150,0.61,87,0.354,19,0.077,17,0.069,23,0.093,Drives,70,38,32,1141.0,100,21,111,67,93,0.72,Defense,70,38,32,1141.0,34,111,0.306,101,33.0,109.0,0.303,0.455,CatchShoot,70,38,32,1141.0,1835,1727,180,14,26,304,458,219,0.098,0.119,Passing,70,38,32,1141.0,395,2328,1084,121.7,3.14,2.78,0.17,31,2,74,0.613,0.0,0.568,Possessions,70,38,32,1141.0,15,39,0.385,35,5.0,20.0,0.25,0.449,PullUpShot,57.0,30.0,27.0,995.0,62.0,30.0,32.0,0.484,132.0,0.47,11.0,0.512,10.7,111.0,24.0,86.0,0.216,205.0,0.541,20.0,0.6,9.8,173.0,54.0,118.0,0.312,333.0,0.52,31.0,0.573,10.1,Rebounding,70,38,32,1141.0,479546,90.8,47.4,43.5,4.64,5.11,4.23,SpeedDistance,70,38,32,1141.0,2328,31,9,14,0.643,0,0,0.0,19,0.613,16,0.516,2,0.125,0,0.0,0,0.0,ElbowTouch,70,38,32,1141.0,2328,2,0,1,0.0,0,0,0.0,0,0.0,1,0.5,0,0.0,0,0.0,0,0.0,PostTouch,70,38,32,1141.0,2328,74,16,31,0.516,9,10,0.9,42,0.568,29,0.392,3,0.041,2,0.027,4,0.054,PaintTouch
1630699,MarJon Beauchamp,1610612755,PHI,14,7,7,196.0,20,8,11,0.727,4,6,0.667,20,1.0,5,0.25,1,0.05,1,0.05,3,0.15,Drives,14,7,7,196.0,9,4,25,13,20,0.65,Defense,14,7,7,196.0,11,34,0.324,33,11.0,34.0,0.324,0.485,CatchShoot,14,7,7,196.0,169,186,15,2,4,27,40,21,0.089,0.124,Passing,14,7,7,196.0,95,272,154,10.3,2.26,1.78,0.349,8,0,8,0.75,0.0,0.875,Possessions,14,7,7,196.0,7,19,0.368,19,5.0,13.0,0.385,0.5,PullUpShot,10.0,5.0,5.0,178.0,7.0,4.0,3.0,0.571,11.0,0.636,0.0,0.636,12.0,25.0,7.0,18.0,0.28,55.0,0.455,8.0,0.532,6.1,32.0,11.0,21.0,0.344,65.0,0.492,8.0,0.561,7.4,Rebounding,14,7,7,196.0,82889,15.7,8.0,7.7,4.49,4.82,4.2,SpeedDistance,14,7,7,196.0,272,8,3,4,0.75,0,0,0.0,6,0.75,4,0.5,3,0.75,0,0.0,0,0.0,ElbowTouch,14,7,7,196.0,272,0,0,0,0.0,0,0,0.0,0,0.0,0,0.0,0,0.0,0,0.0,0,0.0,PostTouch,14,7,7,196.0,272,8,3,5,0.6,1,1,1.0,7,0.875,3,0.375,1,0.125,0,0.0,1,0.125,PaintTouch
1630700,Dyson Daniels,1610612737,ATL,76,44,32,2520.0,758,128,271,0.472,17,27,0.63,279,0.368,415,0.547,104,0.137,41,0.054,15,0.02,Drives,76,44,32,2520.0,149,31,336,176,254,0.693,Defense,76,44,32,2520.0,28,117,0.239,77,21.0,105.0,0.2,0.329,CatchShoot,76,44,32,2520.0,3820,3542,449,39,56,731,1174,542,0.118,0.142,Passing,76,44,32,2520.0,901,4909,2133,268.6,3.28,2.76,0.184,150,2,386,0.653,0.0,0.702,Possessions,76,44,32,2520.0,24,51,0.471,49,1.0,10.0,0.1,0.48,PullUpShot,76.0,44.0,32.0,2520.0,184.0,99.0,85.0,0.538,391.0,0.471,17.0,0.492,6.8,336.0,74.0,261.0,0.22,539.0,0.623,45.0,0.68,6.8,520.0,173.0,346.0,0.333,904.0,0.575,62.0,0.618,6.8,Rebounding,76,44,32,2520.0,1021863,193.5,100.4,93.1,4.49,4.9,4.12,SpeedDistance,76,44,32,2520.0,4909,150,48,69,0.696,1,2,0.5,98,0.653,65,0.433,14,0.215,9,0.06,1,0.007,ElbowTouch,76,44,32,2520.0,4909,2,0,0,0.0,0,0,0.0,0,0.0,2,1.0,1,0.5,0,0.0,0,0.0,PostTouch,76,44,32,2520.0,4909,386,129,200,0.645,10,16,0.625,271,0.702,141,0.365,35,0.091,20,0.052,8,0.021,PaintTouch
1630702,Jaden Hardy,1610612764,WAS,57,13,44,898.0,210,47,106,0.443,29,42,0.69,125,0.595,61,0.29,15,0.071,20,0.095,22,0.105,Drives,57,13,44,898.0,16,6,71,55,84,0.655,Defense,57,13,44,898.0,78,194,0.402,234,78.0,194.0,0.402,0.603,CatchShoot,57,13,44,898.0,748,1022,58,2,9,92,138,69,0.078,0.092,Passing,57,13,44,898.0,523,1313,618,72.5,3.31,2.92,0.398,4,0,6,1.0,0.0,1.333,Possessions,57,13,44,898.0,51,129,0.395,127,25.0,66.0,0.379,0.492,PullUpShot,46.0,10.0,36.0,766.0,15.0,5.0,10.0,0.333,32.0,0.469,3.0,0.517,14.1,71.0,11.0,60.0,0.155,132.0,0.538,14.0,0.602,9.3,86.0,16.0,70.0,0.186,162.0,0.531,17.0,0.593,10.1,Rebounding,57,13,44,898.0,358361,67.9,36.3,31.6,4.34,4.67,4.0,SpeedDistance,57,13,44,898.0,1313,4,2,3,0.667,0,0,0.0,4,1.0,0,0.0,0,0.0,1,0.25,0,0.0,ElbowTouch,57,13,44,898.0,1313,0,0,0,0.0,0,0,0.0,0,0.0,0,0.0,0,0.0,0,0.0,0,0.0,PostTouch,57,13,44,898.0,1313,6,4,4,1.0,0,0,0.0,8,1.333,2,0.333,0,0.0,0,0.0,0,0.0,PaintTouch
1630703,Scoot Henderson,1610612757,POR,30,18,12,748.0,331,51,117,0.436,41,48,0.854,144,0.435,141,0.426,24,0.073,28,0.085,24,0.073,Drives,30,18,12,748.0,27,9,62,51,73,0.699,Defense,30,18,12,748.0,36,97,0.371,107,35.0,94.0,0.372,0.552,CatchShoot,30,18,12,748.0,1120,1356,112,17,22,237,308,151,0.1,0.135,Passing,30,18,12,748.0,427,1641,720,117.9,4.31,3.74,0.26,9,1,21,0.444,2.0,0.571,Possessions,30,18,12,748.0,43,113,0.381,107,21.0,65.0,0.323,0.473,PullUpShot,30.0,18.0,12.0,748.0,18.0,11.0,7.0,0.611,57.0,0.316,4.0,0.34,8.8,62.0,13.0,49.0,0.21,124.0,0.5,14.0,0.564,8.9,80.0,24.0,56.0,0.3,179.0,0.447,18.0,0.497,8.9,Rebounding,30,18,12,748.0,316077,59.9,31.1,28.8,4.48,4.67,4.29,SpeedDistance,30,18,12,748.0,1641,9,2,5,0.4,0,0,0.0,4,0.444,4,0.444,1,0.25,0,0.0,0,0.0,ElbowTouch,30,18,12,748.0,1641,1,1,1,1.0,0,0,0.0,2,2.0,0,0.0,0,0.0,0,0.0,0,0.0,PostTouch,30,18,12,748.0,1641,21,6,9,0.667,1,2,0.5,12,0.571,9,0.429,1,0.048,1,0.048,1,0.048,PaintTouch
1630811,Keaton Wallace,1610612737,ATL,53,31,22,536.0,128,23,51,0.451,6,10,0.6,54,0.422,67,0.523,14,0.109,3,0.023,5,0.039,Drives,53,31,22,536.0,24,5,53,26,32,0.813,Defense,53,31,22,536.0,28,68,0.412,84,28.0,68.0,0.412,0.618,CatchShoot,53,31,22,536.0,994,1085,94,7,17,201,242,116,0.095,0.117,Passing,53,31,22,536.0,186,1247,478,89.1,4.29,4.0,0.149,3,0,4,0.667,0.0,0.0,Possessions,53,31,22,536.0,29,78,0.372,68,10.0,33.0,0.303,0.436,PullUpShot,32.0,16.0,16.0,420.0,3.0,0.0,3.0,0.0,14.0,0.214,1.0,0.231,20.2,53.0,10.0,43.0,0.189,84.0,0.631,5.0,0.671,8.0,56.0,10.0,46.0,0.179,96.0,0.583,6.0,0.622,8.7,Rebounding,53,31,22,536.0,215636,40.8,22.1,18.7,4.59,5.01,4.17,SpeedDistance,53,31,22,536.0,1247,3,1,1,1.0,0,0,0.0,2,0.667,2,0.667,0,0.0,0,0.0,0,0.0,ElbowTouch,53,31,22,536.0,1247,0,0,0,0.0,0,0,0.0,0,0.0,0,0.0,0,0.0,0,0.0,0,0.0,PostTouch,53,31,22,536.0,1247,4,0,0,0.0,0,0,0.0,0,0.0,3,0.75,0,0.0,0,0.0,0,0.0,PaintTouch
1630828,Alex Antetokounmpo,1610612749,MIL,6,2,4,21.0,1,0,0,0.0,0,0,0.0,0,0.0,0,0.0,0,0.0,1,1.0,0,0.0,Drives,6,2,4,21.0,0,1,4,0,2,0.0,Defense,6,2,4,21.0,2,7,0.286,6,2.0,7.0,0.286,0.429,CatchShoot,6,2,4,21.0,14,21,1,0,0,1,2,1,0.071,0.071,Passing,6,2,4,21.0,19,29,23,0.7,1.44,0.55,0.655,0,0,3,0.0,0.0,1.333,Possessions,6,2,4,21.0,1,1,1.0,2,0.0,0.0,,1.0,PullUpShot,3.0,0.0,3.0,13.0,2.0,2.0,0.0,1.0,3.0,0.667,0.0,0.667,3.3,4.0,0.0,4.0,0.0,5.0,0.8,0.0,0.8,5.6,6.0,2.0,4.0,0.333,8.0,0.75,0.0,0.75,4.8,Rebounding,6,2,4,21.0,7737,1.5,0.8,0.7,3.98,4.31,3.66,SpeedDistance,6,2,4,21.0,29,0,0,0,0.0,0,0,0.0,0,0.0,0,0.0,0,0.0,0,0.0,0,0.0,ElbowTouch,6,2,4,21.0,29,0,0,0,0.0,0,0,0.0,0,0.0,0,0.0,0,0.0,0,0.0,0,0.0,PostTouch,6,2,4,21.0,29,3,0,0,0.0,4,6,0.667,4,1.333,0,0.0,0,0.0,0,0.0,2,0.667,PaintTouch
1630846,Olivier Sarr,1610612739,CLE,4,3,1,39.0,0,0,0,0.0,0,0,0.0,0,0.0,0,0.0,0,0.0,0,0.0,0,0.0,Drives,4,3,1,39.0,2,3,9,4,7,0.571,Defense,4,3,1,39.0,2,3,0.667,6,2.0,3.0,0.667,1.0,CatchShoot,4,3,1,39.0,43,31,5,0,0,4,12,5,0.116,0.116,Passing,4,3,1,39.0,14,54,31,1.5,1.63,0.47,0.259,3,0,5,1.333,0.0,0.8,Possessions,4,3,1,39.0,0,0,,0,0.0,0.0,,,PullUpShot,2.0,1.0,1.0,34.0,2.0,1.0,1.0,0.5,5.0,0.4,0.0,0.4,2.4,9.0,4.0,5.0,0.444,15.0,0.6,2.0,0.692,4.7,11.0,5.0,6.0,0.455,18.0,0.611,2.0,0.688,4.3,Rebounding,4,3,1,39.0,16779,3.2,1.7,1.5,4.4,4.57,4.22,SpeedDistance,4,3,1,39.0,54,3,2,2,1.0,0,0,0.0,4,1.333,1,0.333,0,0.0,0,0.0,0,0.0,ElbowTouch,4,3,1,39.0,54,0,0,0,0.0,0,0,0.0,0,0.0,0,0.0,0,0.0,0,0.0,0,0.0,PostTouch,4,3,1,39.0,54,5,2,3,0.667,0,0,0.0,4,0.8,2,0.4,1,0.2,0,0.0,0,0.0,PaintTouch
1631093,Jaden Ivey,1610612741,CHI,37,23,14,670.0,112,16,33,0.485,14,18,0.778,48,0.429,55,0.491,18,0.161,10,0.089,9,0.08,Drives,37,23,14,670.0,23,14,67,33,48,0.688,Defense,37,23,14,670.0,40,105,0.381,119,39.0,102.0,0.382,0.567,CatchShoot,37,23,14,670.0,767,827,68,5,8,123,172,81,0.089,0.106,Passing,37,23,14,670.0,316,1119,634,61.2,3.28,2.73,0.282,11,0,34,0.818,0.0,1.029,Possessions,37,23,14,670.0,29,67,0.433,68,10.0,30.0,0.333,0.507,PullUpShot,32.0,21.0,11.0,599.0,24.0,8.0,16.0,0.333,61.0,0.393,3.0,0.414,12.9,67.0,15.0,52.0,0.224,113.0,0.593,9.0,0.644,9.9,91.0,23.0,68.0,0.253,173.0,0.526,12.0,0.565,10.7,Rebounding,37,23,14,670.0,267547,50.7,27.1,23.5,4.32,4.67,3.96,SpeedDistance,37,23,14,670.0,1119,11,4,5,0.8,0,0,0.0,9,0.818,5,0.455,0,0.0,0,0.0,0,0.0,ElbowTouch,37,23,14,670.0,1119,0,0,0,0.0,0,0,0.0,0,0.0,0,0.0,0,0.0,0,0.0,0,0.0,PostTouch,37,23,14,670.0,1119,34,14,22,0.636,7,8,0.875,35,1.029,5,0.147,2,0.059,2,0.059,4,0.118,PaintTouch
1631094,Paolo Banchero,1610612753,ORL,72,38,34,2502.0,985,201,438,0.459,214,276,0.775,641,0.651,309,0.314,65,0.066,66,0.067,140,0.142,Drives,72,38,34,2502.0,51,40,519,214,318,0.673,Defense,72,38,34,2502.0,56,137,0.409,161,49.0,125.0,0.392,0.588,CatchShoot,72,38,34,2502.0,3629,3774,373,22,47,656,938,436,0.103,0.12,Passing,72,38,34,2502.0,1599,5498,2805,332.4,3.63,2.67,0.291,130,158,203,0.638,0.532,1.03,Possessions,72,38,34,2502.0,114,381,0.299,259,31.0,139.0,0.223,0.34,PullUpShot,72.0,38.0,34.0,2502.0,85.0,43.0,41.0,0.506,250.0,0.34,8.0,0.351,8.4,519.0,105.0,412.0,0.202,772.0,0.672,64.0,0.733,5.0,604.0,148.0,453.0,0.245,962.0,0.628,72.0,0.679,5.5,Rebounding,72,38,34,2502.0,954658,180.8,99.0,81.9,4.13,4.5,3.77,SpeedDistance,72,38,34,2502.0,5498,130,33,54,0.611,15,21,0.714,83,0.638,54,0.415,12,0.222,9,0.069,10,0.077,ElbowTouch,72,38,34,2502.0,5498,158,28,54,0.519,25,30,0.833,84,0.532,71,0.449,22,0.139,11,0.07,16,0.101,PostTouch,72,38,34,2502.0,5498,203,85,117,0.726,34,43,0.791,209,1.03,42,0.207,8,0.039,15,0.074,22,0.108,PaintTouch
1631095,Jabari Smith Jr.,1610612745,HOU,77,48,29,2705.0,256,64,137,0.467,34,42,0.81,169,0.66,74,0.289,11,0.043,18,0.07,22,0.086,Drives,77,48,29,2705.0,56,71,421,190,322,0.59,Defense,77,48,29,2705.0,164,445,0.369,483,155.0,422.0,0.367,0.543,CatchShoot,77,48,29,2705.0,2743,2290,143,9,24,248,368,176,0.052,0.064,Passing,77,48,29,2705.0,1215,3999,2022,140.8,2.11,1.21,0.304,93,40,186,0.656,0.6,0.914,Possessions,77,48,29,2705.0,122,274,0.445,266,22.0,62.0,0.355,0.485,PullUpShot,76.0,48.0,28.0,2663.0,103.0,58.0,45.0,0.563,264.0,0.39,7.0,0.401,8.8,415.0,123.0,292.0,0.296,655.0,0.634,45.0,0.68,5.6,518.0,181.0,337.0,0.349,874.0,0.593,52.0,0.63,6.2,Rebounding,77,48,29,2705.0,1000632,189.5,101.5,88.0,4.04,4.12,3.96,SpeedDistance,77,48,29,2705.0,3999,93,25,48,0.521,9,12,0.75,61,0.656,29,0.312,5,0.172,7,0.075,6,0.065,ElbowTouch,77,48,29,2705.0,3999,40,11,21,0.524,2,2,1.0,24,0.6,12,0.3,2,0.05,4,0.1,1,0.025,PostTouch,77,48,29,2705.0,3999,186,70,113,0.619,29,34,0.853,170,0.914,40,0.215,11,0.059,8,0.043,16,0.086,PaintTouch
1631096,Chet Holmgren,1610612760,OKC,69,56,13,1997.0,331,74,146,0.507,63,80,0.788,216,0.653,112,0.338,27,0.082,23,0.069,40,0.121,Drives,69,56,13,1997.0,43,131,485,184,386,0.477,Defense,69,56,13,1997.0,86,224,0.384,246,74.0,199.0,0.372,0.549,CatchShoot,69,56,13,1997.0,2034,1601,115,7,10,177,285,132,0.057,0.065,Passing,69,56,13,1997.0,1181,3116,1670,113.5,2.19,1.09,0.379,119,69,375,0.655,0.797,1.139,Possessions,69,56,13,1997.0,64,145,0.441,137,9.0,32.0,0.281,0.472,PullUpShot,69.0,56.0,13.0,1997.0,130.0,88.0,43.0,0.677,322.0,0.404,11.0,0.418,5.8,485.0,161.0,320.0,0.332,797.0,0.609,90.0,0.686,4.7,615.0,249.0,363.0,0.405,1085.0,0.567,101.0,0.625,4.9,Rebounding,69,56,13,1997.0,771266,146.1,77.8,68.3,4.27,4.64,3.92,SpeedDistance,69,56,13,1997.0,3116,119,33,57,0.579,10,14,0.714,78,0.655,39,0.328,10,0.256,12,0.101,6,0.05,ElbowTouch,69,56,13,1997.0,3116,69,21,34,0.618,13,16,0.813,55,0.797,18,0.261,3,0.043,3,0.043,8,0.116,PostTouch,69,56,13,1997.0,3116,375,186,247,0.753,48,60,0.8,427,1.139,53,0.141,8,0.021,21,0.056,28,0.075,PaintTouch
1631097,Bennedict Mathurin,1610612746,LAC,54,22,32,1620.0,392,77,173,0.445,85,94,0.904,250,0.638,124,0.316,21,0.054,35,0.089,49,0.125,Drives,54,22,32,1620.0,43,13,238,92,128,0.719,Defense,54,22,32,1620.0,49,126,0.389,136,38.0,107.0,0.355,0.54,CatchShoot,54,22,32,1620.0,1718,2041,129,9,30,230,331,168,0.075,0.098,Passing,54,22,32,1620.0,949,2769,1546,143.8,3.12,2.41,0.343,72,13,129,0.764,0.538,1.101,Possessions,54,22,32,1620.0,95,266,0.357,226,36.0,124.0,0.29,0.425,PullUpShot,52.0,22.0,30.0,1592.0,55.0,28.0,27.0,0.509,151.0,0.364,6.0,0.379,8.4,238.0,42.0,196.0,0.176,354.0,0.672,29.0,0.732,7.2,293.0,70.0,223.0,0.239,480.0,0.61,35.0,0.658,7.4,Rebounding,54,22,32,1620.0,634746,120.2,63.4,56.8,4.28,4.55,4.01,SpeedDistance,54,22,32,1620.0,2769,72,19,34,0.559,16,19,0.842,55,0.764,24,0.333,2,0.083,3,0.042,9,0.125,ElbowTouch,54,22,32,1620.0,2769,13,1,2,0.5,5,6,0.833,7,0.538,5,0.385,0,0.0,3,0.231,3,0.231,PostTouch,54,22,32,1620.0,2769,129,51,72,0.708,37,43,0.86,142,1.101,26,0.202,4,0.031,4,0.031,20,0.155,PaintTouch
1631099,Keegan Murray,1610612758,SAC,23,5,18,793.0,129,37,74,0.5,6,12,0.5,82,0.636,38,0.295,4,0.031,6,0.047,7,0.054,Drives,23,5,18,793.0,24,36,99,82,131,0.626,Defense,23,5,18,793.0,37,108,0.343,102,28.0,91.0,0.308,0.472,CatchShoot,23,5,18,793.0,680,616,38,10,2,81,104,50,0.056,0.074,Passing,23,5,18,793.0,321,1055,594,41.2,2.34,1.58,0.304,23,6,43,0.609,0.667,0.674,Possessions,23,5,18,793.0,37,105,0.352,77,3.0,21.0,0.143,0.367,PullUpShot,23.0,5.0,18.0,793.0,33.0,20.0,13.0,0.606,68.0,0.485,1.0,0.493,10.0,99.0,24.0,75.0,0.242,181.0,0.547,22.0,0.623,6.5,132.0,44.0,88.0,0.333,244.0,0.541,23.0,0.597,7.4,Rebounding,23,5,18,793.0,308344,58.4,30.6,27.8,4.37,4.59,4.15,SpeedDistance,23,5,18,793.0,1055,23,6,16,0.375,2,2,1.0,14,0.609,5,0.217,1,0.2,1,0.043,1,0.043,ElbowTouch,23,5,18,793.0,1055,6,2,5,0.4,0,0,0.0,4,0.667,0,0.0,0,0.0,0,0.0,0,0.0,PostTouch,23,5,18,793.0,1055,43,12,20,0.6,4,4,1.0,29,0.674,18,0.419,1,0.023,2,0.047,2,0.047,PaintTouch
1631101,Shaedon Sharpe,1610612757,POR,50,24,26,1471.0,555,137,294,0.466,73,88,0.83,360,0.649,152,0.274,29,0.052,40,0.072,45,0.081,Drives,50,24,26,1471.0,70,6,166,86,115,0.748,Defense,50,24,26,1471.0,29,86,0.337,85,27.0,83.0,0.325,0.494,CatchShoot,50,24,26,1471.0,1547,2083,132,15,25,278,371,172,0.085,0.111,Passing,50,24,26,1471.0,1042,2738,1344,176.1,3.86,3.42,0.381,60,2,96,0.867,0.0,1.188,Possessions,50,24,26,1471.0,141,410,0.344,357,75.0,220.0,0.341,0.435,PullUpShot,49.0,23.0,26.0,1437.0,51.0,15.0,36.0,0.294,118.0,0.432,5.0,0.451,12.9,166.0,36.0,130.0,0.217,276.0,0.601,16.0,0.638,6.9,217.0,51.0,166.0,0.235,392.0,0.554,21.0,0.585,8.3,Rebounding,50,24,26,1471.0,570040,108.0,58.3,49.6,4.29,4.73,3.86,SpeedDistance,50,24,26,1471.0,2738,60,21,36,0.583,7,12,0.583,52,0.867,15,0.25,5,0.333,2,0.033,6,0.1,ElbowTouch,50,24,26,1471.0,2738,2,0,0,0.0,0,0,0.0,0,0.0,1,0.5,0,0.0,0,0.0,0,0.0,PostTouch,50,24,26,1471.0,2738,96,52,70,0.743,8,12,0.667,114,1.188,18,0.188,5,0.052,2,0.021,6,0.063,PaintTouch
1631102,TyTy Washington Jr.,1610612746,LAC,16,8,8,88.0,20,4,7,0.571,0,0,0.0,8,0.4,13,0.65,4,0.2,0,0.0,0,0.0,Drives,16,8,8,88.0,6,3,5,10,11,0.909,Defense,16,8,8,88.0,2,4,0.5,6,2.0,4.0,0.5,0.75,CatchShoot,16,8,8,88.0,129,130,17,5,2,28,46,24,0.132,0.186,Passing,16,8,8,88.0,21,157,64,12.7,4.86,4.73,0.134,1,0,2,0.0,0.0,0.0,Possessions,16,8,8,88.0,3,8,0.375,7,1.0,4.0,0.25,0.438,PullUpShot,6.0,4.0,2.0,41.0,1.0,1.0,0.0,1.0,1.0,1.0,0.0,1.0,8.5,5.0,1.0,4.0,0.2,10.0,0.5,0.0,0.5,7.0,6.0,2.0,4.0,0.333,11.0,0.545,0.0,0.545,7.2,Rebounding,16,8,8,88.0,34247,6.5,3.4,3.1,4.08,4.4,3.79,SpeedDistance,16,8,8,88.0,157,1,0,0,0.0,0,0,0.0,0,0.0,1,1.0,0,0.0,0,0.0,0,0.0,ElbowTouch,16,8,8,88.0,157,0,0,0,0.0,0,0,0.0,0,0.0,0,0.0,0,0.0,0,0.0,0,0.0,PostTouch,16,8,8,88.0,157,2,0,1,0.0,0,0,0.0,0,0.0,1,0.5,0,0.0,0,0.0,0,0.0,PaintTouch
1631103,Malaki Branham,1610612764,WAS,28,7,21,275.0,74,14,34,0.412,19,24,0.792,47,0.635,19,0.257,4,0.054,7,0.095,12,0.162,Drives,28,7,21,275.0,10,3,32,19,26,0.731,Defense,28,7,21,275.0,12,25,0.48,36,12.0,25.0,0.48,0.72,CatchShoot,28,7,21,275.0,311,285,23,4,3,54,61,30,0.074,0.096,Passing,28,7,21,275.0,128,446,205,21.0,2.82,2.23,0.287,3,0,12,1.333,0.0,1.167,Possessions,28,7,21,275.0,4,15,0.267,10,2.0,12.0,0.167,0.333,PullUpShot,20.0,2.0,18.0,243.0,12.0,4.0,8.0,0.333,26.0,0.462,0.0,0.462,9.9,32.0,8.0,24.0,0.25,56.0,0.571,6.0,0.64,6.2,44.0,12.0,32.0,0.273,78.0,0.564,6.0,0.611,7.2,Rebounding,28,7,21,275.0,113870,21.6,11.6,10.0,4.5,4.92,4.09,SpeedDistance,28,7,21,275.0,446,3,1,1,1.0,2,2,1.0,4,1.333,1,0.333,1,1.0,0,0.0,1,0.333,ElbowTouch,28,7,21,275.0,446,0,0,0,0.0,0,0,0.0,0,0.0,0,0.0,0,0.0,0,0.0,0,0.0,PostTouch,28,7,21,275.0,446,12,4,5,0.8,6,6,1.0,14,1.167,3,0.25,1,0.083,0,0.0,3,0.25,PaintTouch
1631104,Blake Wesley,1610612757,POR,31,20,11,361.0,155,24,46,0.522,7,14,0.5,58,0.374,91,0.587,21,0.135,7,0.045,7,0.045,Drives,31,20,11,361.0,16,5,31,14,21,0.667,Defense,31,20,11,361.0,11,36,0.306,32,10.0,30.0,0.333,0.444,CatchShoot,31,20,11,361.0,568,617,62,4,8,123,165,74,0.109,0.13,Passing,31,20,11,361.0,148,772,334,55.6,4.32,3.9,0.192,5,0,14,0.4,0.0,0.714,Possessions,31,20,11,361.0,4,21,0.19,8,0.0,5.0,0.0,0.19,PullUpShot,19.0,9.0,10.0,285.0,8.0,2.0,6.0,0.25,18.0,0.444,0.0,0.444,13.9,31.0,3.0,28.0,0.097,47.0,0.66,6.0,0.756,6.8,39.0,5.0,34.0,0.128,65.0,0.6,6.0,0.661,8.3,Rebounding,31,20,11,361.0,153778,29.1,15.1,14.0,4.61,4.82,4.41,SpeedDistance,31,20,11,361.0,772,5,1,3,0.333,0,0,0.0,2,0.4,1,0.2,0,0.0,1,0.2,0,0.0,ElbowTouch,31,20,11,361.0,772,0,0,0,0.0,0,0,0.0,0,0.0,0,0.0,0,0.0,0,0.0,0,0.0,PostTouch,31,20,11,361.0,772,14,5,9,0.556,0,0,0.0,10,0.714,4,0.286,1,0.071,1,0.071,0,0.0,PaintTouch
1631105,Jalen Duren,1610612765,DET,70,50,20,1976.0,255,88,154,0.571,66,84,0.786,254,0.996,39,0.153,7,0.027,10,0.039,43,0.169,Drives,70,50,20,1976.0,57,59,472,192,315,0.61,Defense,70,50,20,1976.0,2,11,0.182,4,,,,0.182,CatchShoot,70,50,20,1976.0,2307,1747,138,17,16,239,341,170,0.06,0.074,Passing,70,50,20,1976.0,1365,3470,1809,117.4,2.03,1.1,0.393,284,82,741,0.711,0.89,1.093,Possessions,70,50,20,1976.0,17,37,0.459,34,,,,0.459,PullUpShot,69.0,50.0,19.0,1964.0,263.0,179.0,84.0,0.681,603.0,0.436,24.0,0.454,4.8,467.0,158.0,309.0,0.338,807.0,0.579,85.0,0.647,4.1,730.0,337.0,393.0,0.462,1358.0,0.538,109.0,0.584,4.3,Rebounding,70,50,20,1976.0,745595,141.2,72.6,68.6,4.17,4.35,3.99,SpeedDistance,70,50,20,1976.0,3470,284,79,130,0.608,37,50,0.74,202,0.711,101,0.356,16,0.158,14,0.049,24,0.085,ElbowTouch,70,50,20,1976.0,3470,82,23,51,0.451,26,32,0.813,73,0.89,11,0.134,0,0.0,3,0.037,16,0.195,PostTouch,70,50,20,1976.0,3470,741,323,464,0.696,144,187,0.77,810,1.093,112,0.151,12,0.016,40,0.054,90,0.121,PaintTouch
1631106,Tari Eason,1610612745,HOU,60,38,22,1549.0,219,42,119,0.353,10,13,0.769,98,0.447,76,0.347,19,0.087,16,0.073,7,0.032,Drives,60,38,22,1549.0,72,28,252,103,141,0.73,Defense,60,38,22,1549.0,86,244,0.352,257,85.0,230.0,0.37,0.527,CatchShoot,60,38,22,1549.0,1599,1258,90,8,17,156,230,114,0.056,0.071,Passing,60,38,22,1549.0,627,2337,1073,96.4,2.47,1.8,0.268,39,4,138,0.538,0.5,0.797,Possessions,60,38,22,1549.0,20,79,0.253,44,4.0,19.0,0.211,0.278,PullUpShot,59.0,38.0,21.0,1515.0,122.0,59.0,63.0,0.484,230.0,0.53,5.0,0.542,8.4,249.0,56.0,191.0,0.225,357.0,0.697,28.0,0.757,6.1,371.0,115.0,254.0,0.31,560.0,0.663,33.0,0.704,6.9,Rebounding,60,38,22,1549.0,588752,111.5,58.8,52.7,4.12,4.14,4.1,SpeedDistance,60,38,22,1549.0,2337,39,10,20,0.5,0,0,0.0,21,0.538,17,0.436,3,0.176,1,0.026,0,0.0,ElbowTouch,60,38,22,1549.0,2337,4,1,2,0.5,0,0,0.0,2,0.5,1,0.25,0,0.0,1,0.25,0,0.0,PostTouch,60,38,22,1549.0,2337,138,49,83,0.59,9,14,0.643,110,0.797,40,0.29,9,0.065,7,0.051,5,0.036,PaintTouch
1631107,Nikola Jović,1610612748,MIA,47,24,23,808.0,165,22,55,0.4,13,24,0.542,60,0.364,79,0.479,18,0.109,14,0.085,12,0.073,Drives,47,24,23,808.0,26,17,128,87,140,0.621,Defense,47,24,23,808.0,41,161,0.255,122,40.0,154.0,0.26,0.379,CatchShoot,47,24,23,808.0,1097,1072,102,12,15,185,263,127,0.093,0.116,Passing,47,24,23,808.0,344,1559,862,55.8,2.15,1.43,0.221,22,21,56,0.818,0.333,0.536,Possessions,47,24,23,808.0,6,23,0.261,17,5.0,13.0,0.385,0.37,PullUpShot,41.0,21.0,20.0,781.0,25.0,15.0,10.0,0.6,61.0,0.41,1.0,0.417,8.0,128.0,41.0,87.0,0.32,238.0,0.538,31.0,0.618,6.5,153.0,56.0,97.0,0.366,292.0,0.524,32.0,0.588,6.7,Rebounding,47,24,23,808.0,335352,63.5,33.4,30.1,4.59,5.2,4.07,SpeedDistance,47,24,23,808.0,1559,22,8,9,0.889,2,4,0.5,18,0.818,10,0.455,1,0.1,1,0.045,2,0.091,ElbowTouch,47,24,23,808.0,1559,21,3,8,0.375,1,2,0.5,7,0.333,9,0.429,0,0.0,0,0.0,1,0.048,PostTouch,47,24,23,808.0,1559,56,12,22,0.545,6,8,0.75,30,0.536,27,0.482,3,0.054,1,0.018,4,0.071,PaintTouch
1631108,Max Christie,1610612742,DAL,77,24,53,2245.0,393,73,161,0.453,47,54,0.87,197,0.501,159,0.405,29,0.074,30,0.076,27,0.069,Drives,77,24,53,2245.0,47,27,234,137,189,0.725,Defense,77,24,53,2244.0,132,301,0.439,396,132.0,301.0,0.439,0.658,CatchShoot,77,24,53,2245.0,2037,2085,151,16,21,248,379,184,0.074,0.09,Passing,77,24,53,2245.0,945,3043,1631,132.5,2.61,2.06,0.311,17,3,42,0.824,0.0,0.786,Possessions,77,24,53,2244.0,79,224,0.353,204,46.0,141.0,0.326,0.455,PullUpShot,72.0,23.0,49.0,2134.0,15.0,4.0,11.0,0.267,61.0,0.246,5.0,0.268,16.4,234.0,53.0,181.0,0.226,389.0,0.602,33.0,0.657,7.5,249.0,57.0,192.0,0.229,439.0,0.567,38.0,0.621,8.0,Rebounding,77,24,53,2245.0,901355,170.7,94.3,76.4,4.44,4.88,4.0,SpeedDistance,77,24,53,2245.0,3043,17,6,9,0.667,2,2,1.0,14,0.824,6,0.353,2,0.333,0,0.0,1,0.059,ElbowTouch,77,24,53,2245.0,3043,3,0,1,0.0,0,0,0.0,0,0.0,2,0.667,0,0.0,0,0.0,0,0.0,PostTouch,77,24,53,2245.0,3043,42,13,23,0.565,6,6,1.0,33,0.786,12,0.286,1,0.024,3,0.071,1,0.024,PaintTouch
1631109,Mark Williams,1610612756,PHX,60,34,26,1416.0,22,7,18,0.389,3,4,0.75,17,0.773,1,0.045,0,0.0,0,0.0,2,0.091,Drives,60,34,26,1416.0,55,55,292,195,301,0.648,Defense,60,34,26,1416.0,10,25,0.4,21,1.0,1.0,1.0,0.42,CatchShoot,60,34,26,1416.0,1460,1062,58,5,3,93,153,65,0.04,0.045,Passing,60,34,26,1416.0,700,2071,1147,52.0,1.51,0.35,0.338,137,25,453,1.102,0.64,1.128,Possessions,60,34,26,1416.0,4,6,0.667,8,0.0,0.0,,0.667,PullUpShot,60.0,34.0,26.0,1416.0,185.0,134.0,51.0,0.724,354.0,0.523,10.0,0.538,5.2,292.0,91.0,199.0,0.312,479.0,0.61,47.0,0.676,4.6,477.0,225.0,250.0,0.472,811.0,0.588,57.0,0.633,4.9,Rebounding,60,34,26,1416.0,543681,103.0,53.9,49.1,4.28,4.51,4.05,SpeedDistance,60,34,26,1416.0,2071,137,55,77,0.714,33,46,0.717,151,1.102,27,0.197,3,0.111,4,0.029,23,0.168,ElbowTouch,60,34,26,1416.0,2071,25,7,17,0.412,1,2,0.5,16,0.64,3,0.12,0,0.0,2,0.08,1,0.04,PostTouch,60,34,26,1416.0,2071,453,216,321,0.673,61,76,0.803,511,1.128,54,0.119,8,0.018,16,0.035,36,0.079,PaintTouch
1631110,Jeremy Sochan,1610612752,NYK,44,30,14,469.0,43,7,11,0.636,3,4,0.75,17,0.395,27,0.628,6,0.14,3,0.07,2,0.047,Drives,44,30,14,469.0,17,7,70,36,58,0.621,Defense,44,30,14,469.0,15,51,0.294,41,11.0,44.0,0.25,0.402,CatchShoot,44,30,14,469.0,509,428,40,5,3,84,109,47,0.079,0.092,Passing,44,30,14,469.0,158,685,384,25.4,2.23,1.36,0.231,40,6,95,0.775,0.833,0.8,Possessions,44,30,14,469.0,0,2,0.0,0,0.0,0.0,,0.0,PullUpShot,34.0,24.0,10.0,422.0,37.0,24.0,13.0,0.649,108.0,0.343,4.0,0.356,7.2,70.0,20.0,50.0,0.286,130.0,0.538,11.0,0.588,5.8,107.0,44.0,63.0,0.411,233.0,0.459,15.0,0.491,6.3,Rebounding,44,30,14,469.0,189117,35.8,18.5,17.3,4.55,4.86,4.26,SpeedDistance,44,30,14,469.0,685,40,14,19,0.737,2,4,0.5,31,0.775,18,0.45,3,0.167,1,0.025,2,0.05,ElbowTouch,44,30,14,469.0,685,6,2,3,0.667,0,0,0.0,5,0.833,3,0.5,0,0.0,0,0.0,0,0.0,PostTouch,44,30,14,469.0,685,95,33,51,0.647,9,12,0.75,76,0.8,28,0.295,5,0.053,6,0.063,6,0.063,PaintTouch
1631111,Wendell Moore Jr.,1610612765,DET,6,5,1,60.0,7,1,2,0.5,0,0,0.0,2,0.286,4,0.571,1,0.143,1,0.143,0,0.0,Drives,6,5,1,60.0,2,2,5,0,5,0.0,Defense,6,5,1,60.0,0,1,0.0,0,0.0,1.0,0.0,0.0,CatchShoot,6,5,1,60.0,54,40,4,0,0,6,12,4,0.074,0.074,Passing,6,5,1,60.0,10,66,32,3.4,3.12,2.24,0.152,2,0,1,2.0,0.0,2.0,Possessions,6,5,1,60.0,0,0,,0,0.0,0.0,,,PullUpShot,4.0,3.0,1.0,45.0,1.0,1.0,0.0,1.0,4.0,0.25,0.0,0.25,9.1,5.0,0.0,5.0,0.0,10.0,0.5,3.0,0.714,6.4,6.0,1.0,5.0,0.167,14.0,0.429,3.0,0.545,6.9,Rebounding,6,5,1,60.0,24222,4.6,2.4,2.2,4.69,4.92,4.47,SpeedDistance,6,5,1,60.0,66,2,2,2,1.0,0,0,0.0,4,2.0,0,0.0,0,0.0,0,0.0,0,0.0,ElbowTouch,6,5,1,60.0,66,0,0,0,0.0,0,0,0.0,0,0.0,0,0.0,0,0.0,0,0.0,0,0.0,PostTouch,6,5,1,60.0,66,1,1,1,1.0,0,0,0.0,2,2.0,0,0.0,0,0.0,0,0.0,0,0.0,PaintTouch
1631113,Kennedy Chandler,1610612762,UTA,11,1,10,355.0,111,22,57,0.386,11,23,0.478,56,0.505,37,0.333,12,0.108,4,0.036,12,0.108,Drives,11,1,10,355.0,11,2,31,17,23,0.739,Defense,11,1,10,355.0,10,27,0.37,30,10.0,27.0,0.37,0.556,CatchShoot,11,1,10,355.0,587,637,74,9,5,129,177,88,0.126,0.15,Passing,11,1,10,355.0,165,793,309,53.7,4.06,3.59,0.208,8,0,8,0.5,0.0,0.75,Possessions,11,1,10,355.0,14,34,0.412,33,5.0,9.0,0.556,0.485,PullUpShot,10.0,1.0,9.0,335.0,6.0,2.0,4.0,0.333,18.0,0.333,2.0,0.375,11.2,31.0,4.0,27.0,0.129,43.0,0.721,4.0,0.795,11.9,37.0,6.0,31.0,0.162,60.0,0.617,6.0,0.685,11.8,Rebounding,11,1,10,355.0,140241,26.6,13.8,12.8,4.16,4.49,3.85,SpeedDistance,11,1,10,355.0,793,8,2,3,0.667,0,0,0.0,4,0.5,2,0.25,0,0.0,1,0.125,0,0.0,ElbowTouch,11,1,10,355.0,793,0,0,0,0.0,0,0,0.0,0,0.0,0,0.0,0,0.0,0,0.0,0,0.0,PostTouch,11,1,10,355.0,793,8,3,3,1.0,0,0,0.0,6,0.75,4,0.5,0,0.0,0,0.0,0,0.0,PaintTouch
1631114,Jalen Williams,1610612760,OKC,33,25,8,936.0,461,112,229,0.489,52,64,0.813,281,0.61,160,0.347,49,0.106,29,0.063,32,0.069,Drives,33,25,8,936.0,39,9,125,38,57,0.667,Defense,33,25,8,936.0,17,50,0.34,51,17.0,49.0,0.347,0.51,CatchShoot,33,25,8,936.0,1199,1379,181,11,8,294,472,199,0.151,0.166,Passing,33,25,8,936.0,563,1807,787,122.9,4.08,3.82,0.312,25,0,48,0.72,0.0,0.979,Possessions,33,25,8,936.0,60,157,0.382,126,6.0,27.0,0.222,0.401,PullUpShot,32.0,24.0,8.0,906.0,27.0,10.0,17.0,0.37,73.0,0.37,3.0,0.386,11.0,125.0,36.0,89.0,0.288,197.0,0.635,18.0,0.698,7.1,152.0,46.0,106.0,0.303,263.0,0.578,21.0,0.628,7.8,Rebounding,33,25,8,936.0,378623,71.7,38.6,33.1,4.43,4.97,3.93,SpeedDistance,33,25,8,936.0,1807,25,8,9,0.889,2,2,1.0,18,0.72,14,0.56,5,0.357,0,0.0,1,0.04,ElbowTouch,33,25,8,936.0,1807,0,0,0,0.0,0,0,0.0,0,0.0,0,0.0,0,0.0,0,0.0,0,0.0,PostTouch,33,25,8,936.0,1807,48,22,27,0.815,3,3,1.0,47,0.979,17,0.354,4,0.083,3,0.063,2,0.042,PaintTouch
1631115,Orlando Robinson,1610612753,ORL,4,2,2,25.0,2,0,0,0.0,0,0,0.0,0,0.0,2,1.0,0,0.0,0,0.0,0,0.0,Drives,4,2,2,25.0,1,0,2,9,9,1.0,Defense,4,2,2,25.0,1,2,0.5,3,1.0,2.0,0.5,0.75,CatchShoot,4,2,2,25.0,39,27,3,1,0,7,8,4,0.077,0.103,Passing,4,2,2,25.0,7,45,28,1.3,1.72,0.67,0.156,0,1,4,0.0,0.0,1.0,Possessions,4,2,2,25.0,0,0,,0,0.0,0.0,,,PullUpShot,2.0,0.0,2.0,16.0,2.0,1.0,1.0,0.5,5.0,0.4,0.0,0.4,2.8,2.0,0.0,2.0,0.0,3.0,0.667,0.0,0.667,2.8,4.0,1.0,3.0,0.25,6.0,0.667,0.0,0.667,2.8,Rebounding,4,2,2,25.0,9530,1.8,0.9,0.9,4.45,4.51,4.39,SpeedDistance,4,2,2,25.0,45,0,0,0,0.0,0,0,0.0,0,0.0,0,0.0,0,0.0,0,0.0,0,0.0,ElbowTouch,4,2,2,25.0,45,1,0,0,0.0,0,0,0.0,0,0.0,0,0.0,0,0.0,0,0.0,0,0.0,PostTouch,4,2,2,25.0,45,4,2,3,0.667,0,0,0.0,4,1.0,1,0.25,0,0.0,0,0.0,0,0.0,PaintTouch
1631116,Patrick Baldwin Jr.,1610612758,SAC,9,3,6,102.0,11,2,5,0.4,2,2,1.0,6,0.545,3,0.273,0,0.0,1,0.091,1,0.091,Drives,9,3,6,102.0,3,5,11,9,19,0.474,Defense,9,3,6,102.0,5,13,0.385,15,5.0,13.0,0.385,0.577,CatchShoot,9,3,6,102.0,74,61,5,0,2,10,12,7,0.068,0.095,Passing,9,3,6,102.0,33,111,67,2.8,1.5,0.74,0.297,1,0,12,1.0,0.0,0.417,Possessions,9,3,6,102.0,2,2,1.0,5,1.0,1.0,1.0,1.25,PullUpShot,8.0,3.0,5.0,97.0,12.0,5.0,7.0,0.417,18.0,0.667,1.0,0.706,4.9,11.0,3.0,8.0,0.273,22.0,0.5,2.0,0.55,9.2,23.0,8.0,15.0,0.348,38.0,0.605,3.0,0.657,7.0,Rebounding,9,3,6,102.0,41848,7.9,4.1,3.8,4.32,4.61,4.04,SpeedDistance,9,3,6,102.0,111,1,0,0,0.0,1,2,0.5,1,1.0,0,0.0,0,0.0,0,0.0,1,1.0,ElbowTouch,9,3,6,102.0,111,0,0,0,0.0,0,0,0.0,0,0.0,0,0.0,0,0.0,0,0.0,0,0.0,PostTouch,9,3,6,102.0,111,12,2,7,0.286,0,0,0.0,5,0.417,5,0.417,1,0.083,0,0.0,0,0.0,PaintTouch
1631117,Walker Kessler,1610612762,UTA,5,2,3,154.0,4,1,2,0.5,0,0,0.0,2,0.5,1,0.25,0,0.0,1,0.25,0,0.0,Drives,5,2,3,154.0,7,9,31,22,34,0.647,Defense,5,2,3,154.0,4,5,0.8,12,4.0,5.0,0.8,1.2,CatchShoot,5,2,3,154.0,203,165,15,4,2,29,45,21,0.074,0.103,Passing,5,2,3,154.0,72,265,175,8.4,1.9,0.59,0.272,13,0,46,0.462,0.0,0.935,Possessions,5,2,3,154.0,1,2,0.5,3,1.0,1.0,1.0,0.75,PullUpShot,5.0,2.0,3.0,154.0,23.0,18.0,5.0,0.783,49.0,0.469,1.0,0.479,5.2,31.0,7.0,24.0,0.226,62.0,0.5,10.0,0.596,4.4,54.0,25.0,29.0,0.463,109.0,0.495,11.0,0.551,4.8,Rebounding,5,2,3,154.0,55102,10.4,5.4,5.1,4.17,4.31,4.12,SpeedDistance,5,2,3,154.0,265,13,1,2,0.5,4,6,0.667,6,0.462,7,0.538,3,0.429,1,0.077,3,0.231,ElbowTouch,5,2,3,154.0,265,0,0,0,0.0,0,0,0.0,0,0.0,0,0.0,0,0.0,0,0.0,0,0.0,PostTouch,5,2,3,154.0,265,46,16,22,0.727,11,16,0.688,43,0.935,13,0.283,1,0.022,3,0.065,8,0.174,PaintTouch
1631119,Jaylin Williams,1610612760,OKC,65,54,11,1277.0,73,11,27,0.407,8,10,0.8,34,0.466,32,0.438,9,0.123,6,0.082,5,0.068,Drives,65,54,11,1277.0,31,42,326,104,179,0.581,Defense,65,54,11,1277.0,102,259,0.394,299,95.0,248.0,0.383,0.577,CatchShoot,65,54,11,1277.0,2192,1556,158,4,5,247,394,165,0.072,0.075,Passing,65,54,11,1277.0,469,2681,1465,72.4,1.62,0.42,0.175,54,5,71,0.593,0.2,0.479,Possessions,65,54,11,1277.0,7,24,0.292,14,0.0,5.0,0.0,0.292,PullUpShot,64.0,53.0,11.0,1264.0,32.0,15.0,17.0,0.469,114.0,0.281,4.0,0.291,11.4,326.0,120.0,203.0,0.368,494.0,0.66,43.0,0.723,4.6,358.0,135.0,220.0,0.377,579.0,0.618,47.0,0.673,5.2,Rebounding,65,54,11,1277.0,452686,85.7,45.1,40.6,3.92,4.2,3.65,SpeedDistance,65,54,11,1277.0,2681,54,12,19,0.632,6,8,0.75,32,0.593,25,0.463,7,0.28,4,0.074,4,0.074,ElbowTouch,65,54,11,1277.0,2681,5,0,0,0.0,1,2,0.5,1,0.2,3,0.6,1,0.2,0,0.0,1,0.2,PostTouch,65,54,11,1277.0,2681,71,12,22,0.545,9,10,0.9,34,0.479,35,0.493,8,0.113,6,0.085,5,0.07,PaintTouch
1631120,JD Davison,1610612745,HOU,28,23,5,218.0,53,8,21,0.381,9,14,0.643,25,0.472,23,0.434,8,0.151,2,0.038,7,0.132,Drives,28,23,5,218.0,6,6,31,13,20,0.65,Defense,28,23,5,218.0,6,21,0.286,18,6.0,21.0,0.286,0.429,CatchShoot,28,23,5,218.0,335,304,35,2,3,57,81,40,0.104,0.119,Passing,28,23,5,218.0,69,428,166,33.8,4.74,4.36,0.161,2,0,4,0.0,0.0,0.5,Possessions,28,23,5,218.0,8,23,0.348,18,2.0,10.0,0.2,0.391,PullUpShot,14.0,10.0,4.0,159.0,3.0,2.0,1.0,0.667,13.0,0.231,1.0,0.25,4.6,31.0,4.0,27.0,0.129,51.0,0.608,6.0,0.689,6.5,34.0,6.0,28.0,0.176,64.0,0.531,7.0,0.596,6.3,Rebounding,28,23,5,218.0,85502,16.2,8.8,7.4,4.24,4.34,4.11,SpeedDistance,28,23,5,218.0,428,2,0,0,0.0,0,0,0.0,0,0.0,1,0.5,0,0.0,0,0.0,0,0.0,ElbowTouch,28,23,5,218.0,428,0,0,0,0.0,0,0,0.0,0,0.0,0,0.0,0,0.0,0,0.0,0,0.0,PostTouch,28,23,5,218.0,428,4,1,1,1.0,0,0,0.0,2,0.5,3,0.75,1,0.25,0,0.0,0,0.0,PaintTouch
1631121,Bryce McGowens,1610612740,NOP,42,14,28,880.0,141,38,85,0.447,29,36,0.806,111,0.787,32,0.227,12,0.085,4,0.028,18,0.128,Drives,42,14,28,880.0,27,8,76,71,98,0.724,Defense,42,14,28,880.0,33,81,0.407,99,33.0,81.0,0.407,0.611,CatchShoot,42,14,28,880.0,825,683,62,8,5,91,161,75,0.075,0.091,Passing,42,14,28,880.0,340,1147,544,42.7,2.23,1.46,0.296,7,1,22,0.714,0.0,1.045,Possessions,42,14,28,880.0,17,40,0.425,39,5.0,12.0,0.417,0.488,PullUpShot,35.0,13.0,22.0,812.0,12.0,7.0,5.0,0.583,46.0,0.261,1.0,0.267,12.7,76.0,16.0,60.0,0.211,142.0,0.535,12.0,0.585,7.6,88.0,23.0,65.0,0.261,185.0,0.476,13.0,0.512,8.3,Rebounding,42,14,28,880.0,361629,68.5,36.1,32.4,4.51,4.78,4.26,SpeedDistance,42,14,28,880.0,1147,7,2,3,0.667,1,2,0.5,5,0.714,3,0.429,0,0.0,0,0.0,1,0.143,ElbowTouch,42,14,28,880.0,1147,1,0,1,0.0,0,0,0.0,0,0.0,0,0.0,0,0.0,0,0.0,0,0.0,PostTouch,42,14,28,880.0,1147,22,8,10,0.8,7,8,0.875,23,1.045,6,0.273,1,0.045,2,0.091,4,0.182,PaintTouch
1631123,Jamaree Bouyea,1610612756,PHX,46,23,23,644.0,210,51,100,0.51,8,10,0.8,112,0.533,85,0.405,21,0.1,13,0.062,5,0.024,Drives,46,23,23,644.0,29,16,64,33,55,0.6,Defense,46,23,23,644.0,10,39,0.256,30,10.0,39.0,0.256,0.385,CatchShoot,46,23,23,644.0,944,999,82,2,8,161,219,92,0.087,0.097,Passing,46,23,23,644.0,263,1282,586,92.3,4.32,3.78,0.205,6,0,13,0.667,0.0,0.692,Possessions,46,23,23,644.0,30,93,0.323,72,12.0,37.0,0.324,0.387,PullUpShot,36.0,18.0,18.0,592.0,18.0,5.0,13.0,0.278,50.0,0.36,1.0,0.367,12.4,64.0,12.0,52.0,0.188,112.0,0.571,14.0,0.653,7.8,82.0,17.0,65.0,0.207,159.0,0.516,15.0,0.569,8.8,Rebounding,46,23,23,644.0,262210,49.7,26.8,22.9,4.44,4.71,4.16,SpeedDistance,46,23,23,644.0,1282,6,2,2,1.0,0,0,0.0,4,0.667,2,0.333,0,0.0,1,0.167,0,0.0,ElbowTouch,46,23,23,644.0,1282,0,0,0,0.0,0,0,0.0,0,0.0,0,0.0,0,0.0,0,0.0,0,0.0,PostTouch,46,23,23,644.0,1282,13,4,5,0.8,1,4,0.25,9,0.692,5,0.385,1,0.077,0,0.0,2,0.154,PaintTouch
1631124,Julian Strawther,1610612743,DEN,57,38,19,861.0,188,51,99,0.515,20,24,0.833,124,0.66,62,0.33,8,0.043,10,0.053,12,0.064,Drives,57,38,19,861.0,25,6,102,48,64,0.75,Defense,57,38,19,861.0,50,117,0.427,150,50.0,116.0,0.431,0.641,CatchShoot,57,38,19,861.0,810,901,61,8,10,124,166,79,0.075,0.098,Passing,57,38,19,861.0,413,1240,683,57.9,2.8,2.26,0.333,11,0,19,0.636,0.0,1.0,Possessions,57,38,19,861.0,35,89,0.393,78,8.0,34.0,0.235,0.438,PullUpShot,43.0,30.0,13.0,745.0,12.0,3.0,9.0,0.25,33.0,0.364,0.0,0.364,15.0,102.0,22.0,80.0,0.216,154.0,0.662,14.0,0.729,7.0,114.0,25.0,89.0,0.219,186.0,0.613,14.0,0.663,7.8,Rebounding,57,38,19,861.0,355720,67.4,36.7,30.6,4.44,4.72,4.13,SpeedDistance,57,38,19,861.0,1240,11,3,5,0.6,1,2,0.5,7,0.636,3,0.273,0,0.0,1,0.091,1,0.091,ElbowTouch,57,38,19,861.0,1240,0,0,0,0.0,0,0,0.0,0,0.0,0,0.0,0,0.0,0,0.0,0,0.0,PostTouch,57,38,19,861.0,1240,19,9,11,0.818,1,2,0.5,19,1.0,4,0.211,0,0.0,2,0.105,1,0.053,PaintTouch
1631126,Caleb Love,1610612757,POR,49,24,25,1013.0,277,57,116,0.491,18,24,0.75,132,0.477,125,0.451,36,0.13,22,0.079,12,0.043,Drives,49,24,25,1013.0,27,4,89,46,53,0.868,Defense,49,24,25,1013.0,68,196,0.347,204,68.0,194.0,0.351,0.52,CatchShoot,49,24,25,1013.0,1213,1487,123,10,16,199,319,148,0.101,0.122,Passing,49,24,25,1013.0,509,1849,854,114.9,3.73,3.44,0.275,11,0,13,0.909,0.0,0.923,Possessions,49,24,25,1013.0,47,144,0.326,117,23.0,93.0,0.247,0.406,PullUpShot,36.0,17.0,19.0,866.0,25.0,6.0,19.0,0.24,59.0,0.424,1.0,0.431,16.8,89.0,16.0,72.0,0.18,128.0,0.695,5.0,0.724,8.8,114.0,22.0,91.0,0.193,183.0,0.623,6.0,0.644,10.6,Rebounding,49,24,25,1013.0,401401,76.0,40.3,35.7,4.36,4.58,4.13,SpeedDistance,49,24,25,1013.0,1849,11,5,6,0.833,0,0,0.0,10,0.909,5,0.455,0,0.0,0,0.0,0,0.0,ElbowTouch,49,24,25,1013.0,1849,0,0,0,0.0,0,0,0.0,0,0.0,0,0.0,0,0.0,0,0.0,0,0.0,PostTouch,49,24,25,1013.0,1849,13,5,6,0.833,2,2,1.0,12,0.923,6,0.462,0,0.0,0,0.0,1,0.077,PaintTouch
1631127,Harrison Ingram,1610612759,SAS,7,6,1,26.0,7,2,2,1.0,0,0,0.0,4,0.571,3,0.429,1,0.143,1,0.143,0,0.0,Drives,7,6,1,26.0,0,0,0,0,0,0.0,Defense,7,6,1,26.0,1,1,1.0,3,1.0,1.0,1.0,1.5,CatchShoot,7,6,1,26.0,23,20,1,0,1,3,5,3,0.043,0.13,Passing,7,6,1,26.0,11,33,20,1.0,1.82,1.15,0.333,1,0,4,2.0,0.0,1.0,Possessions,7,6,1,26.0,0,0,,0,0.0,0.0,,,PullUpShot,2.0,1.0,1.0,9.0,3.0,1.0,2.0,0.333,3.0,1.0,0.0,1.0,7.3,0.0,0.0,0.0,0.0,0.0,0.0,0.0,0.0,0.0,3.0,1.0,2.0,0.333,3.0,1.0,0.0,1.0,7.3,Rebounding,7,6,1,26.0,9977,1.9,1.1,0.8,4.06,4.3,3.77,SpeedDistance,7,6,1,26.0,33,1,1,1,1.0,0,0,0.0,2,2.0,0,0.0,0,0.0,0,0.0,0,0.0,ElbowTouch,7,6,1,26.0,33,0,0,0,0.0,0,0,0.0,0,0.0,0,0.0,0,0.0,0,0.0,0,0.0,PostTouch,7,6,1,26.0,33,4,2,3,0.667,0,0,0.0,4,1.0,1,0.25,0,0.0,0,0.0,0,0.0,PaintTouch
1631128,Christian Braun,1610612743,DEN,44,29,15,1399.0,82,13,26,0.5,7,10,0.7,33,0.402,44,0.537,12,0.146,5,0.061,5,0.061,Drives,44,29,15,1399.0,30,12,150,73,93,0.785,Defense,44,29,15,1399.0,43,131,0.328,124,38.0,123.0,0.309,0.473,CatchShoot,44,29,15,1399.0,1573,1379,120,13,13,187,315,146,0.076,0.093,Passing,44,29,15,1399.0,526,2088,1093,87.0,2.5,1.48,0.252,79,1,179,0.734,1.0,0.866,Possessions,44,29,15,1399.0,8,34,0.235,20,4.0,19.0,0.211,0.294,PullUpShot,43.0,29.0,14.0,1374.0,61.0,29.0,31.0,0.475,144.0,0.424,10.0,0.455,8.9,150.0,19.0,131.0,0.127,229.0,0.655,19.0,0.714,8.3,211.0,48.0,162.0,0.227,360.0,0.586,29.0,0.637,8.5,Rebounding,44,29,15,1399.0,552455,104.6,54.7,50.0,4.31,4.51,4.13,SpeedDistance,44,29,15,1399.0,2088,79,22,35,0.629,13,14,0.929,58,0.734,27,0.342,5,0.185,6,0.076,5,0.063,ElbowTouch,44,29,15,1399.0,2088,1,0,0,0.0,1,2,0.5,1,1.0,0,0.0,0,0.0,0,0.0,1,1.0,PostTouch,44,29,15,1399.0,2088,179,63,92,0.685,24,28,0.857,155,0.866,56,0.313,11,0.061,7,0.039,12,0.067,PaintTouch
1631131,Oscar Tshiebwe,1610612762,UTA,27,3,24,448.0,10,2,4,0.5,1,2,0.5,5,0.5,5,0.5,1,0.1,0,0.0,1,0.1,Drives,27,3,24,448.0,16,5,102,67,87,0.77,Defense,27,3,24,448.0,6,11,0.545,12,,,,0.545,CatchShoot,27,3,24,448.0,395,316,32,4,3,48,82,39,0.081,0.099,Passing,27,3,24,448.0,211,601,371,15.7,1.57,0.45,0.351,62,4,170,0.758,0.5,0.912,Possessions,27,3,24,448.0,0,2,0.0,0,,,,0.0,PullUpShot,27.0,3.0,24.0,448.0,77.0,52.0,25.0,0.675,194.0,0.397,5.0,0.407,4.5,102.0,41.0,61.0,0.402,171.0,0.596,13.0,0.646,4.4,179.0,93.0,86.0,0.52,353.0,0.507,18.0,0.534,4.5,Rebounding,27,3,24,448.0,183497,34.8,18.0,16.8,4.35,4.57,4.14,SpeedDistance,27,3,24,448.0,601,62,22,40,0.55,3,6,0.5,47,0.758,14,0.226,2,0.143,4,0.065,2,0.032,ElbowTouch,27,3,24,448.0,601,4,1,2,0.5,0,2,0.0,2,0.5,1,0.25,0,0.0,0,0.0,1,0.25,PostTouch,27,3,24,448.0,601,170,68,102,0.667,17,23,0.739,155,0.912,40,0.235,9,0.053,15,0.088,12,0.071,PaintTouch
1631132,Christian Koloko,1610612737,ATL,27,16,11,357.0,0,0,0,0.0,0,0,0.0,0,0.0,0,0.0,0,0.0,0,0.0,0,0.0,Drives,27,16,11,357.0,14,23,50,47,90,0.522,Defense,27,16,11,357.0,2,16,0.125,5,1.0,9.0,0.111,0.156,CatchShoot,27,16,11,357.0,311,212,18,2,4,30,48,24,0.058,0.077,Passing,27,16,11,357.0,73,412,224,9.0,1.3,0.35,0.177,23,1,105,0.217,0.0,0.514,Possessions,27,16,11,357.0,1,1,1.0,2,0.0,0.0,,1.0,PullUpShot,24.0,13.0,11.0,340.0,31.0,22.0,9.0,0.71,84.0,0.369,2.0,0.378,4.8,50.0,14.0,36.0,0.28,100.0,0.5,11.0,0.562,4.8,81.0,36.0,45.0,0.444,180.0,0.45,13.0,0.485,4.8,Rebounding,27,16,11,357.0,148061,28.0,14.4,13.7,4.41,4.64,4.22,SpeedDistance,27,16,11,357.0,412,23,1,6,0.167,3,6,0.5,5,0.217,12,0.522,1,0.083,2,0.087,3,0.13,ElbowTouch,27,16,11,357.0,412,1,0,0,0.0,0,0,0.0,0,0.0,0,0.0,0,0.0,1,1.0,0,0.0,PostTouch,27,16,11,357.0,412,105,24,47,0.511,5,6,0.833,54,0.514,42,0.4,9,0.086,9,0.086,3,0.029,PaintTouch
1631133,Jabari Walker,1610612755,PHI,64,36,28,762.0,49,7,19,0.368,5,8,0.625,21,0.429,18,0.367,6,0.122,7,0.143,4,0.082,Drives,64,36,28,762.0,23,13,120,74,106,0.698,Defense,64,36,28,762.0,32,94,0.34,96,32.0,92.0,0.348,0.511,CatchShoot,64,36,28,762.0,618,508,34,4,7,59,90,45,0.055,0.073,Passing,64,36,28,762.0,276,906,542,23.3,1.54,0.59,0.305,25,2,125,0.56,0.0,0.936,Possessions,64,36,28,762.0,1,5,0.2,2,0.0,2.0,0.0,0.2,PullUpShot,56.0,29.0,27.0,722.0,72.0,50.0,22.0,0.694,170.0,0.424,4.0,0.434,4.8,120.0,34.0,86.0,0.283,210.0,0.571,19.0,0.628,5.0,192.0,84.0,108.0,0.438,364.0,0.527,23.0,0.563,5.0,Rebounding,64,36,28,762.0,289785,54.9,28.9,26.0,4.2,4.31,4.08,SpeedDistance,64,36,28,762.0,906,25,4,9,0.444,6,6,1.0,14,0.56,12,0.48,2,0.167,0,0.0,3,0.12,ElbowTouch,64,36,28,762.0,906,2,0,1,0.0,0,0,0.0,0,0.0,1,0.5,0,0.0,0,0.0,0,0.0,PostTouch,64,36,28,762.0,906,125,44,77,0.571,28,38,0.737,117,0.936,20,0.16,3,0.024,5,0.04,19,0.152,PaintTouch
1631157,Ryan Rollins,1610612749,MIL,74,29,45,2375.0,875,186,365,0.51,50,63,0.794,427,0.488,400,0.457,108,0.123,52,0.059,32,0.037,Drives,74,29,45,2375.0,110,31,284,158,221,0.715,Defense,74,29,45,2375.0,98,236,0.415,293,97.0,235.0,0.413,0.621,CatchShoot,74,29,45,2375.0,3785,4279,414,38,64,765,1096,516,0.109,0.136,Passing,74,29,45,2375.0,1281,5267,2146,395.4,4.5,4.0,0.243,16,0,54,0.75,0.0,0.537,Possessions,74,29,45,2375.0,187,436,0.429,458,84.0,214.0,0.393,0.525,PullUpShot,73.0,29.0,44.0,2347.0,54.0,15.0,39.0,0.278,147.0,0.367,4.0,0.378,12.6,284.0,63.0,221.0,0.222,502.0,0.566,42.0,0.617,7.2,338.0,78.0,260.0,0.231,638.0,0.53,46.0,0.571,8.1,Rebounding,74,29,45,2375.0,939060,177.9,93.1,84.8,4.39,4.58,4.2,SpeedDistance,74,29,45,2375.0,5267,16,6,7,0.857,0,0,0.0,12,0.75,7,0.438,0,0.0,1,0.063,0,0.0,ElbowTouch,74,29,45,2375.0,5267,0,0,0,0.0,0,0,0.0,0,0.0,0,0.0,0,0.0,0,0.0,0,0.0,PostTouch,74,29,45,2375.0,5267,54,13,21,0.619,3,4,0.75,29,0.537,22,0.407,4,0.074,5,0.093,1,0.019,PaintTouch
1631159,Leonard Miller,1610612741,CHI,46,18,28,719.0,97,18,38,0.474,7,10,0.7,44,0.454,40,0.412,7,0.072,11,0.113,5,0.052,Drives,46,18,28,719.0,17,15,127,76,114,0.667,Defense,46,18,28,719.0,30,88,0.341,90,30.0,87.0,0.345,0.511,CatchShoot,46,18,28,719.0,842,559,40,3,5,59,106,47,0.048,0.056,Passing,46,18,28,719.0,361,1183,560,34.0,1.72,0.87,0.305,29,3,96,1.0,0.667,1.031,Possessions,46,18,28,719.0,6,15,0.4,14,2.0,8.0,0.25,0.467,PullUpShot,38.0,16.0,22.0,695.0,54.0,26.0,28.0,0.481,112.0,0.482,2.0,0.491,7.6,127.0,28.0,92.0,0.22,210.0,0.605,20.0,0.668,5.0,181.0,54.0,120.0,0.298,306.0,0.592,22.0,0.637,5.8,Rebounding,46,18,28,719.0,320637,60.7,32.1,28.6,4.73,5.27,4.25,SpeedDistance,46,18,28,719.0,1183,29,12,17,0.706,5,6,0.833,29,1.0,8,0.276,2,0.25,1,0.034,3,0.103,ElbowTouch,46,18,28,719.0,1183,3,1,1,1.0,0,0,0.0,2,0.667,1,0.333,1,0.333,1,0.333,0,0.0,PostTouch,46,18,28,719.0,1183,96,45,59,0.763,7,10,0.7,99,1.031,25,0.26,5,0.052,4,0.042,5,0.052,PaintTouch
1631165,Keon Ellis,1610612739,CLE,72,31,41,1479.0,112,20,43,0.465,10,14,0.714,54,0.482,53,0.473,5,0.045,9,0.08,7,0.063,Drives,72,31,41,1479.0,83,46,97,86,134,0.642,Defense,72,31,41,1479.0,70,196,0.357,208,68.0,192.0,0.354,0.531,CatchShoot,72,31,41,1479.0,1241,1130,72,9,14,146,195,95,0.058,0.077,Passing,72,31,41,1479.0,480,1741,933,61.1,2.11,1.42,0.276,37,0,64,0.622,0.0,0.609,Possessions,72,31,41,1479.0,34,88,0.386,89,21.0,55.0,0.382,0.506,PullUpShot,58.0,26.0,32.0,1265.0,38.0,10.0,28.0,0.263,80.0,0.475,5.0,0.507,13.1,97.0,15.0,82.0,0.155,176.0,0.551,11.0,0.588,9.0,135.0,25.0,110.0,0.185,253.0,0.534,16.0,0.57,10.2,Rebounding,72,31,41,1479.0,599246,113.5,57.2,56.3,4.4,4.53,4.27,SpeedDistance,72,31,41,1479.0,1741,37,10,17,0.588,2,2,1.0,23,0.622,14,0.378,2,0.143,4,0.108,1,0.027,ElbowTouch,72,31,41,1479.0,1741,0,0,0,0.0,0,0,0.0,0,0.0,0,0.0,0,0.0,0,0.0,0,0.0,PostTouch,72,31,41,1479.0,1741,64,17,25,0.68,5,6,0.833,39,0.609,26,0.406,5,0.078,7,0.109,2,0.031,PaintTouch
1631166,Drew Timme,1610612747,LAL,27,18,9,235.0,15,5,8,0.625,1,4,0.25,11,0.733,4,0.267,0,0.0,1,0.067,2,0.133,Drives,27,18,9,235.0,6,0,23,30,39,0.769,Defense,27,18,9,235.0,15,31,0.484,40,10.0,23.0,0.435,0.645,CatchShoot,27,18,9,235.0,280,259,23,1,1,36,52,25,0.082,0.089,Passing,27,18,9,235.0,92,374,218,13.2,2.12,1.14,0.246,16,16,23,0.375,0.375,1.043,Possessions,27,18,9,235.0,4,9,0.444,9,1.0,2.0,0.5,0.5,PullUpShot,18.0,12.0,6.0,217.0,10.0,8.0,2.0,0.8,17.0,0.588,0.0,0.588,9.9,23.0,4.0,19.0,0.174,47.0,0.489,8.0,0.59,7.7,33.0,12.0,21.0,0.364,64.0,0.516,8.0,0.589,8.4,Rebounding,27,18,9,235.0,92469,17.5,9.3,8.2,4.18,4.31,4.03,SpeedDistance,27,18,9,235.0,374,16,3,6,0.5,0,0,0.0,6,0.375,9,0.563,2,0.222,1,0.063,0,0.0,ElbowTouch,27,18,9,235.0,374,16,3,10,0.3,0,0,0.0,6,0.375,5,0.313,0,0.0,1,0.063,0,0.0,PostTouch,27,18,9,235.0,374,23,11,13,0.846,2,2,1.0,24,1.043,9,0.391,2,0.087,0,0.0,1,0.043,PaintTouch
1631169,Josh Minott,1610612751,BKN,49,23,26,834.0,91,16,37,0.432,8,10,0.8,42,0.462,39,0.429,11,0.121,6,0.066,6,0.066,Drives,49,23,26,834.0,44,24,110,61,108,0.565,Defense,49,23,26,834.0,56,137,0.409,168,56.0,135.0,0.415,0.613,CatchShoot,49,23,26,834.0,587,555,46,4,3,80,121,53,0.078,0.09,Passing,49,23,26,834.0,364,935,539,30.4,1.95,1.05,0.389,14,0,71,0.5,0.0,1.099,Possessions,49,23,26,834.0,6,20,0.3,17,5.0,15.0,0.333,0.425,PullUpShot,43.0,19.0,24.0,803.0,48.0,26.0,23.0,0.542,92.0,0.522,2.0,0.533,8.3,110.0,31.0,78.0,0.282,192.0,0.573,21.0,0.643,5.8,158.0,57.0,101.0,0.361,276.0,0.572,23.0,0.625,6.5,Rebounding,49,23,26,834.0,327023,61.9,31.8,30.1,4.43,4.56,4.3,SpeedDistance,49,23,26,834.0,935,14,3,3,1.0,1,2,0.5,7,0.5,7,0.5,1,0.143,2,0.143,0,0.0,ElbowTouch,49,23,26,834.0,935,0,0,0,0.0,0,0,0.0,0,0.0,0,0.0,0,0.0,0,0.0,0,0.0,PostTouch,49,23,26,834.0,935,71,31,40,0.775,16,18,0.889,78,1.099,16,0.225,3,0.042,4,0.056,8,0.113,PaintTouch
1631170,Jaime Jaquez Jr.,1610612748,MIA,75,41,34,2121.0,992,205,421,0.487,68,89,0.764,490,0.494,447,0.451,96,0.097,54,0.054,46,0.046,Drives,75,41,34,2121.0,51,21,279,130,197,0.66,Defense,75,41,34,2121.0,58,168,0.345,168,52.0,160.0,0.325,0.5,CatchShoot,75,41,34,2121.0,3651,3530,352,45,44,675,955,440,0.096,0.121,Passing,75,41,34,2121.0,1152,4935,2160,269.2,3.27,3.04,0.233,60,42,141,0.833,0.524,1.028,Possessions,75,41,34,2121.0,53,141,0.376,112,6.0,22.0,0.273,0.397,PullUpShot,73.0,41.0,32.0,2068.0,96.0,49.0,47.0,0.51,264.0,0.364,9.0,0.376,9.9,279.0,54.0,225.0,0.194,491.0,0.568,53.0,0.637,7.1,375.0,103.0,272.0,0.275,725.0,0.517,62.0,0.566,7.9,Rebounding,75,41,34,2121.0,913418,173.0,93.0,80.0,4.74,5.43,4.14,SpeedDistance,75,41,34,2121.0,4935,60,22,30,0.733,4,4,1.0,50,0.833,25,0.417,9,0.36,3,0.05,2,0.033,ElbowTouch,75,41,34,2121.0,4935,42,11,18,0.611,0,0,0.0,22,0.524,21,0.5,1,0.024,2,0.048,0,0.0,PostTouch,75,41,34,2121.0,4935,141,69,96,0.719,7,8,0.875,145,1.028,38,0.27,9,0.064,2,0.014,5,0.035,PaintTouch
1631172,Ousmane Dieng,1610612749,MIL,57,33,24,1099.0,280,61,117,0.521,15,22,0.682,141,0.504,117,0.418,32,0.114,24,0.086,12,0.043,Drives,57,33,24,1099.0,25,17,151,88,124,0.71,Defense,57,33,24,1099.0,41,105,0.39,122,40.0,103.0,0.388,0.581,CatchShoot,57,33,24,1099.0,1364,1333,136,11,20,247,354,166,0.1,0.122,Passing,57,33,24,1099.0,431,1922,924,115.4,3.6,3.02,0.224,17,0,44,0.353,0.0,0.523,Possessions,57,33,24,1099.0,65,185,0.351,152,22.0,81.0,0.272,0.411,PullUpShot,48.0,26.0,22.0,1038.0,29.0,21.0,8.0,0.724,56.0,0.518,2.0,0.537,10.2,151.0,38.0,113.0,0.252,239.0,0.632,21.0,0.693,6.0,180.0,59.0,121.0,0.328,291.0,0.619,23.0,0.672,6.6,Rebounding,57,33,24,1099.0,419357,79.4,43.0,36.4,4.16,4.43,3.87,SpeedDistance,57,33,24,1099.0,1922,17,2,6,0.333,2,2,1.0,6,0.353,7,0.412,1,0.143,1,0.059,1,0.059,ElbowTouch,57,33,24,1099.0,1922,0,0,0,0.0,0,0,0.0,0,0.0,0,0.0,0,0.0,0,0.0,0,0.0,PostTouch,57,33,24,1099.0,1922,44,11,20,0.55,1,2,0.5,23,0.523,17,0.386,2,0.045,4,0.091,1,0.023,PaintTouch
1631174,Tyler Burton,1610612763,MEM,12,2,10,307.0,45,9,23,0.391,8,10,0.8,26,0.578,14,0.311,2,0.044,2,0.044,5,0.111,Drives,12,2,10,307.0,11,4,42,34,43,0.791,Defense,12,2,10,307.0,21,56,0.375,63,21.0,55.0,0.382,0.563,CatchShoot,12,2,10,307.0,258,241,12,0,3,17,30,15,0.047,0.058,Passing,12,2,10,307.0,129,403,233,12.1,1.8,1.05,0.32,5,0,11,1.8,0.0,0.909,Possessions,12,2,10,307.0,4,18,0.222,9,1.0,11.0,0.091,0.25,PullUpShot,12.0,2.0,10.0,307.0,8.0,5.0,3.0,0.625,29.0,0.276,1.0,0.286,10.1,42.0,8.0,34.0,0.19,67.0,0.627,0.0,0.627,7.0,50.0,13.0,37.0,0.26,91.0,0.549,1.0,0.556,7.5,Rebounding,12,2,10,307.0,138449,26.2,13.4,12.8,4.79,5.02,4.56,SpeedDistance,12,2,10,307.0,403,5,3,4,0.75,2,2,1.0,9,1.8,0,0.0,0,0.0,0,0.0,1,0.2,ElbowTouch,12,2,10,307.0,403,0,0,0,0.0,0,0,0.0,0,0.0,0,0.0,0,0.0,0,0.0,0,0.0,PostTouch,12,2,10,307.0,403,11,2,4,0.5,4,4,1.0,10,0.909,3,0.273,0,0.0,0,0.0,4,0.364,PaintTouch
1631199,Ron Harper Jr.,1610612738,BOS,29,22,7,318.0,36,7,15,0.467,2,2,1.0,16,0.444,15,0.417,4,0.111,4,0.111,1,0.028,Drives,29,22,7,318.0,10,9,33,20,25,0.8,Defense,29,22,7,318.0,23,66,0.348,69,23.0,66.0,0.348,0.523,CatchShoot,29,22,7,318.0,317,325,22,2,3,37,61,27,0.069,0.085,Passing,29,22,7,318.0,123,450,252,21.0,2.81,2.19,0.273,5,0,17,0.8,0.0,0.824,Possessions,29,22,7,318.0,7,17,0.412,19,5.0,14.0,0.357,0.559,PullUpShot,17.0,11.0,6.0,269.0,15.0,10.0,5.0,0.667,28.0,0.536,0.0,0.536,10.6,33.0,8.0,25.0,0.242,52.0,0.635,6.0,0.717,6.1,48.0,18.0,30.0,0.375,77.0,0.623,6.0,0.676,7.5,Rebounding,29,22,7,318.0,124749,23.6,13.0,10.7,4.18,4.33,4.04,SpeedDistance,29,22,7,318.0,450,5,2,2,1.0,0,0,0.0,4,0.8,3,0.6,1,0.333,0,0.0,0,0.0,ElbowTouch,29,22,7,318.0,450,0,0,0,0.0,0,0,0.0,0,0.0,0,0.0,0,0.0,0,0.0,0,0.0,PostTouch,29,22,7,318.0,450,17,7,9,0.778,0,0,0.0,14,0.824,6,0.353,1,0.059,2,0.118,0,0.0,PaintTouch
1631200,Kris Murray,1610612757,POR,57,28,29,1333.0,179,37,60,0.617,9,18,0.5,85,0.475,90,0.503,16,0.089,16,0.089,9,0.05,Drives,57,28,29,1333.0,51,22,116,83,132,0.629,Defense,57,28,29,1333.0,34,118,0.288,102,34.0,118.0,0.288,0.432,CatchShoot,57,28,29,1333.0,783,658,81,8,7,139,208,95,0.103,0.121,Passing,57,28,29,1333.0,331,1154,705,39.4,2.05,1.3,0.287,32,1,138,0.406,0.0,0.594,Possessions,57,28,29,1333.0,0,3,0.0,0,0.0,3.0,0.0,0.0,PullUpShot,51.0,28.0,23.0,1237.0,90.0,65.0,25.0,0.722,229.0,0.393,10.0,0.411,7.0,116.0,30.0,86.0,0.259,232.0,0.5,24.0,0.558,8.3,206.0,95.0,111.0,0.461,455.0,0.453,34.0,0.489,7.7,Rebounding,57,28,29,1333.0,540060,102.3,51.3,51.0,4.49,4.59,4.39,SpeedDistance,57,28,29,1333.0,1154,32,5,6,0.833,3,4,0.75,13,0.406,19,0.594,5,0.263,4,0.125,2,0.063,ElbowTouch,57,28,29,1333.0,1154,1,0,0,0.0,0,0,0.0,0,0.0,1,1.0,1,1.0,0,0.0,0,0.0,PostTouch,57,28,29,1333.0,1154,138,33,56,0.589,13,16,0.813,82,0.594,59,0.428,13,0.094,8,0.058,8,0.058,PaintTouch
1631204,Marcus Sasser,1610612765,DET,38,28,10,456.0,69,9,30,0.3,4,4,1.0,23,0.333,27,0.391,7,0.101,6,0.087,2,0.029,Drives,38,28,10,456.0,20,4,32,19,25,0.76,Defense,38,28,10,457.0,30,61,0.492,88,28.0,58.0,0.483,0.721,CatchShoot,38,28,10,456.0,629,749,75,10,5,121,197,90,0.119,0.143,Passing,38,28,10,456.0,197,864,448,59.2,4.11,3.7,0.228,6,0,5,0.667,0.0,0.8,Possessions,38,28,10,457.0,23,81,0.284,62,16.0,48.0,0.333,0.383,PullUpShot,23.0,15.0,8.0,344.0,7.0,1.0,6.0,0.143,14.0,0.5,0.0,0.5,20.0,32.0,2.0,30.0,0.063,46.0,0.696,2.0,0.727,10.5,39.0,3.0,36.0,0.077,58.0,0.672,2.0,0.696,12.2,Rebounding,38,28,10,456.0,184905,35.0,18.4,16.6,4.26,4.48,4.04,SpeedDistance,38,28,10,456.0,864,6,2,4,0.5,0,0,0.0,4,0.667,2,0.333,0,0.0,0,0.0,0,0.0,ElbowTouch,38,28,10,456.0,864,0,0,0,0.0,0,0,0.0,0,0.0,0,0.0,0,0.0,0,0.0,0,0.0,PostTouch,38,28,10,456.0,864,5,2,2,1.0,0,0,0.0,4,0.8,3,0.6,1,0.2,0,0.0,0,0.0,PaintTouch
1631205,Buddy Boeheim,1610612760,OKC,4,2,2,15.0,0,0,0,0.0,0,0,0.0,0,0.0,0,0.0,0,0.0,0,0.0,0,0.0,Drives,4,2,2,15.0,0,0,0,1,1,1.0,Defense,4,2,2,15.0,2,4,0.5,6,2.0,4.0,0.5,0.75,CatchShoot,4,2,2,15.0,6,10,0,1,0,1,2,1,0.0,0.167,Passing,4,2,2,15.0,6,12,10,0.3,1.34,0.59,0.5,0,0,0,0.0,0.0,0.0,Possessions,4,2,2,15.0,0,2,0.0,0,0.0,2.0,0.0,0.0,PullUpShot,,,,,,,,,,,,,,,,,,,,,,,,,,,,,,,,,4,2,2,15.0,6131,1.2,0.6,0.6,4.52,4.56,4.49,SpeedDistance,4,2,2,15.0,12,0,0,0,0.0,0,0,0.0,0,0.0,0,0.0,0,0.0,0,0.0,0,0.0,ElbowTouch,4,2,2,15.0,12,0,0,0,0.0,0,0,0.0,0,0.0,0,0.0,0,0.0,0,0.0,0,0.0,PostTouch,4,2,2,15.0,12,0,0,0,0.0,0,0,0.0,0,0.0,0,0.0,0,0.0,0,0.0,0,0.0,PaintTouch
1631207,Dalen Terry,1610612755,PHI,48,22,26,551.0,129,19,44,0.432,2,6,0.333,42,0.326,70,0.543,16,0.124,7,0.054,3,0.023,Drives,48,22,26,551.0,29,15,60,38,58,0.655,Defense,48,22,26,551.0,20,56,0.357,60,20.0,56.0,0.357,0.536,CatchShoot,48,22,26,551.0,715,657,66,2,10,126,170,78,0.092,0.109,Passing,48,22,26,551.0,176,939,493,40.0,2.56,2.31,0.187,9,0,33,0.778,0.0,0.364,Possessions,48,22,26,551.0,6,16,0.375,16,4.0,10.0,0.4,0.5,PullUpShot,31.0,14.0,17.0,456.0,26.0,15.0,11.0,0.577,56.0,0.464,2.0,0.481,7.1,60.0,15.0,45.0,0.25,110.0,0.545,5.0,0.571,5.5,86.0,30.0,56.0,0.349,164.0,0.524,7.0,0.548,6.0,Rebounding,48,22,26,551.0,240005,45.5,23.9,21.6,4.77,5.17,4.39,SpeedDistance,48,22,26,551.0,939,9,3,3,1.0,0,0,0.0,7,0.778,6,0.667,2,0.333,0,0.0,0,0.0,ElbowTouch,48,22,26,551.0,939,0,0,0,0.0,0,0,0.0,0,0.0,0,0.0,0,0.0,0,0.0,0,0.0,PostTouch,48,22,26,551.0,939,33,6,14,0.429,0,0,0.0,12,0.364,14,0.424,2,0.061,5,0.152,0,0.0,PaintTouch
1631210,Jacob Toppin,1610612737,ATL,5,3,2,17.0,4,1,2,0.5,0,0,0.0,2,0.5,2,0.5,0,0.0,0,0.0,0,0.0,Drives,5,3,2,17.0,0,1,1,0,1,0.0,Defense,5,3,2,17.0,0,0,,0,,,,,CatchShoot,5,3,2,17.0,28,22,1,0,0,3,3,1,0.036,0.036,Passing,5,3,2,17.0,8,35,19,1.2,2.01,1.09,0.229,1,0,3,0.0,0.0,2.0,Possessions,5,3,2,17.0,1,2,0.5,2,,,,0.5,PullUpShot,1.0,1.0,0.0,3.0,0.0,1.0,0.0,0.0,1.0,0.0,0.0,0.0,3.5,1.0,0.0,1.0,0.0,1.0,1.0,0.0,1.0,2.6,1.0,1.0,1.0,1.0,2.0,0.5,0.0,0.5,3.1,Rebounding,5,3,2,17.0,6542,1.2,0.7,0.5,4.28,4.87,3.65,SpeedDistance,5,3,2,17.0,35,1,0,0,0.0,0,0,0.0,0,0.0,1,1.0,0,0.0,0,0.0,0,0.0,ElbowTouch,5,3,2,17.0,35,0,0,0,0.0,0,0,0.0,0,0.0,0,0.0,0,0.0,0,0.0,0,0.0,PostTouch,5,3,2,17.0,35,3,3,3,1.0,0,0,0.0,6,2.0,0,0.0,0,0.0,0,0.0,0,0.0,PaintTouch
1631211,Trevor Keels,1610612748,MIA,8,6,2,15.0,1,0,1,0.0,0,0,0.0,0,0.0,0,0.0,0,0.0,0,0.0,0,0.0,Drives,8,6,2,15.0,1,0,2,0,0,0.0,Defense,8,6,2,15.0,1,7,0.143,3,1.0,6.0,0.167,0.214,CatchShoot,8,6,2,15.0,15,23,0,0,0,1,0,0,0.0,0.0,Passing,8,6,2,15.0,8,28,21,0.8,1.66,0.96,0.286,0,0,0,0.0,0.0,0.0,Possessions,8,6,2,15.0,1,3,0.333,3,1.0,3.0,0.333,0.5,PullUpShot,2.0,2.0,0.0,3.0,0.0,0.0,0.0,0.0,0.0,0.0,0.0,0.0,0.0,2.0,0.0,2.0,0.0,2.0,1.0,0.0,1.0,5.4,2.0,0.0,2.0,0.0,2.0,1.0,0.0,1.0,5.4,Rebounding,8,6,2,15.0,6773,1.3,0.7,0.6,4.69,5.18,4.22,SpeedDistance,8,6,2,15.0,28,0,0,0,0.0,0,0,0.0,0,0.0,0,0.0,0,0.0,0,0.0,0,0.0,ElbowTouch,8,6,2,15.0,28,0,0,0,0.0,0,0,0.0,0,0.0,0,0.0,0,0.0,0,0.0,0,0.0,PostTouch,8,6,2,15.0,28,0,0,0,0.0,0,0,0.0,0,0.0,0,0.0,0,0.0,0,0.0,0,0.0,PaintTouch
1631212,Peyton Watson,1610612743,DEN,54,36,18,1598.0,300,62,143,0.434,35,49,0.714,164,0.547,104,0.347,26,0.087,22,0.073,25,0.083,Drives,54,36,18,1598.0,50,61,215,119,189,0.63,Defense,54,36,18,1598.0,79,171,0.462,231,73.0,156.0,0.468,0.675,CatchShoot,54,36,18,1598.0,1938,1756,111,14,11,208,310,136,0.057,0.07,Passing,54,36,18,1598.0,789,2777,1184,156.5,3.38,2.18,0.284,96,1,156,0.719,0.0,0.763,Possessions,54,36,18,1598.0,47,133,0.353,102,8.0,39.0,0.205,0.383,PullUpShot,53.0,35.0,18.0,1592.0,49.0,20.0,29.0,0.408,128.0,0.383,9.0,0.412,8.1,215.0,47.0,168.0,0.219,363.0,0.592,39.0,0.664,6.0,264.0,67.0,197.0,0.254,467.0,0.565,48.0,0.63,6.4,Rebounding,54,36,18,1598.0,624048,118.2,62.4,55.8,4.32,4.47,4.16,SpeedDistance,54,36,18,1598.0,2777,96,30,48,0.625,9,14,0.643,69,0.719,30,0.313,8,0.267,8,0.083,6,0.063,ElbowTouch,54,36,18,1598.0,2777,1,0,0,0.0,0,0,0.0,0,0.0,1,1.0,1,1.0,0,0.0,0,0.0,PostTouch,54,36,18,1598.0,2777,156,48,91,0.527,20,28,0.714,119,0.763,41,0.263,8,0.051,7,0.045,14,0.09,PaintTouch
1631213,Tyrese Martin,1610612755,PHI,46,12,34,777.0,171,24,61,0.393,9,12,0.75,57,0.333,88,0.515,18,0.105,9,0.053,6,0.035,Drives,46,12,34,777.0,25,6,82,46,64,0.719,Defense,46,12,34,777.0,45,135,0.333,135,45.0,135.0,0.333,0.5,CatchShoot,46,12,34,777.0,1149,1090,78,3,10,168,200,91,0.068,0.079,Passing,46,12,34,777.0,290,1509,683,92.6,3.68,2.88,0.192,15,0,36,1.0,0.0,0.639,Possessions,46,12,34,777.0,15,47,0.319,38,8.0,30.0,0.267,0.404,PullUpShot,42.0,10.0,32.0,751.0,34.0,13.0,21.0,0.382,64.0,0.531,3.0,0.557,12.1,82.0,19.0,63.0,0.232,146.0,0.562,15.0,0.626,8.1,116.0,32.0,84.0,0.276,201.0,0.577,18.0,0.634,9.3,Rebounding,46,12,34,777.0,314243,59.5,32.2,27.3,4.6,4.92,4.28,SpeedDistance,46,12,34,777.0,1509,15,7,9,0.778,0,0,0.0,15,1.0,5,0.333,0,0.0,1,0.067,0,0.0,ElbowTouch,46,12,34,777.0,1509,0,0,0,0.0,0,0,0.0,0,0.0,0,0.0,0,0.0,0,0.0,0,0.0,PostTouch,46,12,34,777.0,1509,36,10,15,0.667,2,2,1.0,23,0.639,18,0.5,0,0.0,2,0.056,1,0.028,PaintTouch
1631214,Alondes Williams,1610612764,WAS,4,2,2,101.0,8,2,2,1.0,1,2,0.5,6,0.75,5,0.625,3,0.375,0,0.0,1,0.125,Drives,4,2,2,101.0,3,3,20,6,8,0.75,Defense,4,2,2,101.0,5,12,0.417,15,5.0,12.0,0.417,0.625,CatchShoot,4,2,2,101.0,76,67,12,0,3,15,28,15,0.158,0.197,Passing,4,2,2,101.0,44,116,61,3.8,1.97,1.33,0.379,0,1,9,0.0,0.0,1.333,Possessions,4,2,2,101.0,0,3,0.0,0,0.0,2.0,0.0,0.0,PullUpShot,4.0,2.0,2.0,101.0,5.0,2.0,3.0,0.4,5.0,1.0,0.0,1.0,11.0,20.0,7.0,13.0,0.35,32.0,0.625,3.0,0.69,7.7,25.0,9.0,16.0,0.36,37.0,0.676,3.0,0.735,8.4,Rebounding,4,2,2,101.0,41006,7.8,3.9,3.8,4.34,4.52,4.06,SpeedDistance,4,2,2,101.0,116,0,0,0,0.0,0,0,0.0,0,0.0,0,0.0,0,0.0,0,0.0,0,0.0,ElbowTouch,4,2,2,101.0,116,1,0,0,0.0,0,0,0.0,0,0.0,1,1.0,1,1.0,0,0.0,0,0.0,PostTouch,4,2,2,101.0,116,9,5,5,1.0,2,2,1.0,12,1.333,2,0.222,0,0.0,1,0.111,1,0.111,PaintTouch
1631216,Caleb Houstan,1610612737,ATL,18,12,6,75.0,4,0,1,0.0,0,0,0.0,0,0.0,2,0.5,0,0.0,0,0.0,0,0.0,Drives,18,12,6,75.0,2,1,6,1,2,0.5,Defense,18,12,6,75.0,12,20,0.6,35,11.0,19.0,0.579,0.875,CatchShoot,18,12,6,75.0,59,66,4,1,1,15,10,6,0.068,0.102,Passing,18,12,6,75.0,42,94,74,2.4,1.55,0.52,0.447,2,0,5,1.0,0.0,0.4,Possessions,18,12,6,75.0,0,2,0.0,0,0.0,2.0,0.0,0.0,PullUpShot,8.0,6.0,2.0,48.0,5.0,4.0,1.0,0.8,10.0,0.5,0.0,0.5,11.1,6.0,1.0,5.0,0.167,8.0,0.75,0.0,0.75,13.4,11.0,5.0,6.0,0.455,16.0,0.688,0.0,0.688,12.3,Rebounding,18,12,6,75.0,30156,5.7,3.2,2.5,4.37,4.72,3.99,SpeedDistance,18,12,6,75.0,94,2,1,2,0.5,0,0,0.0,2,1.0,0,0.0,0,0.0,0,0.0,0,0.0,ElbowTouch,18,12,6,75.0,94,0,0,0,0.0,0,0,0.0,0,0.0,0,0.0,0,0.0,0,0.0,0,0.0,PostTouch,18,12,6,75.0,94,5,1,2,0.5,0,0,0.0,2,0.4,3,0.6,0,0.0,0,0.0,0,0.0,PaintTouch
1631217,Moussa Diabaté,1610612766,CHA,73,40,33,1899.0,56,15,32,0.469,12,16,0.75,42,0.75,11,0.196,1,0.018,3,0.054,8,0.143,Drives,73,40,33,1899.0,56,72,362,272,430,0.633,Defense,73,40,33,1899.0,8,10,0.8,17,1.0,1.0,1.0,0.85,CatchShoot,73,40,33,1899.0,2090,1334,141,11,22,218,389,175,0.067,0.084,Passing,73,40,33,1899.0,575,2656,1518,79.2,1.79,0.52,0.216,199,16,594,0.427,0.313,0.653,Possessions,73,40,33,1899.0,1,7,0.143,2,0.0,1.0,0.0,0.143,PullUpShot,73.0,40.0,33.0,1899.0,273.0,198.0,75.0,0.725,795.0,0.343,34.0,0.359,4.2,362.0,99.0,263.0,0.273,697.0,0.519,119.0,0.626,4.6,635.0,297.0,338.0,0.468,1472.0,0.431,153.0,0.481,4.4,Rebounding,73,40,33,1899.0,774536,146.7,78.6,68.1,4.45,4.67,4.23,SpeedDistance,73,40,33,1899.0,2656,199,34,70,0.486,16,23,0.696,85,0.427,100,0.503,15,0.15,9,0.045,11,0.055,ElbowTouch,73,40,33,1899.0,2656,16,2,4,0.5,1,2,0.5,5,0.313,4,0.25,0,0.0,4,0.25,1,0.063,PostTouch,73,40,33,1899.0,2656,594,164,255,0.643,50,75,0.667,388,0.653,234,0.394,47,0.079,33,0.056,38,0.064,PaintTouch
1631218,Trayce Jackson-Davis,1610612761,TOR,53,29,24,496.0,11,1,2,0.5,3,4,0.75,5,0.455,7,0.636,2,0.182,0,0.0,2,0.182,Drives,53,29,24,496.0,17,24,79,71,126,0.563,Defense,53,29,24,496.0,1,1,1.0,3,1.0,1.0,1.0,1.5,CatchShoot,53,29,24,496.0,625,513,39,4,3,89,106,46,0.062,0.074,Passing,53,29,24,496.0,181,836,533,23.5,1.68,0.66,0.217,50,17,158,0.54,0.353,0.81,Possessions,53,29,24,496.0,0,0,,0,0.0,0.0,,,PullUpShot,38.0,21.0,17.0,431.0,66.0,43.0,23.0,0.652,141.0,0.468,3.0,0.478,4.3,79.0,25.0,53.0,0.316,145.0,0.545,31.0,0.693,4.9,145.0,68.0,76.0,0.469,277.0,0.523,34.0,0.597,4.6,Rebounding,53,29,24,496.0,198141,37.5,20.4,17.2,4.42,4.53,4.31,SpeedDistance,53,29,24,496.0,836,50,10,18,0.556,7,16,0.438,27,0.54,21,0.42,3,0.143,1,0.02,8,0.16,ElbowTouch,53,29,24,496.0,836,17,2,3,0.667,2,2,1.0,6,0.353,10,0.588,2,0.118,1,0.059,1,0.059,PostTouch,53,29,24,496.0,836,158,52,87,0.598,22,42,0.524,128,0.81,36,0.228,3,0.019,10,0.063,20,0.127,PaintTouch
1631221,Collin Gillespie,1610612756,PHX,80,43,37,2282.0,483,71,158,0.449,24,28,0.857,174,0.36,270,0.559,70,0.145,29,0.06,14,0.029,Drives,80,43,37,2282.0,99,16,238,135,189,0.714,Defense,80,43,37,2282.0,135,293,0.461,401,131.0,286.0,0.458,0.684,CatchShoot,80,43,37,2282.0,3669,3780,371,27,77,635,950,473,0.101,0.129,Passing,80,43,37,2282.0,1012,4813,2147,306.1,3.82,3.62,0.21,40,0,78,0.275,0.0,0.244,Possessions,80,43,37,2282.0,164,429,0.382,426,98.0,282.0,0.348,0.497,PullUpShot,78.0,43.0,35.0,2228.0,88.0,34.0,54.0,0.386,196.0,0.449,3.0,0.456,11.2,237.0,42.0,193.0,0.177,429.0,0.552,46.0,0.619,8.3,325.0,76.0,247.0,0.234,620.0,0.524,49.0,0.569,9.1,Rebounding,80,43,37,2282.0,956663,181.2,97.5,83.7,4.61,4.92,4.3,SpeedDistance,80,43,37,2282.0,4813,40,4,5,0.8,1,2,0.5,11,0.275,32,0.8,10,0.313,1,0.025,1,0.025,ElbowTouch,80,43,37,2282.0,4813,0,0,0,0.0,0,0,0.0,0,0.0,0,0.0,0,0.0,0,0.0,0,0.0,PostTouch,80,43,37,2282.0,4813,78,9,15,0.6,0,0,0.0,19,0.244,52,0.667,19,0.244,6,0.077,0,0.0,PaintTouch
1631222,Jake LaRavia,1610612747,LAL,82,53,29,2061.0,241,40,98,0.408,34,48,0.708,119,0.494,92,0.382,23,0.095,23,0.095,25,0.104,Drives,82,53,29,2061.0,104,38,210,188,254,0.74,Defense,82,53,29,2061.0,67,209,0.321,201,67.0,208.0,0.322,0.481,CatchShoot,82,53,29,2061.0,2279,1690,145,13,18,218,372,175,0.064,0.077,Passing,82,53,29,2061.0,674,3034,1590,109.5,2.17,1.31,0.222,46,4,197,0.978,0.5,0.878,Possessions,82,53,29,2061.0,20,60,0.333,51,11.0,34.0,0.324,0.425,PullUpShot,77.0,51.0,26.0,1965.0,116.0,69.0,46.0,0.595,245.0,0.473,7.0,0.487,6.4,210.0,60.0,149.0,0.286,384.0,0.547,37.0,0.605,7.8,326.0,129.0,195.0,0.396,621.0,0.525,44.0,0.565,7.3,Rebounding,82,53,29,2061.0,845218,160.1,86.1,74.0,4.47,4.73,4.2,SpeedDistance,82,53,29,2061.0,3034,46,20,28,0.714,3,6,0.5,45,0.978,12,0.261,1,0.083,1,0.022,3,0.065,ElbowTouch,82,53,29,2061.0,3034,4,1,3,0.333,0,0,0.0,2,0.5,1,0.25,1,0.25,0,0.0,0,0.0,PostTouch,82,53,29,2061.0,3034,197,72,101,0.713,24,30,0.8,173,0.878,61,0.31,12,0.061,12,0.061,14,0.071,PaintTouch
1631223,David Roddy,1610612743,DEN,5,4,1,73.0,15,4,6,0.667,2,2,1.0,10,0.667,7,0.467,2,0.133,1,0.067,1,0.067,Drives,5,4,1,73.0,4,1,12,6,12,0.5,Defense,5,4,1,73.0,1,6,0.167,3,1.0,6.0,0.167,0.25,CatchShoot,5,4,1,73.0,78,63,4,2,0,9,14,6,0.051,0.077,Passing,5,4,1,73.0,40,116,60,4.4,2.26,1.36,0.345,3,0,12,0.667,0.0,1.083,Possessions,5,4,1,73.0,3,6,0.5,8,2.0,5.0,0.4,0.667,PullUpShot,4.0,4.0,0.0,67.0,8.0,5.0,3.0,0.625,13.0,0.615,1.0,0.667,6.1,12.0,4.0,8.0,0.333,19.0,0.632,3.0,0.75,5.1,20.0,9.0,11.0,0.45,31.0,0.645,4.0,0.741,5.5,Rebounding,5,4,1,73.0,30541,5.8,3.3,2.5,4.43,4.59,4.24,SpeedDistance,5,4,1,73.0,116,3,1,3,0.333,0,0,0.0,2,0.667,0,0.0,0,0.0,0,0.0,0,0.0,ElbowTouch,5,4,1,73.0,116,0,0,0,0.0,0,0,0.0,0,0.0,0,0.0,0,0.0,0,0.0,0,0.0,PostTouch,5,4,1,73.0,116,12,5,10,0.5,2,2,1.0,13,1.083,0,0.0,0,0.0,0,0.0,1,0.083,PaintTouch
1631230,Dominick Barlow,1610612755,PHI,71,40,31,1689.0,149,32,74,0.432,25,38,0.658,92,0.617,40,0.268,9,0.06,12,0.081,19,0.128,Drives,71,40,31,1689.0,63,53,207,153,252,0.607,Defense,71,40,31,1689.0,26,96,0.271,73,21.0,81.0,0.259,0.38,CatchShoot,71,40,31,1689.0,1425,1143,87,6,18,130,231,111,0.061,0.078,Passing,71,40,31,1689.0,545,1961,1101,49.8,1.53,0.77,0.278,57,2,233,0.561,1.0,0.953,Possessions,71,40,31,1689.0,2,19,0.105,4,0.0,0.0,,0.105,PullUpShot,70.0,40.0,30.0,1676.0,133.0,75.0,58.0,0.564,245.0,0.543,5.0,0.554,6.4,207.0,56.0,151.0,0.271,380.0,0.545,31.0,0.593,6.1,340.0,131.0,209.0,0.385,616.0,0.552,36.0,0.586,6.2,Rebounding,71,40,31,1689.0,706923,133.9,70.3,63.6,4.6,4.8,4.4,SpeedDistance,71,40,31,1689.0,1961,57,12,22,0.545,8,12,0.667,32,0.561,28,0.491,5,0.179,1,0.018,6,0.105,ElbowTouch,71,40,31,1689.0,1961,2,1,1,1.0,0,0,0.0,2,1.0,1,0.5,0,0.0,0,0.0,0,0.0,PostTouch,71,40,31,1689.0,1961,233,96,135,0.711,25,28,0.893,222,0.953,65,0.279,21,0.09,13,0.056,16,0.069,PaintTouch
1631243,Mouhamed Gueye,1610612737,ATL,77,44,33,1179.0,48,6,17,0.353,0,0,0.0,13,0.271,29,0.604,13,0.271,1,0.021,1,0.021,Drives,77,44,33,1179.0,61,39,186,97,159,0.61,Defense,77,44,33,1179.0,42,140,0.3,123,39.0,127.0,0.307,0.439,CatchShoot,77,44,33,1179.0,1062,745,69,5,5,135,190,79,0.065,0.074,Passing,77,44,33,1179.0,342,1448,777,37.6,1.56,0.69,0.236,51,10,188,0.451,0.2,0.761,Possessions,77,44,33,1179.0,4,15,0.267,9,1.0,3.0,0.333,0.3,PullUpShot,69.0,41.0,28.0,1130.0,89.0,64.0,25.0,0.719,215.0,0.414,6.0,0.426,6.2,186.0,60.0,126.0,0.323,324.0,0.574,30.0,0.633,4.8,275.0,124.0,151.0,0.451,515.0,0.534,36.0,0.574,5.3,Rebounding,77,44,33,1179.0,485830,92.0,47.0,45.1,4.54,4.78,4.33,SpeedDistance,77,44,33,1179.0,1448,51,8,17,0.471,6,6,1.0,23,0.451,27,0.529,5,0.185,4,0.078,3,0.059,ElbowTouch,77,44,33,1179.0,1448,10,1,3,0.333,0,2,0.0,2,0.2,6,0.6,1,0.1,0,0.0,1,0.1,PostTouch,77,44,33,1179.0,1448,188,61,102,0.598,17,24,0.708,143,0.761,56,0.298,7,0.037,15,0.08,11,0.059,PaintTouch
1631245,Quenton Jackson,1610612754,IND,49,10,39,897.0,271,47,101,0.465,48,54,0.889,146,0.539,117,0.432,27,0.1,17,0.063,27,0.1,Drives,49,10,39,897.0,31,6,86,54,75,0.72,Defense,49,10,39,897.0,33,82,0.402,98,32.0,79.0,0.405,0.598,CatchShoot,49,10,39,897.0,1489,1592,140,11,23,252,374,175,0.094,0.118,Passing,49,10,39,897.0,448,1990,894,111.3,3.36,2.75,0.225,14,1,30,1.071,0.0,1.0,Possessions,49,10,39,897.0,19,65,0.292,48,10.0,37.0,0.27,0.369,PullUpShot,38.0,8.0,30.0,766.0,28.0,8.0,20.0,0.286,72.0,0.389,3.0,0.406,13.7,86.0,12.0,74.0,0.14,159.0,0.541,18.0,0.61,8.5,114.0,20.0,94.0,0.175,230.0,0.496,21.0,0.545,9.8,Rebounding,49,10,39,897.0,391158,74.1,39.2,34.9,4.67,5.13,4.24,SpeedDistance,49,10,39,897.0,1990,14,6,6,1.0,3,4,0.75,15,1.071,6,0.429,0,0.0,0,0.0,2,0.143,ElbowTouch,49,10,39,897.0,1990,1,0,0,0.0,0,0,0.0,0,0.0,1,1.0,0,0.0,0,0.0,0,0.0,PostTouch,49,10,39,897.0,1990,30,14,19,0.737,2,2,1.0,30,1.0,8,0.267,0,0.0,0,0.0,1,0.033,PaintTouch
1631246,Vince Williams Jr.,1610612762,UTA,40,16,24,819.0,190,26,72,0.361,6,10,0.6,63,0.332,89,0.468,25,0.132,19,0.1,7,0.037,Drives,40,16,24,819.0,29,16,116,51,77,0.662,Defense,40,16,24,819.0,44,118,0.373,131,43.0,117.0,0.368,0.555,CatchShoot,40,16,24,819.0,1521,1564,166,14,25,282,438,205,0.109,0.135,Passing,40,16,24,819.0,300,1976,901,117.5,3.57,2.76,0.152,18,4,44,0.444,0.0,0.636,Possessions,40,16,24,819.0,27,93,0.29,65,11.0,53.0,0.208,0.349,PullUpShot,38.0,16.0,22.0,792.0,39.0,15.0,24.0,0.385,82.0,0.476,4.0,0.5,11.4,116.0,26.0,90.0,0.224,198.0,0.586,17.0,0.641,7.9,155.0,41.0,114.0,0.265,279.0,0.556,21.0,0.601,8.8,Rebounding,40,16,24,819.0,329574,62.4,33.1,29.3,4.56,4.93,4.21,SpeedDistance,40,16,24,819.0,1976,18,4,9,0.444,0,0,0.0,8,0.444,8,0.444,3,0.375,1,0.056,0,0.0,ElbowTouch,40,16,24,819.0,1976,4,0,0,0.0,0,0,0.0,0,0.0,3,0.75,2,0.5,0,0.0,0,0.0,PostTouch,40,16,24,819.0,1976,44,11,16,0.688,6,6,1.0,28,0.636,22,0.5,3,0.068,1,0.023,3,0.068,PaintTouch
1631247,Luke Travers,1610612739,CLE,12,6,6,103.0,18,4,13,0.308,0,0,0.0,9,0.5,5,0.278,2,0.111,0,0.0,0,0.0,Drives,12,6,6,103.0,7,4,15,6,9,0.667,Defense,12,6,6,103.0,1,16,0.063,3,1.0,16.0,0.063,0.094,CatchShoot,12,6,6,103.0,115,85,9,0,2,13,21,11,0.078,0.096,Passing,12,6,6,103.0,28,158,83,4.6,1.74,1.13,0.177,5,0,11,0.8,0.0,0.545,Possessions,12,6,6,103.0,0,1,0.0,0,0.0,0.0,,0.0,PullUpShot,9.0,5.0,4.0,91.0,9.0,2.0,7.0,0.222,18.0,0.5,0.0,0.5,9.3,15.0,5.0,10.0,0.333,21.0,0.714,0.0,0.714,4.9,24.0,7.0,17.0,0.292,37.0,0.649,0.0,0.649,6.5,Rebounding,12,6,6,103.0,42399,8.0,4.3,3.8,4.81,5.18,4.55,SpeedDistance,12,6,6,103.0,158,5,0,0,0.0,4,4,1.0,4,0.8,3,0.6,0,0.0,0,0.0,2,0.4,ElbowTouch,12,6,6,103.0,158,0,0,0,0.0,0,0,0.0,0,0.0,0,0.0,0,0.0,0,0.0,0,0.0,PostTouch,12,6,6,103.0,158,11,2,4,0.5,2,2,1.0,6,0.545,6,0.545,0,0.0,0,0.0,1,0.091,PaintTouch
1631248,Baylor Scheierman,1610612738,BOS,77,54,23,1429.0,164,28,54,0.519,13,14,0.929,70,0.427,88,0.537,19,0.116,12,0.073,7,0.043,Drives,77,54,23,1429.0,42,6,212,66,107,0.617,Defense,77,54,23,1429.0,77,194,0.397,228,74.0,191.0,0.387,0.588,CatchShoot,77,54,23,1429.0,1219,954,116,13,19,212,325,148,0.095,0.121,Passing,77,54,23,1429.0,427,1655,976,64.3,2.33,1.45,0.258,22,0,37,0.5,0.0,0.432,Possessions,77,54,23,1429.0,41,91,0.451,105,23.0,52.0,0.442,0.577,PullUpShot,68.0,49.0,19.0,1364.0,57.0,19.0,38.0,0.333,147.0,0.388,6.0,0.404,12.1,212.0,54.0,158.0,0.255,332.0,0.639,30.0,0.702,7.1,269.0,73.0,196.0,0.271,460.0,0.585,36.0,0.634,8.2,Rebounding,77,54,23,1429.0,557396,105.6,56.2,49.4,4.21,4.23,4.19,SpeedDistance,77,54,23,1429.0,1655,22,5,5,1.0,0,0,0.0,11,0.5,16,0.727,3,0.188,1,0.045,0,0.0,ElbowTouch,77,54,23,1429.0,1655,0,0,0,0.0,0,0,0.0,0,0.0,0,0.0,0,0.0,0,0.0,0,0.0,PostTouch,77,54,23,1429.0,1655,37,8,10,0.8,0,0,0.0,16,0.432,23,0.622,4,0.108,2,0.054,0,0.0,PaintTouch
1631250,Pete Nance,1610612749,MIL,47,14,33,737.0,28,4,8,0.5,0,0,0.0,8,0.286,13,0.464,1,0.036,6,0.214,0,0.0,Drives,47,14,33,737.0,14,14,98,58,96,0.604,Defense,47,14,33,737.0,48,111,0.432,144,48.0,111.0,0.432,0.649,CatchShoot,47,14,33,737.0,886,744,48,3,3,93,127,54,0.054,0.061,Passing,47,14,33,737.0,254,1132,686,34.0,1.8,0.74,0.224,25,10,81,0.24,0.5,0.827,Possessions,47,14,33,737.0,2,12,0.167,6,2.0,8.0,0.25,0.25,PullUpShot,35.0,11.0,24.0,685.0,27.0,12.0,15.0,0.444,73.0,0.37,2.0,0.38,7.7,98.0,21.0,77.0,0.214,168.0,0.583,17.0,0.649,6.0,125.0,33.0,92.0,0.264,227.0,0.551,19.0,0.601,6.3,Rebounding,47,14,33,737.0,292624,55.4,29.9,25.5,4.22,4.56,3.89,SpeedDistance,47,14,33,737.0,1132,25,3,7,0.429,0,0,0.0,6,0.24,18,0.72,3,0.167,0,0.0,0,0.0,ElbowTouch,47,14,33,737.0,1132,10,2,6,0.333,1,2,0.5,5,0.5,3,0.3,1,0.1,0,0.0,1,0.1,PostTouch,47,14,33,737.0,1132,81,33,47,0.702,1,2,0.5,67,0.827,27,0.333,8,0.099,5,0.062,1,0.012,PaintTouch
1631255,Karlo Matković,1610612740,NOP,62,24,38,912.0,30,3,10,0.3,2,4,0.5,8,0.267,15,0.5,1,0.033,2,0.067,2,0.067,Drives,62,24,38,912.0,25,54,157,125,201,0.622,Defense,62,24,38,912.0,39,92,0.424,115,37.0,88.0,0.42,0.625,CatchShoot,62,24,38,912.0,729,584,50,1,7,84,129,58,0.069,0.08,Passing,62,24,38,912.0,352,1031,602,23.4,1.36,0.46,0.341,38,5,157,0.395,0.4,1.076,Possessions,62,24,38,912.0,1,3,0.333,3,1.0,2.0,0.5,0.5,PullUpShot,57.0,24.0,33.0,866.0,72.0,50.0,22.0,0.694,132.0,0.545,7.0,0.576,6.6,157.0,56.0,101.0,0.357,272.0,0.577,30.0,0.649,5.7,229.0,106.0,123.0,0.463,397.0,0.577,37.0,0.636,5.9,Rebounding,62,24,38,912.0,370197,70.1,36.3,33.8,4.38,4.62,4.15,SpeedDistance,62,24,38,912.0,1031,38,6,9,0.667,3,4,0.75,15,0.395,26,0.684,5,0.192,1,0.026,2,0.053,ElbowTouch,62,24,38,912.0,1031,5,1,4,0.25,0,0,0.0,2,0.4,1,0.2,0,0.0,0,0.0,0,0.0,PostTouch,62,24,38,912.0,1031,157,78,96,0.813,13,16,0.813,169,1.076,39,0.248,8,0.051,11,0.07,6,0.038,PaintTouch
1631260,AJ Green,1610612749,MIL,78,31,47,2270.0,133,7,17,0.412,2,2,1.0,16,0.12,95,0.714,16,0.12,12,0.09,1,0.008,Drives,78,31,47,2270.0,39,8,184,139,181,0.768,Defense,78,31,47,2270.0,172,417,0.412,515,171.0,413.0,0.414,0.618,CatchShoot,78,31,47,2270.0,2685,2195,152,14,29,270,414,196,0.057,0.073,Passing,78,31,47,2270.0,809,3471,1888,111.2,1.92,1.09,0.233,24,0,30,0.083,0.0,0.4,Possessions,78,31,47,2270.0,74,174,0.425,207,59.0,139.0,0.424,0.595,PullUpShot,71.0,29.0,42.0,2108.0,29.0,9.0,20.0,0.31,71.0,0.408,2.0,0.42,16.0,184.0,35.0,149.0,0.19,331.0,0.556,27.0,0.605,8.4,213.0,44.0,169.0,0.207,393.0,0.542,29.0,0.585,9.4,Rebounding,78,31,47,2270.0,912284,172.8,94.9,77.8,4.45,4.81,4.07,SpeedDistance,78,31,47,2270.0,3471,24,1,5,0.2,0,0,0.0,2,0.083,18,0.75,5,0.278,0,0.0,0,0.0,ElbowTouch,78,31,47,2270.0,3471,0,0,0,0.0,0,0,0.0,0,0.0,0,0.0,0,0.0,0,0.0,0,0.0,PostTouch,78,31,47,2270.0,3471,30,6,12,0.5,0,0,0.0,12,0.4,17,0.567,6,0.2,0,0.0,0,0.0,PaintTouch
1631288,Jamal Cain,1610612753,ORL,40,22,18,486.0,61,14,27,0.519,10,14,0.714,38,0.623,20,0.328,6,0.098,7,0.115,7,0.115,Drives,40,22,18,486.0,11,4,50,37,54,0.685,Defense,40,22,18,486.0,24,65,0.369,70,22.0,62.0,0.355,0.538,CatchShoot,40,22,18,486.0,367,362,29,2,3,41,78,34,0.079,0.093,Passing,40,22,18,486.0,215,571,349,20.5,2.15,1.2,0.377,11,0,50,0.364,0.0,1.02,Possessions,40,22,18,486.0,13,24,0.542,32,6.0,11.0,0.545,0.667,PullUpShot,26.0,12.0,14.0,421.0,28.0,20.0,8.0,0.714,77.0,0.364,3.0,0.378,6.6,50.0,9.0,41.0,0.18,85.0,0.588,11.0,0.676,6.0,78.0,29.0,49.0,0.372,154.0,0.506,14.0,0.557,6.2,Rebounding,40,22,18,486.0,200797,38.0,19.1,18.9,4.36,4.41,4.31,SpeedDistance,40,22,18,486.0,571,11,1,4,0.25,2,2,1.0,4,0.364,5,0.455,1,0.2,0,0.0,1,0.091,ElbowTouch,40,22,18,486.0,571,0,0,0,0.0,0,0,0.0,0,0.0,0,0.0,0,0.0,0,0.0,0,0.0,PostTouch,40,22,18,486.0,571,50,17,25,0.68,16,18,0.889,51,1.02,12,0.24,2,0.04,3,0.06,8,0.16,PaintTouch
1631321,Sidy Cissoko,1610612757,POR,75,39,36,1435.0,182,24,52,0.462,12,20,0.6,61,0.335,91,0.5,15,0.082,20,0.11,10,0.055,Drives,75,39,36,1435.0,52,25,104,75,122,0.615,Defense,75,39,36,1435.0,52,180,0.289,156,52.0,179.0,0.291,0.433,CatchShoot,75,39,36,1435.0,1275,1146,110,9,9,201,294,128,0.086,0.1,Passing,75,39,36,1435.0,383,1769,1032,65.0,2.2,1.35,0.217,33,0,70,0.576,0.0,0.543,Possessions,75,39,36,1435.0,9,28,0.321,25,7.0,17.0,0.412,0.446,PullUpShot,61.0,30.0,31.0,1257.0,62.0,29.0,33.0,0.468,133.0,0.466,5.0,0.484,11.7,104.0,23.0,81.0,0.221,193.0,0.539,16.0,0.588,9.1,166.0,52.0,114.0,0.313,316.0,0.525,21.0,0.563,10.1,Rebounding,75,39,36,1435.0,555782,105.3,55.1,50.2,4.22,4.42,4.02,SpeedDistance,75,39,36,1435.0,1769,33,8,10,0.8,1,4,0.25,19,0.576,20,0.606,5,0.25,0,0.0,2,0.061,ElbowTouch,75,39,36,1435.0,1769,0,0,0,0.0,0,0,0.0,0,0.0,0,0.0,0,0.0,0,0.0,0,0.0,PostTouch,75,39,36,1435.0,1769,70,16,20,0.8,5,8,0.625,38,0.543,40,0.571,15,0.214,3,0.043,4,0.057,PaintTouch
1631323,Simone Fontecchio,1610612748,MIA,70,36,34,1173.0,165,19,51,0.373,8,10,0.8,46,0.279,89,0.539,24,0.145,14,0.085,5,0.03,Drives,70,36,34,1173.0,37,9,155,83,123,0.675,Defense,70,36,34,1172.0,103,281,0.367,308,102.0,278.0,0.367,0.548,CatchShoot,70,36,34,1173.0,1165,1178,101,10,23,161,265,133,0.087,0.114,Passing,70,36,34,1173.0,597,1768,1128,50.6,1.72,1.03,0.338,36,0,67,0.694,0.0,0.836,Possessions,70,36,34,1172.0,25,58,0.431,71,21.0,50.0,0.42,0.612,PullUpShot,63.0,30.0,33.0,1127.0,56.0,31.0,25.0,0.554,129.0,0.434,8.0,0.463,8.3,155.0,36.0,119.0,0.232,261.0,0.594,29.0,0.668,7.3,211.0,67.0,144.0,0.318,383.0,0.551,37.0,0.61,7.6,Rebounding,70,36,34,1173.0,500423,94.8,51.4,43.4,4.75,5.51,4.09,SpeedDistance,70,36,34,1173.0,1768,36,11,18,0.611,2,2,1.0,25,0.694,16,0.444,0,0.0,0,0.0,1,0.028,ElbowTouch,70,36,34,1173.0,1768,0,0,0,0.0,0,0,0.0,0,0.0,0,0.0,0,0.0,0,0.0,0,0.0,PostTouch,70,36,34,1173.0,1768,67,23,34,0.676,9,12,0.75,56,0.836,18,0.269,2,0.03,3,0.045,6,0.09,PaintTouch
1631338,Mouhamadou Gueye,1610612741,CHI,2,0,2,45.0,2,1,1,1.0,0,0,0.0,2,1.0,1,0.5,0,0.0,0,0.0,0,0.0,Drives,2,0,2,45.0,2,1,4,4,8,0.5,Defense,2,0,2,45.0,1,5,0.2,3,1.0,5.0,0.2,0.3,CatchShoot,2,0,2,45.0,39,33,6,0,0,6,15,6,0.154,0.154,Passing,2,0,2,45.0,16,55,32,1.2,1.33,0.71,0.291,3,0,4,1.333,0.0,1.5,Possessions,2,0,2,45.0,0,0,,0,0.0,0.0,,,PullUpShot,2.0,0.0,2.0,45.0,2.0,2.0,0.0,1.0,5.0,0.4,0.0,0.4,3.6,4.0,0.0,4.0,0.0,8.0,0.5,2.0,0.667,7.3,6.0,2.0,4.0,0.333,13.0,0.462,2.0,0.545,6.0,Rebounding,2,0,2,45.0,18982,3.6,1.8,1.8,4.48,4.68,4.3,SpeedDistance,2,0,2,45.0,55,3,2,2,1.0,0,0,0.0,4,1.333,0,0.0,0,0.0,1,0.333,0,0.0,ElbowTouch,2,0,2,45.0,55,0,0,0,0.0,0,0,0.0,0,0.0,0,0.0,0,0.0,0,0.0,0,0.0,PostTouch,2,0,2,45.0,55,4,3,4,0.75,0,0,0.0,6,1.5,0,0.0,0,0.0,0,0.0,0,0.0,PaintTouch
1631342,Daeqwon Plowden,1610612758,SAC,32,9,23,844.0,73,12,29,0.414,8,8,1.0,35,0.479,30,0.411,6,0.082,8,0.11,4,0.055,Drives,32,9,23,844.0,23,7,64,57,85,0.671,Defense,32,9,23,844.0,58,173,0.335,174,58.0,173.0,0.335,0.503,CatchShoot,32,9,23,844.0,758,749,41,1,8,79,103,50,0.054,0.066,Passing,32,9,23,844.0,344,1111,620,35.9,1.94,1.2,0.31,21,0,53,1.238,0.0,1.075,Possessions,32,9,23,844.0,8,18,0.444,20,4.0,13.0,0.308,0.556,PullUpShot,31.0,9.0,22.0,830.0,33.0,14.0,19.0,0.424,66.0,0.5,3.0,0.524,10.2,64.0,22.0,42.0,0.344,125.0,0.512,13.0,0.571,7.0,97.0,36.0,61.0,0.371,190.0,0.511,16.0,0.557,8.1,Rebounding,32,9,23,844.0,357997,67.8,36.7,31.1,4.51,4.82,4.2,SpeedDistance,32,9,23,844.0,1111,21,9,11,0.818,8,8,1.0,26,1.238,5,0.238,0,0.0,0,0.0,4,0.19,ElbowTouch,32,9,23,844.0,1111,0,0,0,0.0,0,0,0.0,0,0.0,0,0.0,0,0.0,0,0.0,0,0.0,PostTouch,32,9,23,844.0,1111,53,25,33,0.758,7,8,0.875,57,1.075,13,0.245,2,0.038,2,0.038,3,0.057,PaintTouch
1631351,Lucas Williamson,1610612763,MEM,7,0,7,224.0,26,1,7,0.143,6,6,1.0,8,0.308,11,0.423,3,0.115,5,0.192,3,0.115,Drives,7,0,7,224.0,11,1,27,14,26,0.538,Defense,7,0,7,224.0,13,44,0.295,39,13.0,43.0,0.302,0.443,CatchShoot,7,0,7,224.0,284,229,18,3,3,31,48,24,0.063,0.085,Passing,7,0,7,224.0,73,378,198,12.4,1.96,1.24,0.193,9,0,12,0.889,0.0,0.917,Possessions,7,0,7,224.0,2,11,0.182,6,2.0,10.0,0.2,0.273,PullUpShot,6.0,0.0,6.0,216.0,11.0,6.0,5.0,0.545,23.0,0.478,0.0,0.478,10.0,27.0,9.0,18.0,0.333,49.0,0.551,5.0,0.614,6.9,38.0,15.0,23.0,0.395,71.0,0.535,5.0,0.576,7.8,Rebounding,7,0,7,224.0,91138,17.3,9.0,8.3,4.35,4.52,4.17,SpeedDistance,7,0,7,224.0,378,9,4,6,0.667,0,0,0.0,8,0.889,2,0.222,1,0.5,1,0.111,0,0.0,ElbowTouch,7,0,7,224.0,378,0,0,0,0.0,0,0,0.0,0,0.0,0,0.0,0,0.0,0,0.0,0,0.0,PostTouch,7,0,7,224.0,378,12,5,8,0.625,0,0,0.0,11,0.917,3,0.25,1,0.083,1,0.083,0,0.0,PaintTouch
1631451,Javonte Cooke,1610612757,POR,19,6,13,94.0,16,0,5,0.0,2,2,1.0,2,0.125,8,0.5,2,0.125,2,0.125,1,0.063,Drives,19,6,13,94.0,6,0,15,7,10,0.7,Defense,19,6,13,94.0,2,17,0.118,6,2.0,17.0,0.118,0.176,CatchShoot,19,6,13,94.0,117,115,7,1,0,13,15,8,0.06,0.068,Passing,19,6,13,94.0,23,175,74,10.6,3.64,2.71,0.131,2,0,6,0.0,0.0,1.333,Possessions,19,6,13,94.0,1,7,0.143,3,1.0,6.0,0.167,0.214,PullUpShot,11.0,3.0,8.0,66.0,4.0,2.0,2.0,0.5,11.0,0.364,0.0,0.364,10.8,15.0,1.0,14.0,0.067,21.0,0.714,2.0,0.789,6.1,19.0,3.0,16.0,0.158,31.0,0.613,2.0,0.655,7.1,Rebounding,19,6,13,94.0,40011,7.6,4.0,3.6,4.64,4.89,4.39,SpeedDistance,19,6,13,94.0,175,2,0,1,0.0,0,0,0.0,0,0.0,0,0.0,0,0.0,1,0.5,0,0.0,ElbowTouch,19,6,13,94.0,175,0,0,0,0.0,0,0,0.0,0,0.0,0,0.0,0,0.0,0,0.0,0,0.0,PostTouch,19,6,13,94.0,175,6,4,5,0.8,0,0,0.0,8,1.333,0,0.0,0,0.0,0,0.0,0,0.0,PaintTouch
1631457,Alex Morales,1610612753,ORL,4,3,1,24.0,7,1,4,0.25,2,2,1.0,4,0.571,1,0.143,1,0.143,1,0.143,1,0.143,Drives,4,3,1,24.0,0,0,2,1,1,1.0,Defense,4,3,1,24.0,0,1,0.0,0,0.0,1.0,0.0,0.0,CatchShoot,4,3,1,24.0,25,28,4,0,0,4,10,4,0.16,0.16,Passing,4,3,1,24.0,8,39,24,1.9,2.97,2.44,0.205,0,0,2,0.0,0.0,0.0,Possessions,4,3,1,24.0,1,1,1.0,2,0.0,0.0,,1.0,PullUpShot,1.0,0.0,1.0,12.0,1.0,1.0,0.0,1.0,3.0,0.333,0.0,0.333,7.0,2.0,0.0,2.0,0.0,4.0,0.5,1.0,0.667,5.8,3.0,1.0,2.0,0.333,7.0,0.429,1.0,0.5,6.2,Rebounding,4,3,1,24.0,9692,1.8,1.0,0.9,4.16,4.71,4.08,SpeedDistance,4,3,1,24.0,39,0,0,0,0.0,0,0,0.0,0,0.0,0,0.0,0,0.0,0,0.0,0,0.0,ElbowTouch,4,3,1,24.0,39,0,0,0,0.0,0,0,0.0,0,0.0,0,0.0,0,0.0,0,0.0,0,0.0,PostTouch,4,3,1,24.0,39,2,0,0,0.0,0,0,0.0,0,0.0,1,0.5,0,0.0,1,0.5,0,0.0,PaintTouch
1631466,Nate Williams,1610612744,GSW,14,2,12,239.0,53,8,22,0.364,4,4,1.0,20,0.377,24,0.453,4,0.075,2,0.038,2,0.038,Drives,14,2,12,239.0,5,0,10,7,13,0.538,Defense,14,2,12,239.0,13,29,0.448,39,13.0,29.0,0.448,0.672,CatchShoot,14,2,12,239.0,145,194,14,1,4,30,34,19,0.097,0.131,Passing,14,2,12,239.0,112,261,204,8.8,2.03,1.26,0.429,10,0,36,0.8,0.0,0.722,Possessions,14,2,12,239.0,0,2,0.0,0,0.0,1.0,0.0,0.0,PullUpShot,10.0,1.0,9.0,198.0,17.0,9.0,8.0,0.529,33.0,0.515,2.0,0.548,9.1,10.0,0.0,10.0,0.0,19.0,0.526,3.0,0.625,8.5,27.0,9.0,18.0,0.333,51.0,0.529,5.0,0.587,8.9,Rebounding,14,2,12,239.0,100803,19.1,10.0,9.1,4.44,4.54,4.33,SpeedDistance,14,2,12,239.0,261,10,3,5,0.6,2,2,1.0,8,0.8,2,0.2,0,0.0,1,0.1,1,0.1,ElbowTouch,14,2,12,239.0,261,0,0,0,0.0,0,0,0.0,0,0.0,0,0.0,0,0.0,0,0.0,0,0.0,PostTouch,14,2,12,239.0,261,36,12,19,0.632,2,2,1.0,26,0.722,12,0.333,3,0.083,3,0.083,1,0.028,PaintTouch
1641705,Victor Wembanyama,1610612759,SAS,64,50,14,1866.0,376,97,187,0.519,86,104,0.827,288,0.766,87,0.231,28,0.074,39,0.104,52,0.138,Drives,64,50,14,1866.0,66,197,606,192,357,0.538,Defense,64,50,14,1866.0,114,287,0.397,315,87.0,238.0,0.366,0.549,CatchShoot,64,50,14,1866.0,2188,2367,199,10,41,358,509,250,0.091,0.114,Passing,64,50,14,1866.0,1600,3743,2262,146.8,2.35,1.26,0.427,290,186,395,0.593,0.602,1.187,Possessions,64,50,14,1866.0,93,277,0.336,213,27.0,96.0,0.281,0.384,PullUpShot,64.0,50.0,14.0,1866.0,130.0,79.0,49.0,0.608,237.0,0.549,5.0,0.56,7.0,606.0,183.0,412.0,0.302,907.0,0.668,81.0,0.734,4.8,736.0,262.0,461.0,0.356,1113.0,0.661,86.0,0.717,5.2,Rebounding,64,50,14,1866.0,717173,135.8,70.5,65.4,4.19,4.58,3.85,SpeedDistance,64,50,14,1866.0,3743,290,61,117,0.521,47,56,0.839,172,0.593,116,0.4,27,0.233,12,0.041,25,0.086,ElbowTouch,64,50,14,1866.0,3743,186,42,86,0.488,27,34,0.794,112,0.602,63,0.339,9,0.048,11,0.059,17,0.091,PostTouch,64,50,14,1866.0,3743,395,198,261,0.759,61,75,0.813,469,1.187,57,0.144,11,0.028,10,0.025,39,0.099,PaintTouch
1641706,Brandon Miller,1610612766,CHA,65,41,24,1968.0,544,129,285,0.453,74,84,0.881,341,0.627,167,0.307,37,0.068,42,0.077,43,0.079,Drives,65,41,24,1968.0,66,44,249,117,183,0.639,Defense,65,41,24,1968.0,150,385,0.39,443,143.0,366.0,0.391,0.575,CatchShoot,65,41,24,1968.0,2452,2827,217,24,36,408,592,277,0.088,0.113,Passing,65,41,24,1968.0,1311,3828,2111,205.1,3.21,2.4,0.342,83,15,123,0.578,0.467,0.878,Possessions,65,41,24,1968.0,149,383,0.389,358,60.0,166.0,0.361,0.467,PullUpShot,62.0,40.0,22.0,1895.0,70.0,22.0,48.0,0.314,145.0,0.483,6.0,0.504,13.0,249.0,61.0,188.0,0.245,423.0,0.589,49.0,0.666,6.9,319.0,83.0,236.0,0.26,561.0,0.569,55.0,0.63,8.2,Rebounding,65,41,24,1968.0,775653,146.9,82.7,64.3,4.24,4.58,3.88,SpeedDistance,65,41,24,1968.0,3828,83,20,39,0.513,6,6,1.0,48,0.578,39,0.47,6,0.154,2,0.024,3,0.036,ElbowTouch,65,41,24,1968.0,3828,15,2,8,0.25,3,4,0.75,7,0.467,4,0.267,0,0.0,1,0.067,2,0.133,PostTouch,65,41,24,1968.0,3828,123,49,64,0.766,9,10,0.9,108,0.878,43,0.35,8,0.065,7,0.057,5,0.041,PaintTouch
1641707,Taylor Hendricks,1610612763,MEM,59,12,47,1118.0,117,31,62,0.5,6,12,0.5,72,0.615,35,0.299,11,0.094,10,0.085,6,0.051,Drives,59,12,47,1118.0,50,30,156,115,173,0.665,Defense,59,12,47,1118.0,60,173,0.347,179,59.0,171.0,0.345,0.517,CatchShoot,59,12,47,1118.0,811,709,55,0,4,84,140,59,0.068,0.073,Passing,59,12,47,1118.0,438,1266,723,35.6,1.69,0.97,0.346,46,7,113,0.674,0.571,0.805,Possessions,59,12,47,1118.0,10,22,0.455,24,4.0,13.0,0.308,0.545,PullUpShot,56.0,12.0,44.0,1108.0,65.0,41.0,24.0,0.631,143.0,0.455,7.0,0.478,7.4,156.0,46.0,110.0,0.295,267.0,0.584,17.0,0.624,5.8,221.0,87.0,134.0,0.394,392.0,0.564,24.0,0.601,6.3,Rebounding,59,12,47,1118.0,452388,85.7,43.6,42.1,4.37,4.51,4.24,SpeedDistance,59,12,47,1118.0,1266,46,12,19,0.632,2,6,0.333,31,0.674,15,0.326,2,0.133,3,0.065,3,0.065,ElbowTouch,59,12,47,1118.0,1266,7,1,3,0.333,2,2,1.0,4,0.571,3,0.429,1,0.143,0,0.0,1,0.143,PostTouch,59,12,47,1118.0,1266,113,37,60,0.617,9,14,0.643,91,0.805,36,0.319,6,0.053,5,0.044,8,0.071,PaintTouch
1641708,Amen Thompson,1610612745,HOU,79,49,30,2953.0,885,185,358,0.517,111,136,0.816,495,0.559,385,0.435,86,0.097,53,0.06,70,0.079,Drives,79,49,30,2953.0,119,48,379,118,185,0.638,Defense,79,49,30,2953.0,30,123,0.244,82,22.0,94.0,0.234,0.333,CatchShoot,79,49,30,2953.0,4201,4317,420,32,71,767,1111,522,0.1,0.124,Passing,79,49,30,2953.0,1443,5788,2189,434.9,4.51,3.83,0.249,144,2,545,0.604,1.0,0.798,Possessions,79,49,30,2953.0,50,166,0.301,102,2.0,19.0,0.105,0.307,PullUpShot,79.0,49.0,30.0,2953.0,235.0,126.0,101.0,0.536,493.0,0.477,21.0,0.498,7.0,379.0,107.0,268.0,0.282,591.0,0.641,41.0,0.689,7.5,614.0,233.0,369.0,0.379,1049.0,0.585,62.0,0.622,7.3,Rebounding,79,49,30,2953.0,1138535,215.6,118.4,97.2,4.22,4.44,3.98,SpeedDistance,79,49,30,2953.0,5788,144,35,59,0.593,11,14,0.786,87,0.604,67,0.465,13,0.194,6,0.042,6,0.042,ElbowTouch,79,49,30,2953.0,5788,2,1,1,1.0,0,0,0.0,2,1.0,1,0.5,1,0.5,0,0.0,0,0.0,PostTouch,79,49,30,2953.0,5788,545,184,265,0.694,54,74,0.73,435,0.798,194,0.356,44,0.081,29,0.053,35,0.064,PaintTouch
1641709,Ausar Thompson,1610612765,DET,73,53,20,1896.0,377,76,173,0.439,40,55,0.727,194,0.515,146,0.387,36,0.095,21,0.056,28,0.074,Drives,73,53,20,1896.0,146,69,268,94,155,0.606,Defense,73,53,20,1896.0,5,28,0.179,14,4.0,21.0,0.19,0.25,CatchShoot,73,53,20,1896.0,2100,2017,228,24,19,369,593,272,0.109,0.13,Passing,73,53,20,1896.0,721,2961,1403,166.4,3.37,2.73,0.243,105,11,334,0.657,0.636,0.769,Possessions,73,53,20,1896.0,29,81,0.358,60,2.0,3.0,0.667,0.37,PullUpShot,72.0,53.0,19.0,1894.0,150.0,100.0,50.0,0.667,288.0,0.521,10.0,0.54,5.9,268.0,71.0,197.0,0.265,418.0,0.641,27.0,0.685,7.0,418.0,171.0,247.0,0.409,683.0,0.612,37.0,0.647,6.6,Rebounding,73,53,20,1896.0,755545,143.1,72.6,70.5,4.37,4.53,4.22,SpeedDistance,73,53,20,1896.0,2961,105,29,46,0.63,8,22,0.364,69,0.657,45,0.429,12,0.267,3,0.029,10,0.095,ElbowTouch,73,53,20,1896.0,2961,11,1,1,1.0,5,8,0.625,7,0.636,4,0.364,0,0.0,0,0.0,4,0.364,PostTouch,73,53,20,1896.0,2961,334,122,193,0.632,10,28,0.357,257,0.769,103,0.308,28,0.084,17,0.051,12,0.036,PaintTouch
1641710,Anthony Black,1610612753,ORL,64,36,28,1910.0,414,87,203,0.429,70,89,0.787,249,0.601,127,0.307,39,0.094,26,0.063,45,0.109,Drives,64,36,28,1910.0,91,45,197,115,157,0.732,Defense,64,36,28,1910.0,67,195,0.344,198,64.0,187.0,0.342,0.508,CatchShoot,64,36,28,1910.0,2516,2813,236,25,30,401,599,288,0.094,0.114,Passing,64,36,28,1910.0,959,3654,1798,212.0,3.48,2.92,0.262,41,6,100,0.707,0.667,1.01,Possessions,64,36,28,1910.0,66,207,0.319,167,35.0,110.0,0.318,0.403,PullUpShot,63.0,35.0,28.0,1894.0,47.0,18.0,28.0,0.383,135.0,0.348,7.0,0.367,11.9,197.0,36.0,160.0,0.183,339.0,0.581,30.0,0.638,7.5,244.0,54.0,188.0,0.221,470.0,0.519,37.0,0.564,8.4,Rebounding,64,36,28,1910.0,741034,140.3,72.1,68.3,4.3,4.41,4.19,SpeedDistance,64,36,28,1910.0,3654,41,13,19,0.684,2,2,1.0,29,0.707,17,0.415,3,0.176,3,0.073,1,0.024,ElbowTouch,64,36,28,1910.0,3654,6,2,4,0.5,0,0,0.0,4,0.667,2,0.333,0,0.0,0,0.0,0,0.0,PostTouch,64,36,28,1910.0,3654,100,45,62,0.726,9,10,0.9,101,1.01,25,0.25,7,0.07,6,0.06,5,0.05,PaintTouch
1641711,Gradey Dick,1610612761,TOR,76,43,33,1067.0,123,22,58,0.379,8,10,0.8,54,0.439,50,0.407,10,0.081,8,0.065,5,0.041,Drives,76,43,33,1067.0,45,7,105,44,56,0.786,Defense,76,43,33,1067.0,52,168,0.31,152,48.0,160.0,0.3,0.452,CatchShoot,76,43,33,1067.0,730,878,51,7,10,99,131,68,0.07,0.093,Passing,76,43,33,1067.0,455,1228,838,35.0,1.71,1.05,0.371,27,0,58,1.037,0.0,0.741,Possessions,76,43,33,1067.0,27,76,0.355,62,8.0,25.0,0.32,0.408,PullUpShot,60.0,36.0,24.0,946.0,42.0,18.0,24.0,0.429,93.0,0.452,3.0,0.467,10.1,105.0,25.0,79.0,0.238,178.0,0.59,15.0,0.644,8.3,147.0,43.0,103.0,0.293,268.0,0.549,18.0,0.588,8.8,Rebounding,76,43,33,1067.0,439583,83.3,41.9,41.3,4.52,4.67,4.36,SpeedDistance,76,43,33,1067.0,1228,27,12,17,0.706,4,4,1.0,28,1.037,5,0.185,0,0.0,1,0.037,2,0.074,ElbowTouch,76,43,33,1067.0,1228,0,0,0,0.0,0,0,0.0,0,0.0,0,0.0,0,0.0,0,0.0,0,0.0,PostTouch,76,43,33,1067.0,1228,58,18,28,0.643,7,8,0.875,43,0.741,18,0.31,4,0.069,7,0.121,4,0.069,PaintTouch
1641712,Rayan Rupert,1610612763,MEM,64,29,35,1073.0,161,28,71,0.394,9,12,0.75,66,0.41,70,0.435,11,0.068,11,0.068,6,0.037,Drives,64,29,35,1073.0,55,9,140,89,121,0.736,Defense,64,29,35,1073.0,36,115,0.313,108,36.0,114.0,0.316,0.47,CatchShoot,64,29,35,1073.0,1061,783,68,9,6,133,191,83,0.064,0.078,Passing,64,29,35,1073.0,332,1484,727,51.5,2.08,1.63,0.224,18,0,71,0.333,0.0,0.662,Possessions,64,29,35,1073.0,19,53,0.358,46,8.0,23.0,0.348,0.434,PullUpShot,51.0,23.0,28.0,980.0,48.0,25.0,23.0,0.521,115.0,0.417,4.0,0.432,9.5,140.0,22.0,118.0,0.157,242.0,0.579,27.0,0.651,6.7,188.0,47.0,141.0,0.25,345.0,0.545,31.0,0.599,7.4,Rebounding,64,29,35,1073.0,471636,89.3,45.9,43.4,4.72,4.88,4.56,SpeedDistance,64,29,35,1073.0,1484,18,3,8,0.375,0,0,0.0,6,0.333,8,0.444,3,0.375,1,0.056,0,0.0,ElbowTouch,64,29,35,1073.0,1484,0,0,0,0.0,0,0,0.0,0,0.0,0,0.0,0,0.0,0,0.0,0,0.0,PostTouch,64,29,35,1073.0,1484,71,22,38,0.579,3,4,0.75,47,0.662,25,0.352,3,0.042,5,0.07,2,0.028,PaintTouch
1641713,GG Jackson,1610612763,MEM,55,16,39,1178.0,336,95,176,0.54,49,66,0.742,249,0.741,91,0.271,17,0.051,26,0.077,34,0.101,Drives,55,16,39,1178.0,31,44,186,99,150,0.66,Defense,55,16,39,1178.0,45,130,0.346,134,44.0,129.0,0.341,0.515,CatchShoot,55,16,39,1178.0,1402,1314,81,4,13,137,205,97,0.058,0.069,Passing,55,16,39,1178.0,686,2107,1114,83.6,2.38,1.67,0.326,19,6,77,0.947,0.167,1.065,Possessions,55,16,39,1178.0,31,92,0.337,81,19.0,62.0,0.306,0.44,PullUpShot,50.0,14.0,36.0,1145.0,49.0,30.0,19.0,0.612,116.0,0.422,5.0,0.441,6.6,185.0,39.0,146.0,0.211,303.0,0.611,30.0,0.678,5.1,234.0,69.0,165.0,0.295,398.0,0.588,35.0,0.645,5.4,Rebounding,55,16,39,1178.0,484774,91.8,47.1,44.7,4.39,4.64,4.16,SpeedDistance,55,16,39,1178.0,2107,19,9,10,0.9,0,0,0.0,18,0.947,8,0.421,1,0.125,1,0.053,0,0.0,ElbowTouch,55,16,39,1178.0,2107,6,0,2,0.0,1,2,0.5,1,0.167,0,0.0,0,0.0,2,0.333,1,0.167,PostTouch,55,16,39,1178.0,2107,77,37,55,0.673,7,8,0.875,82,1.065,14,0.182,4,0.052,3,0.039,4,0.052,PaintTouch
1641715,Cam Whitmore,1610612764,WAS,21,3,18,354.0,47,12,32,0.375,3,8,0.375,27,0.574,7,0.149,3,0.064,3,0.064,4,0.085,Drives,21,3,18,354.0,15,8,39,19,29,0.655,Defense,21,3,18,354.0,6,16,0.375,18,6.0,16.0,0.375,0.563,CatchShoot,21,3,18,354.0,220,300,15,0,0,30,38,15,0.068,0.068,Passing,21,3,18,354.0,193,432,244,19.8,2.75,2.35,0.447,8,2,48,1.25,2.0,1.0,Possessions,21,3,18,354.0,14,54,0.259,38,10.0,40.0,0.25,0.352,PullUpShot,16.0,2.0,14.0,300.0,19.0,8.0,11.0,0.421,49.0,0.388,0.0,0.388,6.4,39.0,8.0,31.0,0.205,56.0,0.696,3.0,0.736,6.7,58.0,16.0,42.0,0.276,99.0,0.586,3.0,0.604,6.6,Rebounding,21,3,18,354.0,128954,24.4,13.0,11.5,4.34,4.73,4.01,SpeedDistance,21,3,18,354.0,432,8,4,8,0.5,0,0,0.0,10,1.25,0,0.0,0,0.0,0,0.0,0,0.0,ElbowTouch,21,3,18,354.0,432,2,2,2,1.0,0,0,0.0,4,2.0,0,0.0,0,0.0,0,0.0,0,0.0,PostTouch,21,3,18,354.0,432,48,22,36,0.611,3,4,0.75,48,1.0,5,0.104,0,0.0,3,0.063,2,0.042,PaintTouch
1641716,Jarace Walker,1610612754,IND,76,16,60,1953.0,416,84,207,0.406,58,81,0.716,231,0.555,126,0.303,30,0.072,32,0.077,41,0.099,Drives,76,16,60,1953.0,63,26,342,147,199,0.739,Defense,76,16,60,1953.0,107,266,0.402,320,106.0,262.0,0.405,0.602,CatchShoot,76,16,60,1953.0,2173,2070,192,17,26,349,487,235,0.088,0.108,Passing,76,16,60,1953.0,884,3215,1794,121.0,2.26,1.58,0.275,58,14,87,0.586,0.214,0.667,Possessions,76,16,60,1953.0,66,195,0.338,157,25.0,86.0,0.291,0.403,PullUpShot,74.0,15.0,59.0,1921.0,49.0,16.0,33.0,0.327,129.0,0.38,6.0,0.398,11.7,342.0,63.0,279.0,0.184,511.0,0.669,40.0,0.726,5.5,391.0,79.0,312.0,0.202,613.0,0.638,46.0,0.69,6.3,Rebounding,76,16,60,1953.0,754531,142.9,75.8,67.1,4.25,4.6,3.92,SpeedDistance,76,16,60,1953.0,3215,58,13,23,0.565,7,10,0.7,34,0.586,25,0.431,4,0.16,2,0.034,5,0.086,ElbowTouch,76,16,60,1953.0,3215,14,1,4,0.25,1,2,0.5,3,0.214,7,0.5,1,0.071,2,0.143,1,0.071,PostTouch,76,16,60,1953.0,3215,87,26,46,0.565,5,8,0.625,58,0.667,29,0.333,4,0.046,7,0.08,3,0.034,PaintTouch
1641717,Cason Wallace,1610612760,OKC,77,61,16,2046.0,414,62,161,0.385,16,18,0.889,142,0.343,205,0.495,43,0.104,24,0.058,9,0.022,Drives,77,61,16,2046.0,150,28,175,100,149,0.671,Defense,77,61,16,2046.0,87,244,0.357,260,86.0,240.0,0.358,0.533,CatchShoot,77,61,16,2046.0,2064,1967,200,21,27,400,535,248,0.097,0.12,Passing,77,61,16,2046.0,660,2829,1290,159.0,3.37,2.95,0.233,41,2,94,0.488,1.0,0.596,Possessions,77,61,16,2046.0,29,82,0.354,73,15.0,47.0,0.319,0.445,PullUpShot,72.0,57.0,15.0,1920.0,63.0,29.0,34.0,0.46,152.0,0.414,6.0,0.432,10.8,175.0,33.0,142.0,0.189,315.0,0.556,32.0,0.618,9.3,238.0,62.0,176.0,0.261,461.0,0.516,38.0,0.563,9.7,Rebounding,77,61,16,2046.0,816288,154.6,79.3,75.3,4.42,4.63,4.22,SpeedDistance,77,61,16,2046.0,2829,41,9,11,0.818,2,4,0.5,20,0.488,25,0.61,6,0.24,2,0.049,1,0.024,ElbowTouch,77,61,16,2046.0,2829,2,1,1,1.0,0,0,0.0,2,1.0,1,0.5,0,0.0,0,0.0,0,0.0,PostTouch,77,61,16,2046.0,2829,94,27,41,0.659,2,4,0.5,56,0.596,43,0.457,11,0.117,5,0.053,1,0.011,PaintTouch
1641718,Keyonte George,1610612762,UTA,54,16,38,1786.0,557,141,311,0.453,127,140,0.907,425,0.763,123,0.221,39,0.07,36,0.065,71,0.127,Drives,54,16,38,1786.0,58,14,176,82,101,0.812,Defense,54,16,38,1786.0,87,198,0.439,252,78.0,184.0,0.424,0.636,CatchShoot,54,16,38,1786.0,2920,3505,332,29,48,604,841,409,0.114,0.14,Passing,54,16,38,1786.0,1275,4252,1869,317.6,4.48,3.9,0.3,28,0,35,1.179,0.0,1.114,Possessions,54,16,38,1786.0,130,365,0.356,314,54.0,175.0,0.309,0.43,PullUpShot,51.0,14.0,37.0,1695.0,23.0,4.0,19.0,0.174,81.0,0.284,3.0,0.295,18.4,176.0,24.0,151.0,0.136,259.0,0.68,19.0,0.733,8.9,199.0,28.0,170.0,0.141,332.0,0.599,22.0,0.642,10.0,Rebounding,54,16,38,1786.0,673084,127.5,69.6,57.9,4.21,4.55,3.87,SpeedDistance,54,16,38,1786.0,4252,28,9,11,0.818,11,12,0.917,33,1.179,6,0.214,1,0.167,2,0.071,5,0.179,ElbowTouch,54,16,38,1786.0,4252,0,0,0,0.0,0,0,0.0,0,0.0,0,0.0,0,0.0,0,0.0,0,0.0,PostTouch,54,16,38,1786.0,4252,35,16,23,0.696,6,8,0.75,39,1.114,7,0.2,1,0.029,0,0.0,4,0.114,PaintTouch
1641722,Jordan Hawkins,1610612740,NOP,51,13,38,692.0,72,17,33,0.515,7,8,0.875,41,0.569,31,0.431,8,0.111,4,0.056,4,0.056,Drives,51,13,38,692.0,13,10,68,62,87,0.713,Defense,51,13,38,692.0,38,98,0.388,113,37.0,95.0,0.389,0.577,CatchShoot,51,13,38,692.0,560,601,42,4,9,64,104,55,0.075,0.098,Passing,51,13,38,692.0,258,883,526,32.0,2.17,1.66,0.292,12,0,20,0.333,0.0,0.65,Possessions,51,13,38,692.0,34,115,0.296,78,10.0,40.0,0.25,0.339,PullUpShot,36.0,8.0,28.0,575.0,20.0,6.0,14.0,0.3,38.0,0.526,0.0,0.526,10.6,68.0,22.0,46.0,0.324,128.0,0.531,17.0,0.613,7.3,88.0,28.0,60.0,0.318,163.0,0.54,17.0,0.603,8.1,Rebounding,51,13,38,692.0,280799,53.2,27.9,25.3,4.49,4.73,4.25,SpeedDistance,51,13,38,692.0,883,12,1,6,0.167,2,2,1.0,4,0.333,2,0.167,1,0.5,3,0.25,1,0.083,ElbowTouch,51,13,38,692.0,883,0,0,0,0.0,0,0,0.0,0,0.0,0,0.0,0,0.0,0,0.0,0,0.0,PostTouch,51,13,38,692.0,883,20,5,13,0.385,2,2,1.0,13,0.65,5,0.25,0,0.0,1,0.05,1,0.05,PaintTouch
1641723,Kobe Bufkin,1610612747,LAL,16,10,6,119.0,26,7,15,0.467,6,6,1.0,20,0.769,5,0.192,0,0.0,3,0.115,3,0.115,Drives,16,10,6,119.0,2,3,12,9,13,0.692,Defense,16,10,6,119.0,4,19,0.211,12,4.0,18.0,0.222,0.316,CatchShoot,16,10,6,119.0,137,161,10,0,2,12,26,12,0.073,0.088,Passing,16,10,6,119.0,46,208,89,14.6,4.2,3.71,0.221,2,0,2,1.0,0.0,1.0,Possessions,16,10,6,119.0,3,18,0.167,7,1.0,8.0,0.125,0.194,PullUpShot,8.0,3.0,5.0,99.0,1.0,0.0,1.0,0.0,5.0,0.2,0.0,0.2,7.1,12.0,1.0,11.0,0.083,20.0,0.6,2.0,0.667,9.1,13.0,1.0,12.0,0.077,25.0,0.52,2.0,0.565,8.9,Rebounding,16,10,6,119.0,48521,9.2,4.9,4.3,4.27,4.43,4.1,SpeedDistance,16,10,6,119.0,208,2,1,2,0.5,0,0,0.0,2,1.0,0,0.0,0,0.0,0,0.0,0,0.0,ElbowTouch,16,10,6,119.0,208,0,0,0,0.0,0,0,0.0,0,0.0,0,0.0,0,0.0,0,0.0,0,0.0,PostTouch,16,10,6,119.0,208,2,1,1,1.0,0,0,0.0,2,1.0,0,0.0,0,0.0,0,0.0,0,0.0,PaintTouch
1641724,Jett Howard,1610612753,ORL,55,28,27,695.0,113,25,54,0.463,14,14,1.0,65,0.575,49,0.434,8,0.071,2,0.018,7,0.062,Drives,55,28,27,695.0,10,11,64,48,67,0.716,Defense,55,28,27,695.0,44,117,0.376,132,44.0,117.0,0.376,0.564,CatchShoot,55,28,27,695.0,453,583,45,6,4,87,116,55,0.099,0.121,Passing,55,28,27,695.0,301,755,527,29.2,2.32,1.82,0.399,8,2,17,0.75,1.0,0.765,Possessions,55,28,27,695.0,16,48,0.333,42,10.0,28.0,0.357,0.438,PullUpShot,37.0,16.0,21.0,577.0,23.0,7.0,16.0,0.304,40.0,0.575,3.0,0.622,18.2,64.0,18.0,46.0,0.281,103.0,0.621,10.0,0.688,8.9,87.0,25.0,62.0,0.287,142.0,0.613,13.0,0.674,11.4,Rebounding,55,28,27,695.0,262162,49.7,25.8,23.8,4.06,4.15,3.96,SpeedDistance,55,28,27,695.0,755,8,3,4,0.75,0,0,0.0,6,0.75,3,0.375,2,0.667,1,0.125,0,0.0,ElbowTouch,55,28,27,695.0,755,2,0,0,0.0,2,2,1.0,2,1.0,1,0.5,0,0.0,0,0.0,1,0.5,PostTouch,55,28,27,695.0,755,17,5,11,0.455,3,4,0.75,13,0.765,3,0.176,0,0.0,0,0.0,1,0.059,PaintTouch
1641725,Trey Alexander,1610612740,NOP,9,2,7,111.0,31,8,18,0.444,0,0,0.0,16,0.516,12,0.387,2,0.065,1,0.032,0,0.0,Drives,9,2,7,111.0,6,2,10,5,8,0.625,Defense,9,2,7,111.0,6,10,0.6,18,6.0,10.0,0.6,0.9,CatchShoot,9,2,7,111.0,108,112,9,1,1,18,24,11,0.083,0.102,Passing,9,2,7,111.0,47,155,67,9.9,3.85,3.7,0.303,0,0,0,0.0,0.0,0.0,Possessions,9,2,7,111.0,7,15,0.467,14,0.0,2.0,0.0,0.467,PullUpShot,6.0,1.0,5.0,102.0,1.0,0.0,1.0,0.0,3.0,0.333,0.0,0.333,16.0,10.0,2.0,8.0,0.2,19.0,0.526,3.0,0.625,5.7,11.0,2.0,9.0,0.182,22.0,0.5,3.0,0.579,6.6,Rebounding,9,2,7,111.0,45009,8.5,4.4,4.1,4.41,4.68,4.15,SpeedDistance,9,2,7,111.0,155,0,0,0,0.0,0,0,0.0,0,0.0,0,0.0,0,0.0,0,0.0,0,0.0,ElbowTouch,9,2,7,111.0,155,0,0,0,0.0,0,0,0.0,0,0.0,0,0.0,0,0.0,0,0.0,0,0.0,PostTouch,9,2,7,111.0,155,0,0,0,0.0,0,0,0.0,0,0.0,0,0.0,0,0.0,0,0.0,0,0.0,PaintTouch
1641726,Dereck Lively II,1610612742,DAL,7,3,4,115.0,0,0,0,0.0,0,0,0.0,0,0.0,0,0.0,0,0.0,0,0.0,0,0.0,Drives,7,3,4,115.0,4,11,23,16,27,0.593,Defense,7,3,4,115.0,0,0,,0,,,,,CatchShoot,7,3,4,115.0,138,93,13,4,2,17,35,19,0.094,0.138,Passing,7,3,4,115.0,30,170,103,4.8,1.7,0.42,0.176,14,0,33,0.143,0.0,0.848,Possessions,7,3,4,115.0,0,0,,0,,,,,PullUpShot,7.0,3.0,4.0,115.0,14.0,11.0,3.0,0.786,33.0,0.424,0.0,0.424,4.2,23.0,5.0,18.0,0.217,46.0,0.5,8.0,0.605,3.9,37.0,16.0,21.0,0.432,77.0,0.481,8.0,0.536,4.0,Rebounding,7,3,4,115.0,44559,8.4,4.6,3.9,4.55,4.95,4.25,SpeedDistance,7,3,4,115.0,170,14,1,4,0.25,0,2,0.0,2,0.143,8,0.571,4,0.5,1,0.071,1,0.071,ElbowTouch,7,3,4,115.0,170,0,0,0,0.0,0,0,0.0,0,0.0,0,0.0,0,0.0,0,0.0,0,0.0,PostTouch,7,3,4,115.0,170,33,11,15,0.733,6,8,0.75,28,0.848,10,0.303,0,0.0,2,0.061,4,0.121,PaintTouch
1641727,Dariq Whitehead,1610612763,MEM,6,0,6,183.0,13,5,9,0.556,0,0,0.0,10,0.769,3,0.231,0,0.0,1,0.077,0,0.0,Drives,6,0,6,183.0,4,0,22,17,23,0.739,Defense,6,0,6,183.0,14,41,0.341,41,13.0,40.0,0.325,0.5,CatchShoot,6,0,6,183.0,170,205,9,1,1,18,24,11,0.053,0.065,Passing,6,0,6,183.0,98,278,166,10.0,2.15,1.48,0.353,3,0,5,0.0,0.0,1.2,Possessions,6,0,6,183.0,8,25,0.32,22,6.0,20.0,0.3,0.44,PullUpShot,6.0,0.0,6.0,183.0,2.0,0.0,2.0,0.0,8.0,0.25,0.0,0.25,10.5,22.0,3.0,19.0,0.136,34.0,0.647,4.0,0.733,6.4,24.0,3.0,21.0,0.125,39.0,0.615,4.0,0.686,6.8,Rebounding,6,0,6,183.0,68015,12.9,6.8,6.1,3.97,4.19,3.75,SpeedDistance,6,0,6,183.0,278,3,0,2,0.0,0,0,0.0,0,0.0,1,0.333,1,1.0,0,0.0,0,0.0,ElbowTouch,6,0,6,183.0,278,0,0,0,0.0,0,0,0.0,0,0.0,0,0.0,0,0.0,0,0.0,0,0.0,PostTouch,6,0,6,183.0,278,5,3,4,0.75,0,0,0.0,6,1.2,0,0.0,0,0.0,0,0.0,0,0.0,PaintTouch
1641729,Brice Sensabaugh,1610612762,UTA,75,18,57,1762.0,418,113,208,0.543,50,58,0.862,290,0.694,142,0.34,31,0.074,25,0.06,32,0.077,Drives,75,18,57,1762.0,54,12,175,121,155,0.781,Defense,75,18,57,1762.0,120,326,0.368,356,116.0,318.0,0.365,0.546,CatchShoot,75,18,57,1762.0,1639,1958,143,24,23,280,375,190,0.087,0.116,Passing,75,18,57,1762.0,1116,2778,1690,118.3,2.55,1.88,0.402,45,1,62,0.711,0.0,0.629,Possessions,75,18,57,1762.0,111,279,0.398,266,44.0,122.0,0.361,0.477,PullUpShot,69.0,17.0,52.0,1678.0,56.0,23.0,33.0,0.411,145.0,0.386,6.0,0.403,12.9,175.0,37.0,138.0,0.211,305.0,0.574,24.0,0.623,7.0,231.0,60.0,171.0,0.26,435.0,0.531,30.0,0.57,8.5,Rebounding,75,18,57,1762.0,685443,129.8,68.7,61.2,4.21,4.47,3.96,SpeedDistance,75,18,57,1762.0,2778,45,14,22,0.636,4,6,0.667,32,0.711,10,0.222,2,0.2,3,0.067,3,0.067,ElbowTouch,75,18,57,1762.0,2778,1,0,1,0.0,0,0,0.0,0,0.0,0,0.0,0,0.0,0,0.0,0,0.0,PostTouch,75,18,57,1762.0,2778,62,14,32,0.438,7,8,0.875,39,0.629,17,0.274,1,0.016,3,0.048,6,0.097,PaintTouch
1641730,Noah Clowney,1610612751,BKN,66,17,49,1780.0,304,72,147,0.49,89,113,0.788,242,0.796,70,0.23,20,0.066,22,0.072,57,0.188,Drives,66,17,49,1780.0,50,45,221,180,281,0.641,Defense,66,17,49,1780.0,123,367,0.335,367,121.0,362.0,0.334,0.5,CatchShoot,66,17,49,1780.0,1607,1592,108,10,8,201,297,126,0.067,0.078,Passing,66,17,49,1780.0,809,2507,1429,92.2,2.21,1.34,0.323,46,5,66,0.174,0.4,0.697,Possessions,66,17,49,1780.0,18,63,0.286,43,7.0,29.0,0.241,0.341,PullUpShot,66.0,17.0,49.0,1780.0,52.0,25.0,27.0,0.481,128.0,0.406,5.0,0.423,10.6,221.0,57.0,164.0,0.258,399.0,0.554,38.0,0.612,5.5,273.0,82.0,191.0,0.3,510.0,0.535,43.0,0.585,6.4,Rebounding,66,17,49,1780.0,686811,130.1,70.5,59.6,4.28,4.59,3.97,SpeedDistance,66,17,49,1780.0,2507,46,1,6,0.167,6,6,1.0,8,0.174,29,0.63,6,0.207,2,0.043,3,0.065,ElbowTouch,66,17,49,1780.0,2507,5,1,1,1.0,0,0,0.0,2,0.4,3,0.6,3,0.6,1,0.2,0,0.0,PostTouch,66,17,49,1780.0,2507,66,18,31,0.581,8,10,0.8,46,0.697,21,0.318,7,0.106,3,0.045,5,0.076,PaintTouch
1641731,Bilal Coulibaly,1610612764,WAS,56,14,42,1468.0,318,61,154,0.396,52,76,0.684,181,0.569,90,0.283,18,0.057,18,0.057,39,0.123,Drives,56,14,42,1468.0,75,54,195,92,153,0.601,Defense,56,14,42,1468.0,59,173,0.341,176,58.0,167.0,0.347,0.509,CatchShoot,56,14,42,1468.0,1754,1767,145,8,17,221,369,170,0.083,0.097,Passing,56,14,42,1468.0,657,2543,1149,133.8,3.16,2.45,0.258,26,4,112,0.885,0.5,0.946,Possessions,56,14,42,1468.0,26,88,0.295,58,6.0,34.0,0.176,0.33,PullUpShot,55.0,14.0,41.0,1443.0,48.0,24.0,24.0,0.5,147.0,0.327,6.0,0.34,7.6,195.0,46.0,146.0,0.236,309.0,0.631,30.0,0.699,6.3,243.0,70.0,170.0,0.288,430.0,0.565,36.0,0.617,6.6,Rebounding,56,14,42,1468.0,591259,112.0,59.1,52.8,4.43,4.7,4.16,SpeedDistance,56,14,42,1468.0,2543,26,8,11,0.727,6,8,0.75,23,0.885,10,0.385,0,0.0,1,0.038,4,0.154,ElbowTouch,56,14,42,1468.0,2543,4,0,1,0.0,2,2,1.0,2,0.5,1,0.25,1,0.25,1,0.25,1,0.25,PostTouch,56,14,42,1468.0,2543,112,44,64,0.688,14,20,0.7,106,0.946,28,0.25,4,0.036,7,0.063,10,0.089,PaintTouch
1641732,Colby Jones,1610612765,DET,1,0,1,7.0,1,1,1,1.0,0,0,0.0,2,2.0,0,0.0,0,0.0,0,0.0,0,0.0,Drives,1,0,1,7.0,0,0,4,0,0,0.0,Defense,1,0,1,7.0,0,2,0.0,0,0.0,2.0,0.0,0.0,CatchShoot,1,0,1,7.0,8,6,2,1,0,4,5,3,0.25,0.375,Passing,1,0,1,7.0,2,11,4,0.5,2.87,2.18,0.182,0,0,0,0.0,0.0,0.0,Possessions,1,0,1,7.0,0,0,,0,0.0,0.0,,,PullUpShot,1.0,0.0,1.0,7.0,0.0,0.0,0.0,0.0,0.0,0.0,0.0,0.0,0.0,4.0,2.0,2.0,0.5,4.0,1.0,0.0,1.0,7.6,4.0,2.0,2.0,0.5,4.0,1.0,0.0,1.0,7.6,Rebounding,1,0,1,7.0,2799,0.5,0.2,0.3,4.51,4.58,4.46,SpeedDistance,1,0,1,7.0,11,0,0,0,0.0,0,0,0.0,0,0.0,0,0.0,0,0.0,0,0.0,0,0.0,ElbowTouch,1,0,1,7.0,11,0,0,0,0.0,0,0,0.0,0,0.0,0,0.0,0,0.0,0,0.0,0,0.0,PostTouch,1,0,1,7.0,11,0,0,0,0.0,0,0,0.0,0,0.0,0,0.0,0,0.0,0,0.0,0,0.0,PaintTouch
1641733,Nick Smith Jr.,1610612747,LAL,30,15,15,375.0,93,28,57,0.491,4,4,1.0,62,0.667,29,0.312,5,0.054,3,0.032,2,0.022,Drives,30,15,15,375.0,9,2,20,22,27,0.815,Defense,30,15,15,375.0,22,52,0.423,65,21.0,51.0,0.412,0.625,CatchShoot,30,15,15,375.0,478,573,31,5,6,59,78,40,0.065,0.084,Passing,30,15,15,375.0,185,698,254,57.5,4.95,4.65,0.265,5,0,6,0.8,0.0,0.667,Possessions,30,15,15,375.0,37,86,0.43,85,11.0,33.0,0.333,0.494,PullUpShot,13.0,6.0,7.0,235.0,3.0,0.0,3.0,0.0,8.0,0.375,1.0,0.429,18.1,20.0,2.0,18.0,0.1,34.0,0.588,2.0,0.625,7.9,23.0,2.0,21.0,0.087,42.0,0.548,3.0,0.59,9.2,Rebounding,30,15,15,375.0,152687,28.9,16.4,12.5,4.41,4.78,4.0,SpeedDistance,30,15,15,375.0,698,5,2,3,0.667,0,0,0.0,4,0.8,2,0.4,0,0.0,0,0.0,0,0.0,ElbowTouch,30,15,15,375.0,698,0,0,0,0.0,0,0,0.0,0,0.0,0,0.0,0,0.0,0,0.0,0,0.0,PostTouch,30,15,15,375.0,698,6,2,5,0.4,0,0,0.0,4,0.667,1,0.167,0,0.0,0,0.0,0,0.0,PaintTouch
1641737,Adem Bona,1610612755,PHI,71,41,30,1234.0,33,8,17,0.471,10,14,0.714,27,0.818,8,0.242,0,0.0,1,0.03,7,0.212,Drives,71,41,30,1234.0,30,82,179,136,254,0.535,Defense,71,41,30,1234.0,2,7,0.286,6,2.0,6.0,0.333,0.429,CatchShoot,71,41,30,1234.0,873,577,32,3,6,59,88,41,0.037,0.047,Passing,71,41,30,1234.0,344,1201,624,29.8,1.49,0.44,0.286,48,7,231,0.542,0.857,0.913,Possessions,71,41,30,1234.0,0,0,,0,0.0,0.0,,,PullUpShot,68.0,38.0,30.0,1206.0,128.0,86.0,41.0,0.672,350.0,0.366,12.0,0.379,4.7,179.0,59.0,120.0,0.33,402.0,0.445,55.0,0.516,4.5,307.0,145.0,161.0,0.472,729.0,0.421,67.0,0.464,4.6,Rebounding,71,41,30,1234.0,507704,96.2,50.5,45.7,4.43,4.67,4.2,SpeedDistance,71,41,30,1234.0,1201,48,10,16,0.625,6,8,0.75,26,0.542,23,0.479,2,0.087,5,0.104,4,0.083,ElbowTouch,71,41,30,1234.0,1201,7,3,4,0.75,0,0,0.0,6,0.857,2,0.286,1,0.143,0,0.0,0,0.0,PostTouch,71,41,30,1234.0,1201,231,87,148,0.588,37,44,0.841,211,0.913,35,0.152,3,0.013,21,0.091,23,0.1,PaintTouch
1641738,Kobe Brown,1610612754,IND,61,17,44,962.0,135,28,52,0.538,18,23,0.783,74,0.548,58,0.43,16,0.119,11,0.081,12,0.089,Drives,61,17,44,962.0,23,12,117,51,86,0.593,Defense,61,17,44,962.0,46,123,0.374,138,46.0,121.0,0.38,0.561,CatchShoot,61,17,44,962.0,1023,891,80,7,8,126,202,94,0.078,0.092,Passing,61,17,44,962.0,353,1406,771,56.8,2.42,1.62,0.251,15,16,100,0.533,0.375,0.74,Possessions,61,17,44,962.0,7,23,0.304,20,6.0,16.0,0.375,0.435,PullUpShot,48.0,13.0,35.0,872.0,68.0,39.0,29.0,0.574,149.0,0.456,1.0,0.459,6.1,117.0,28.0,89.0,0.239,199.0,0.588,10.0,0.619,6.4,185.0,67.0,118.0,0.362,332.0,0.557,11.0,0.576,6.3,Rebounding,61,17,44,962.0,383722,72.7,38.5,34.2,4.3,4.56,4.04,SpeedDistance,61,17,44,962.0,1406,15,3,5,0.6,2,2,1.0,8,0.533,7,0.467,0,0.0,2,0.133,1,0.067,ElbowTouch,61,17,44,962.0,1406,16,3,10,0.3,0,0,0.0,6,0.375,5,0.313,0,0.0,0,0.0,0,0.0,PostTouch,61,17,44,962.0,1406,100,32,50,0.64,10,12,0.833,74,0.74,37,0.37,6,0.06,4,0.04,6,0.06,PaintTouch
1641739,Toumani Camara,1610612757,POR,82,42,40,2731.0,349,57,131,0.435,31,42,0.738,151,0.433,143,0.41,27,0.077,40,0.115,22,0.063,Drives,82,42,40,2731.0,94,35,292,202,282,0.716,Defense,82,42,40,2731.0,177,462,0.383,530,176.0,459.0,0.383,0.574,CatchShoot,82,42,40,2731.0,3371,2727,201,17,29,388,540,247,0.06,0.073,Passing,82,42,40,2731.0,1100,4537,2345,155.9,2.06,1.27,0.242,77,3,222,0.766,0.0,0.748,Possessions,82,42,40,2731.0,43,129,0.333,125,39.0,119.0,0.328,0.484,PullUpShot,82.0,42.0,40.0,2731.0,129.0,69.0,60.0,0.535,308.0,0.419,15.0,0.44,8.2,292.0,64.0,226.0,0.219,524.0,0.557,56.0,0.624,7.7,421.0,133.0,286.0,0.316,797.0,0.528,71.0,0.58,7.8,Rebounding,82,42,40,2731.0,1145852,217.0,110.1,106.9,4.61,4.76,4.48,SpeedDistance,82,42,40,2731.0,4537,77,26,36,0.722,6,6,1.0,59,0.766,34,0.442,7,0.206,4,0.052,3,0.039,ElbowTouch,82,42,40,2731.0,4537,3,0,1,0.0,0,0,0.0,0,0.0,1,0.333,0,0.0,1,0.333,0,0.0,PostTouch,82,42,40,2731.0,4537,222,74,105,0.705,18,26,0.692,166,0.748,88,0.396,12,0.054,11,0.05,11,0.05,PaintTouch
1641740,Jaylen Clark,1610612750,MIN,68,40,28,888.0,93,21,54,0.389,17,26,0.654,65,0.699,18,0.194,6,0.065,6,0.065,14,0.151,Drives,68,40,28,888.0,47,9,66,56,85,0.659,Defense,68,40,28,888.0,30,92,0.326,90,30.0,92.0,0.326,0.489,CatchShoot,68,40,28,888.0,526,521,43,3,6,72,107,52,0.082,0.099,Passing,68,40,28,888.0,275,825,506,24.8,1.8,1.16,0.333,10,0,66,0.2,0.0,0.773,Possessions,68,40,28,888.0,5,19,0.263,13,3.0,8.0,0.375,0.342,PullUpShot,51.0,32.0,19.0,761.0,54.0,37.0,17.0,0.685,102.0,0.529,4.0,0.551,7.7,66.0,19.0,47.0,0.288,117.0,0.564,10.0,0.617,9.0,120.0,56.0,64.0,0.467,215.0,0.558,14.0,0.597,8.4,Rebounding,68,40,28,888.0,346585,65.6,31.3,34.3,4.29,4.13,4.46,SpeedDistance,68,40,28,888.0,825,10,1,1,1.0,0,0,0.0,2,0.2,9,0.9,4,0.444,0,0.0,0,0.0,ElbowTouch,68,40,28,888.0,825,0,0,0,0.0,0,0,0.0,0,0.0,0,0.0,0,0.0,0,0.0,0,0.0,PostTouch,68,40,28,888.0,825,66,21,35,0.6,7,10,0.7,51,0.773,22,0.333,8,0.121,1,0.015,4,0.061,PaintTouch
1641744,Zach Edey,1610612763,MEM,11,7,4,284.0,1,0,0,0.0,0,0,0.0,0,0.0,0,0.0,0,0.0,0,0.0,0,0.0,Drives,11,7,4,284.0,7,21,79,22,38,0.579,Defense,11,7,4,284.0,4,10,0.4,9,1.0,5.0,0.2,0.45,CatchShoot,11,7,4,284.0,257,223,12,0,1,21,31,13,0.047,0.051,Passing,11,7,4,284.0,150,401,250,8.7,1.3,0.22,0.374,28,47,144,0.25,0.809,0.882,Possessions,11,7,4,284.0,0,1,0.0,0,0.0,0.0,,0.0,PullUpShot,11.0,7.0,4.0,284.0,43.0,29.0,14.0,0.674,87.0,0.494,0.0,0.494,4.4,79.0,27.0,52.0,0.342,133.0,0.594,19.0,0.693,4.7,122.0,56.0,66.0,0.459,219.0,0.557,19.0,0.61,4.6,Rebounding,11,7,4,284.0,98934,18.7,9.8,8.9,4.16,4.4,3.92,SpeedDistance,11,7,4,284.0,401,28,2,6,0.333,3,4,0.75,7,0.25,18,0.643,1,0.056,1,0.036,2,0.071,ElbowTouch,11,7,4,284.0,401,47,19,30,0.633,0,0,0.0,38,0.809,10,0.213,4,0.085,4,0.085,0,0.0,PostTouch,11,7,4,284.0,401,144,54,83,0.651,18,21,0.857,127,0.882,32,0.222,6,0.042,5,0.035,11,0.076,PaintTouch
1641747,DaRon Holmes II,1610612743,DEN,25,17,8,210.0,14,3,4,0.75,0,0,0.0,6,0.429,9,0.643,5,0.357,0,0.0,0,0.0,Drives,25,17,8,210.0,1,6,27,29,43,0.674,Defense,25,17,8,210.0,21,46,0.457,61,19.0,44.0,0.432,0.663,CatchShoot,25,17,8,210.0,194,195,16,3,1,29,45,20,0.082,0.103,Passing,25,17,8,210.0,93,273,196,7.6,1.68,0.63,0.341,16,2,21,0.0,0.0,0.429,Possessions,25,17,8,210.0,1,1,1.0,3,1.0,1.0,1.0,1.5,PullUpShot,16.0,10.0,6.0,192.0,8.0,5.0,3.0,0.625,22.0,0.364,1.0,0.381,12.3,27.0,6.0,21.0,0.222,54.0,0.5,7.0,0.574,6.8,35.0,11.0,24.0,0.314,72.0,0.486,8.0,0.547,8.0,Rebounding,25,17,8,210.0,81297,15.4,8.3,7.1,4.13,4.33,3.92,SpeedDistance,25,17,8,210.0,273,16,0,1,0.0,0,0,0.0,0,0.0,15,0.938,3,0.2,0,0.0,0,0.0,ElbowTouch,25,17,8,210.0,273,2,0,0,0.0,0,0,0.0,0,0.0,1,0.5,0,0.0,1,0.5,0,0.0,PostTouch,25,17,8,210.0,273,21,2,6,0.333,5,6,0.833,9,0.429,9,0.429,0,0.0,0,0.0,1,0.048,PaintTouch
1641748,Andre Jackson Jr.,1610612749,MIL,48,12,36,408.0,65,4,18,0.222,2,6,0.333,12,0.185,37,0.569,11,0.169,5,0.077,4,0.062,Drives,48,12,36,408.0,19,4,47,25,37,0.676,Defense,48,12,36,408.0,9,44,0.205,27,9.0,40.0,0.225,0.307,CatchShoot,48,12,36,408.0,652,540,43,4,3,80,122,50,0.066,0.077,Passing,48,12,36,408.0,113,823,376,39.9,2.91,2.17,0.137,22,0,49,0.364,0.0,0.327,Possessions,48,12,36,408.0,7,28,0.25,20,6.0,19.0,0.316,0.357,PullUpShot,31.0,6.0,25.0,349.0,25.0,15.0,10.0,0.6,54.0,0.463,3.0,0.49,7.0,47.0,6.0,41.0,0.128,76.0,0.618,8.0,0.691,5.3,72.0,21.0,51.0,0.292,124.0,0.581,11.0,0.637,5.9,Rebounding,48,12,36,408.0,172532,32.7,17.9,14.8,4.54,4.91,4.16,SpeedDistance,48,12,36,408.0,823,22,3,10,0.3,2,2,1.0,8,0.364,11,0.5,2,0.182,0,0.0,1,0.045,ElbowTouch,48,12,36,408.0,823,0,0,0,0.0,0,0,0.0,0,0.0,0,0.0,0,0.0,0,0.0,0,0.0,PostTouch,48,12,36,408.0,823,49,7,19,0.368,2,2,1.0,16,0.327,25,0.51,2,0.041,2,0.041,1,0.02,PaintTouch
1641750,Ryan Kalkbrenner,1610612766,CHA,69,39,30,1479.0,1,0,0,0.0,0,0,0.0,0,0.0,1,1.0,0,0.0,0,0.0,0,0.0,Drives,69,39,30,1479.0,32,101,210,185,337,0.549,Defense,69,39,30,1479.0,3,6,0.5,6,0.0,2.0,0.0,0.5,CatchShoot,69,39,30,1479.0,1183,882,54,6,12,110,153,72,0.046,0.061,Passing,69,39,30,1479.0,521,1600,1001,47.3,1.78,0.41,0.326,89,14,432,0.607,0.643,1.063,Possessions,69,39,30,1479.0,0,3,0.0,0,0.0,2.0,0.0,0.0,PullUpShot,68.0,39.0,29.0,1466.0,167.0,129.0,38.0,0.772,392.0,0.426,15.0,0.443,4.4,210.0,98.0,112.0,0.467,465.0,0.452,77.0,0.541,5.6,377.0,227.0,150.0,0.602,842.0,0.448,92.0,0.503,5.1,Rebounding,69,39,30,1479.0,575480,109.0,59.6,49.4,4.34,4.48,4.17,SpeedDistance,69,39,30,1479.0,1600,89,23,28,0.821,7,10,0.7,54,0.607,47,0.528,5,0.106,7,0.079,5,0.056,ElbowTouch,69,39,30,1479.0,1600,14,4,6,0.667,0,0,0.0,9,0.643,5,0.357,0,0.0,0,0.0,0,0.0,PostTouch,69,39,30,1479.0,1600,432,200,260,0.769,51,71,0.718,459,1.063,99,0.229,7,0.016,21,0.049,34,0.079,PaintTouch
1641752,Bobi Klintman,1610612765,DET,12,8,4,71.0,9,1,3,0.333,0,0,0.0,2,0.222,1,0.111,0,0.0,4,0.444,0,0.0,Drives,12,8,4,71.0,3,0,14,4,7,0.571,Defense,12,8,4,71.0,4,13,0.308,12,4.0,13.0,0.308,0.462,CatchShoot,12,8,4,71.0,65,52,6,0,0,8,14,6,0.092,0.092,Passing,12,8,4,71.0,22,101,56,3.0,1.76,0.81,0.218,3,0,9,0.0,0.0,0.222,Possessions,12,8,4,71.0,1,2,0.5,2,0.0,0.0,,0.5,PullUpShot,7.0,4.0,3.0,50.0,5.0,3.0,2.0,0.6,12.0,0.417,0.0,0.417,10.4,14.0,4.0,10.0,0.286,19.0,0.737,3.0,0.875,5.3,19.0,7.0,12.0,0.368,29.0,0.655,3.0,0.731,6.7,Rebounding,12,8,4,71.0,29748,5.6,2.9,2.8,4.73,5.0,4.63,SpeedDistance,12,8,4,71.0,101,3,0,2,0.0,0,0,0.0,0,0.0,1,0.333,0,0.0,0,0.0,0,0.0,ElbowTouch,12,8,4,71.0,101,0,0,0,0.0,0,0,0.0,0,0.0,0,0.0,0,0.0,0,0.0,0,0.0,PostTouch,12,8,4,71.0,101,9,1,4,0.25,0,0,0.0,2,0.222,4,0.444,1,0.111,0,0.0,0,0.0,PaintTouch
1641753,Chris Livingston,1610612739,CLE,3,2,1,17.0,2,2,2,1.0,0,0,0.0,4,2.0,0,0.0,0,0.0,0,0.0,0,0.0,Drives,3,2,1,17.0,1,0,3,1,1,1.0,Defense,3,2,1,17.0,0,3,0.0,0,0.0,3.0,0.0,0.0,CatchShoot,3,2,1,17.0,14,16,1,0,0,1,2,1,0.071,0.071,Passing,3,2,1,17.0,9,21,13,0.7,2.08,1.86,0.429,0,0,0,0.0,0.0,0.0,Possessions,3,2,1,17.0,0,0,,0,0.0,0.0,,,PullUpShot,1.0,0.0,1.0,14.0,0.0,0.0,0.0,0.0,0.0,0.0,0.0,0.0,0.0,3.0,1.0,2.0,0.333,5.0,0.6,2.0,1.0,7.8,3.0,1.0,2.0,0.333,5.0,0.6,2.0,1.0,7.8,Rebounding,3,2,1,17.0,6678,1.3,0.7,0.6,4.67,4.81,4.52,SpeedDistance,3,2,1,17.0,21,0,0,0,0.0,0,0,0.0,0,0.0,0,0.0,0,0.0,0,0.0,0,0.0,ElbowTouch,3,2,1,17.0,21,0,0,0,0.0,0,0,0.0,0,0.0,0,0.0,0,0.0,0,0.0,0,0.0,PostTouch,3,2,1,17.0,21,0,0,0,0.0,0,0,0.0,0,0.0,0,0.0,0,0.0,0,0.0,0,0.0,PaintTouch
1641755,Kevin McCullar Jr.,1610612752,NYK,21,11,10,155.0,25,3,6,0.5,2,2,1.0,8,0.32,14,0.56,6,0.24,4,0.16,1,0.04,Drives,21,11,10,155.0,9,0,17,10,16,0.625,Defense,21,11,10,155.0,5,14,0.357,15,5.0,14.0,0.357,0.536,CatchShoot,21,11,10,155.0,193,164,20,1,3,33,50,24,0.104,0.124,Passing,21,11,10,155.0,50,257,131,10.6,2.48,1.89,0.195,4,0,12,0.5,0.0,0.667,Possessions,21,11,10,155.0,5,16,0.313,13,3.0,10.0,0.3,0.406,PullUpShot,11.0,5.0,6.0,130.0,11.0,4.0,7.0,0.364,23.0,0.478,1.0,0.5,7.7,17.0,4.0,13.0,0.235,26.0,0.654,1.0,0.68,7.6,28.0,8.0,20.0,0.286,45.0,0.622,2.0,0.651,7.6,Rebounding,21,11,10,155.0,66549,12.6,6.7,5.9,4.53,4.88,4.19,SpeedDistance,21,11,10,155.0,257,4,1,1,1.0,0,0,0.0,2,0.5,2,0.5,1,0.5,1,0.25,0,0.0,ElbowTouch,21,11,10,155.0,257,0,0,0,0.0,0,0,0.0,0,0.0,0,0.0,0,0.0,0,0.0,0,0.0,PostTouch,21,11,10,155.0,257,12,4,7,0.571,0,2,0.0,8,0.667,4,0.333,0,0.0,0,0.0,1,0.083,PaintTouch
1641757,Jordan Miller,1610612746,LAC,60,36,24,1325.0,404,95,170,0.559,84,110,0.764,277,0.686,150,0.371,40,0.099,20,0.05,55,0.136,Drives,60,36,24,1325.0,45,11,132,118,158,0.747,Defense,60,36,24,1325.0,36,99,0.364,108,36.0,98.0,0.367,0.545,CatchShoot,60,36,24,1325.0,1424,1379,136,11,20,225,365,167,0.096,0.117,Passing,60,36,24,1325.0,598,2033,957,115.0,3.39,2.94,0.294,36,7,83,0.75,0.857,1.145,Possessions,60,36,24,1325.0,22,53,0.415,46,2.0,13.0,0.154,0.434,PullUpShot,54.0,33.0,21.0,1249.0,50.0,26.0,24.0,0.52,127.0,0.394,3.0,0.403,7.6,132.0,32.0,100.0,0.242,236.0,0.559,23.0,0.62,6.9,182.0,58.0,124.0,0.319,356.0,0.511,26.0,0.552,7.1,Rebounding,60,36,24,1325.0,547991,103.8,56.2,47.6,4.37,4.73,4.01,SpeedDistance,60,36,24,1325.0,2033,36,12,17,0.706,3,6,0.5,27,0.75,14,0.389,4,0.286,0,0.0,3,0.083,ElbowTouch,60,36,24,1325.0,2033,7,1,2,0.5,4,4,1.0,6,0.857,2,0.286,0,0.0,0,0.0,2,0.286,PostTouch,60,36,24,1325.0,2033,83,38,52,0.731,17,18,0.944,95,1.145,17,0.205,2,0.024,4,0.048,9,0.108,PaintTouch
1641761,Grant Nelson,1610612751,BKN,4,0,4,35.0,6,1,3,0.333,1,2,0.5,3,0.5,1,0.167,0,0.0,1,0.167,1,0.167,Drives,4,0,4,35.0,1,5,5,0,7,0.0,Defense,4,0,4,35.0,0,1,0.0,0,,,,0.0,CatchShoot,4,0,4,35.0,38,44,5,0,1,9,12,6,0.132,0.158,Passing,4,0,4,35.0,17,59,46,1.7,1.75,0.75,0.288,15,1,15,0.067,0.0,0.533,Possessions,4,0,4,35.0,0,0,,0,,,,,PullUpShot,2.0,0.0,2.0,30.0,1.0,1.0,0.0,1.0,9.0,0.111,1.0,0.125,2.3,5.0,3.0,2.0,0.6,9.0,0.556,1.0,0.625,4.6,6.0,4.0,2.0,0.667,17.0,0.353,2.0,0.4,4.2,Rebounding,4,0,4,35.0,14735,2.8,1.3,1.4,4.34,4.31,4.07,SpeedDistance,4,0,4,35.0,59,15,0,3,0.0,1,2,0.5,1,0.067,9,0.6,3,0.333,1,0.067,1,0.067,ElbowTouch,4,0,4,35.0,59,1,0,0,0.0,0,0,0.0,0,0.0,1,1.0,0,0.0,0,0.0,0,0.0,PostTouch,4,0,4,35.0,59,15,3,4,0.75,2,4,0.5,8,0.533,6,0.4,1,0.067,2,0.133,2,0.133,PaintTouch
1641763,Julian Phillips,1610612750,MIN,48,19,29,427.0,28,6,16,0.375,7,8,0.875,21,0.75,5,0.179,0,0.0,3,0.107,4,0.143,Drives,48,19,29,427.0,22,7,26,23,31,0.742,Defense,48,19,29,427.0,21,65,0.323,62,20.0,64.0,0.313,0.477,CatchShoot,48,19,29,427.0,235,220,10,0,2,18,24,12,0.043,0.051,Passing,48,19,29,427.0,140,384,239,10.5,1.65,0.84,0.365,4,0,45,0.5,0.0,0.8,Possessions,48,19,29,427.0,1,3,0.333,2,0.0,1.0,0.0,0.333,PullUpShot,27.0,9.0,18.0,344.0,23.0,13.0,10.0,0.565,51.0,0.451,3.0,0.479,5.4,26.0,7.0,19.0,0.269,50.0,0.52,2.0,0.542,7.2,49.0,20.0,29.0,0.408,98.0,0.5,5.0,0.527,6.4,Rebounding,48,19,29,427.0,175502,33.2,16.8,16.5,4.59,4.8,4.42,SpeedDistance,48,19,29,427.0,384,4,1,2,0.5,0,0,0.0,2,0.5,1,0.25,0,0.0,1,0.25,0,0.0,ElbowTouch,48,19,29,427.0,384,0,0,0,0.0,0,0,0.0,0,0.0,0,0.0,0,0.0,0,0.0,0,0.0,PostTouch,48,19,29,427.0,384,45,18,30,0.6,0,0,0.0,36,0.8,12,0.267,3,0.067,3,0.067,0,0.0,PaintTouch
1641764,Brandin Podziemski,1610612744,GSW,82,37,45,2333.0,648,113,228,0.496,70,88,0.795,305,0.471,321,0.495,74,0.114,35,0.054,45,0.069,Drives,82,37,45,2333.0,88,15,347,133,173,0.769,Defense,82,37,45,2333.0,98,250,0.392,292,96.0,243.0,0.395,0.584,CatchShoot,82,37,45,2333.0,3675,3854,304,16,72,645,831,392,0.083,0.107,Passing,82,37,45,2333.0,1133,4943,2397,299.7,3.64,2.93,0.229,67,8,136,0.582,0.5,0.603,Possessions,82,37,45,2333.0,120,332,0.361,292,52.0,155.0,0.335,0.44,PullUpShot,80.0,37.0,43.0,2278.0,72.0,36.0,31.0,0.5,192.0,0.375,9.0,0.393,9.4,347.0,73.0,271.0,0.21,537.0,0.646,49.0,0.711,6.6,419.0,109.0,302.0,0.26,718.0,0.584,58.0,0.635,7.1,Rebounding,82,37,45,2333.0,935263,177.1,98.7,78.4,4.38,4.69,4.05,SpeedDistance,82,37,45,2333.0,4943,67,17,25,0.68,3,4,0.75,39,0.582,33,0.493,6,0.182,6,0.09,2,0.03,ElbowTouch,82,37,45,2333.0,4943,8,2,2,1.0,0,0,0.0,4,0.5,6,0.75,1,0.125,0,0.0,0,0.0,PostTouch,82,37,45,2333.0,4943,136,36,54,0.667,9,10,0.9,82,0.603,62,0.456,12,0.088,8,0.059,5,0.037,PaintTouch
1641765,Olivier-Maxence Prosper,1610612763,MEM,53,16,37,984.0,140,37,65,0.569,13,18,0.722,91,0.65,54,0.386,8,0.057,12,0.086,9,0.064,Drives,53,16,37,984.0,40,13,128,107,161,0.665,Defense,53,16,37,984.0,53,138,0.384,158,52.0,136.0,0.382,0.572,CatchShoot,53,16,37,984.0,898,827,51,3,6,90,128,60,0.057,0.067,Passing,53,16,37,984.0,530,1373,742,44.2,1.93,1.28,0.386,56,5,124,0.893,0.8,0.879,Possessions,53,16,37,984.0,10,25,0.4,28,8.0,12.0,0.667,0.56,PullUpShot,49.0,15.0,34.0,974.0,59.0,40.0,19.0,0.678,159.0,0.371,5.0,0.383,6.3,128.0,33.0,95.0,0.258,255.0,0.502,35.0,0.582,6.2,187.0,73.0,114.0,0.39,393.0,0.476,40.0,0.53,6.2,Rebounding,53,16,37,984.0,424515,80.4,41.7,38.7,4.64,4.96,4.33,SpeedDistance,53,16,37,984.0,1373,56,17,25,0.68,15,16,0.938,50,0.893,16,0.286,1,0.063,5,0.089,7,0.125,ElbowTouch,53,16,37,984.0,1373,5,1,2,0.5,2,2,1.0,4,0.8,2,0.4,0,0.0,0,0.0,1,0.2,PostTouch,53,16,37,984.0,1373,124,45,60,0.75,18,24,0.75,109,0.879,33,0.266,6,0.048,9,0.073,11,0.089,PaintTouch
1641767,Ben Sheppard,1610612754,IND,65,16,49,1390.0,134,29,60,0.483,17,20,0.85,76,0.567,55,0.41,10,0.075,9,0.067,10,0.075,Drives,65,16,49,1390.0,39,6,152,72,96,0.75,Defense,65,16,49,1390.0,80,211,0.379,237,77.0,206.0,0.374,0.562,CatchShoot,65,16,49,1390.0,1716,1497,114,6,23,194,288,143,0.066,0.083,Passing,65,16,49,1390.0,459,2203,1238,72.7,1.98,1.32,0.208,17,0,53,0.412,0.0,0.491,Possessions,65,16,49,1390.0,14,48,0.292,35,7.0,26.0,0.269,0.365,PullUpShot,61.0,16.0,45.0,1334.0,43.0,14.0,29.0,0.326,93.0,0.462,4.0,0.483,11.0,152.0,32.0,120.0,0.211,242.0,0.628,28.0,0.71,8.0,195.0,46.0,149.0,0.236,319.0,0.611,32.0,0.679,8.7,Rebounding,65,16,49,1390.0,590635,111.9,58.7,53.1,4.71,4.96,4.45,SpeedDistance,65,16,49,1390.0,2203,17,2,7,0.286,2,2,1.0,7,0.412,9,0.529,0,0.0,0,0.0,1,0.059,ElbowTouch,65,16,49,1390.0,2203,0,0,0,0.0,0,0,0.0,0,0.0,0,0.0,0,0.0,0,0.0,0,0.0,PostTouch,65,16,49,1390.0,2203,53,11,20,0.55,4,6,0.667,26,0.491,29,0.547,3,0.057,0,0.0,3,0.057,PaintTouch
1641771,Jalen Slawson,1610612754,IND,13,3,10,311.0,53,6,14,0.429,2,4,0.5,15,0.283,29,0.547,6,0.113,4,0.075,2,0.038,Drives,13,3,10,311.0,20,14,50,37,63,0.587,Defense,13,3,10,311.0,14,41,0.341,42,14.0,38.0,0.368,0.512,CatchShoot,13,3,10,311.0,449,354,36,3,2,72,95,41,0.08,0.091,Passing,13,3,10,311.0,95,568,293,16.9,1.78,0.87,0.167,9,4,23,0.889,0.5,0.87,Possessions,13,3,10,311.0,2,4,0.5,5,1.0,2.0,0.5,0.625,PullUpShot,12.0,3.0,9.0,306.0,7.0,4.0,3.0,0.571,27.0,0.259,2.0,0.28,10.4,50.0,11.0,39.0,0.22,94.0,0.532,10.0,0.595,5.6,57.0,15.0,42.0,0.263,116.0,0.491,12.0,0.548,6.2,Rebounding,13,3,10,311.0,127444,24.1,12.9,11.3,4.38,4.81,4.01,SpeedDistance,13,3,10,311.0,568,9,4,5,0.8,0,2,0.0,8,0.889,2,0.222,0,0.0,1,0.111,1,0.111,ElbowTouch,13,3,10,311.0,568,4,1,2,0.5,0,0,0.0,2,0.5,2,0.5,0,0.0,0,0.0,0,0.0,PostTouch,13,3,10,311.0,568,23,8,10,0.8,4,6,0.667,20,0.87,7,0.304,1,0.043,3,0.13,3,0.13,PaintTouch
1641772,Nae'Qwan Tomlin,1610612739,CLE,64,42,22,1004.0,57,14,28,0.5,10,12,0.833,39,0.684,19,0.333,7,0.123,1,0.018,6,0.105,Drives,64,42,22,1004.0,41,34,100,55,90,0.611,Defense,64,42,22,1004.0,25,109,0.229,75,25.0,107.0,0.234,0.344,CatchShoot,64,42,22,1004.0,740,701,53,7,8,96,142,68,0.072,0.092,Passing,64,42,22,1004.0,374,1127,678,34.8,1.85,1.17,0.332,39,3,183,0.513,0.667,0.874,Possessions,64,42,22,1004.0,1,6,0.167,3,1.0,6.0,0.167,0.25,PullUpShot,53.0,32.0,21.0,929.0,86.0,59.0,27.0,0.686,191.0,0.45,11.0,0.478,5.9,100.0,22.0,78.0,0.22,189.0,0.529,20.0,0.592,7.2,186.0,81.0,105.0,0.435,369.0,0.504,31.0,0.55,6.6,Rebounding,64,42,22,1004.0,430509,81.5,41.6,39.9,4.69,4.94,4.45,SpeedDistance,64,42,22,1004.0,1127,39,9,17,0.529,2,2,1.0,20,0.513,17,0.436,4,0.235,1,0.026,1,0.026,ElbowTouch,64,42,22,1004.0,1127,3,1,1,1.0,0,0,0.0,2,0.667,1,0.333,1,0.333,0,0.0,0,0.0,PostTouch,64,42,22,1004.0,1127,183,69,106,0.651,22,28,0.786,160,0.874,50,0.273,7,0.038,9,0.049,13,0.071,PaintTouch
1641774,Tristan Vukcevic,1610612764,WAS,49,8,41,671.0,72,25,40,0.625,20,24,0.833,71,0.986,15,0.208,6,0.083,3,0.042,12,0.167,Drives,49,8,41,671.0,23,33,115,107,167,0.641,Defense,49,8,41,671.0,54,148,0.365,149,41.0,118.0,0.347,0.503,CatchShoot,49,8,41,671.0,706,800,55,8,4,78,138,67,0.078,0.095,Passing,49,8,41,671.0,441,1160,758,35.7,1.85,0.88,0.38,86,5,96,0.721,0.8,1.146,Possessions,49,8,41,671.0,27,69,0.391,63,9.0,24.0,0.375,0.457,PullUpShot,43.0,8.0,35.0,647.0,32.0,20.0,12.0,0.625,77.0,0.416,3.0,0.432,9.1,115.0,27.0,88.0,0.235,211.0,0.545,27.0,0.625,4.9,147.0,47.0,100.0,0.32,277.0,0.531,30.0,0.595,5.8,Rebounding,49,8,41,671.0,253165,47.9,25.3,22.6,4.18,4.46,3.9,SpeedDistance,49,8,41,671.0,1160,86,23,47,0.489,14,16,0.875,62,0.721,25,0.291,3,0.12,3,0.035,7,0.081,ElbowTouch,49,8,41,671.0,1160,5,1,1,1.0,2,6,0.333,4,0.8,1,0.2,0,0.0,0,0.0,3,0.6,PostTouch,49,8,41,671.0,1160,96,44,61,0.721,18,24,0.75,110,1.146,14,0.146,3,0.031,6,0.063,11,0.115,PaintTouch
1641775,Jordan Walsh,1610612738,BOS,68,46,22,1212.0,86,20,41,0.488,9,14,0.643,49,0.57,31,0.36,7,0.081,6,0.07,7,0.081,Drives,68,46,22,1212.0,49,31,187,80,135,0.593,Defense,68,46,22,1212.0,48,120,0.4,144,48.0,119.0,0.403,0.6,CatchShoot,68,46,22,1212.0,896,680,54,4,4,101,150,62,0.06,0.069,Passing,68,46,22,1212.0,364,1237,696,37.1,1.8,0.88,0.294,22,0,116,0.364,0.0,0.871,Possessions,68,46,22,1212.0,0,9,0.0,0,0.0,5.0,0.0,0.0,PullUpShot,60.0,40.0,20.0,1155.0,85.0,47.0,38.0,0.553,188.0,0.452,7.0,0.47,7.7,187.0,49.0,138.0,0.262,310.0,0.603,26.0,0.658,6.2,272.0,96.0,176.0,0.353,484.0,0.562,33.0,0.603,6.7,Rebounding,68,46,22,1212.0,477402,90.4,46.8,43.6,4.36,4.33,4.39,SpeedDistance,68,46,22,1212.0,1237,22,3,5,0.6,2,2,1.0,8,0.364,16,0.727,3,0.188,0,0.0,1,0.045,ElbowTouch,68,46,22,1212.0,1237,0,0,0,0.0,0,0,0.0,0,0.0,0,0.0,0,0.0,0,0.0,0,0.0,PostTouch,68,46,22,1212.0,1237,116,44,67,0.657,7,10,0.7,101,0.871,35,0.302,7,0.06,5,0.043,5,0.043,PaintTouch
1641778,Leaky Black,1610612764,WAS,15,1,14,433.0,36,6,16,0.375,2,2,1.0,14,0.389,15,0.417,5,0.139,3,0.083,1,0.028,Drives,15,1,14,433.0,18,8,60,48,66,0.727,Defense,15,1,14,433.0,16,47,0.34,48,16.0,45.0,0.356,0.511,CatchShoot,15,1,14,433.0,384,266,22,1,2,50,61,25,0.057,0.065,Passing,15,1,14,433.0,106,513,268,17.6,2.06,1.03,0.207,6,2,17,1.0,0.0,0.765,Possessions,15,1,14,433.0,13,29,0.448,27,1.0,4.0,0.25,0.466,PullUpShot,14.0,1.0,13.0,429.0,15.0,6.0,8.0,0.4,23.0,0.652,0.0,0.652,10.4,60.0,13.0,47.0,0.217,93.0,0.645,5.0,0.682,7.0,75.0,19.0,55.0,0.253,113.0,0.664,5.0,0.694,7.6,Rebounding,15,1,14,433.0,176719,33.5,17.8,15.6,4.33,4.49,4.12,SpeedDistance,15,1,14,433.0,513,6,3,5,0.6,0,0,0.0,6,1.0,1,0.167,0,0.0,0,0.0,0,0.0,ElbowTouch,15,1,14,433.0,513,2,0,0,0.0,0,0,0.0,0,0.0,2,1.0,0,0.0,0,0.0,0,0.0,PostTouch,15,1,14,433.0,513,17,6,11,0.545,1,2,0.5,13,0.765,5,0.294,0,0.0,0,0.0,1,0.059,PaintTouch
1641780,Johni Broome,1610612755,PHI,11,5,6,55.0,2,1,2,0.5,0,0,0.0,2,1.0,0,0.0,0,0.0,0,0.0,0,0.0,Drives,11,5,6,55.0,3,2,9,8,13,0.615,Defense,11,5,6,55.0,0,8,0.0,0,0.0,5.0,0.0,0.0,CatchShoot,11,5,6,55.0,66,57,4,0,2,7,8,6,0.061,0.091,Passing,11,5,6,55.0,10,99,60,2.7,1.65,0.76,0.101,8,4,13,0.0,0.5,0.308,Possessions,11,5,6,55.0,0,1,0.0,0,0.0,0.0,,0.0,PullUpShot,6.0,2.0,4.0,42.0,7.0,3.0,4.0,0.429,11.0,0.636,0.0,0.636,4.5,9.0,4.0,5.0,0.444,12.0,0.75,1.0,0.818,3.7,16.0,7.0,9.0,0.438,22.0,0.727,1.0,0.762,4.0,Rebounding,11,5,6,55.0,21395,4.1,2.1,1.9,4.42,4.43,4.18,SpeedDistance,11,5,6,55.0,99,8,0,2,0.0,0,0,0.0,0,0.0,5,0.625,0,0.0,0,0.0,0,0.0,ElbowTouch,11,5,6,55.0,99,4,0,0,0.0,2,2,1.0,2,0.5,3,0.75,1,0.25,0,0.0,1,0.25,PostTouch,11,5,6,55.0,99,13,2,8,0.25,0,4,0.0,4,0.308,1,0.077,0,0.0,2,0.154,2,0.154,PaintTouch
1641783,Tristan da Silva,1610612753,ORL,77,43,34,1899.0,230,55,121,0.455,25,30,0.833,139,0.604,75,0.326,27,0.117,17,0.074,15,0.065,Drives,77,43,34,1899.0,68,25,226,128,170,0.753,Defense,77,43,34,1899.0,102,277,0.368,301,97.0,262.0,0.37,0.543,CatchShoot,77,43,34,1899.0,1607,1539,124,10,13,187,304,144,0.077,0.09,Passing,77,43,34,1899.0,762,2413,1338,88.4,2.2,1.31,0.316,60,3,119,0.517,1.333,0.908,Possessions,77,43,34,1899.0,46,119,0.387,113,21.0,56.0,0.375,0.475,PullUpShot,75.0,41.0,34.0,1852.0,58.0,18.0,40.0,0.31,164.0,0.354,3.0,0.36,10.3,226.0,69.0,156.0,0.305,382.0,0.592,37.0,0.655,7.4,284.0,87.0,196.0,0.306,539.0,0.527,40.0,0.569,8.0,Rebounding,77,43,34,1899.0,795038,150.6,80.4,70.2,4.59,4.91,4.27,SpeedDistance,77,43,34,1899.0,2413,60,15,28,0.536,0,0,0.0,31,0.517,28,0.467,8,0.286,3,0.05,0,0.0,ElbowTouch,77,43,34,1899.0,2413,3,2,3,0.667,0,0,0.0,4,1.333,0,0.0,0,0.0,0,0.0,0,0.0,PostTouch,77,43,34,1899.0,2413,119,53,79,0.671,2,2,1.0,108,0.908,29,0.244,4,0.034,7,0.059,0,0.0,PaintTouch
1641787,Tosan Evbuomwan,1610612766,CHA,5,4,1,8.0,1,0,1,0.0,0,0,0.0,0,0.0,0,0.0,0,0.0,0,0.0,0,0.0,Drives,5,4,1,8.0,0,0,1,0,1,0.0,Defense,5,4,1,8.0,0,0,,0,,,,,CatchShoot,5,4,1,8.0,7,5,0,1,0,3,2,1,0.0,0.143,Passing,5,4,1,8.0,0,8,5,0.2,1.87,1.38,0.0,0,0,0,0.0,0.0,0.0,Possessions,5,4,1,8.0,0,0,,0,,,,,PullUpShot,2.0,2.0,0.0,5.0,1.0,1.0,0.0,1.0,1.0,1.0,0.0,1.0,9.2,1.0,0.0,1.0,0.0,2.0,0.5,0.0,0.5,7.6,2.0,1.0,1.0,0.5,3.0,0.667,0.0,0.667,8.4,Rebounding,5,4,1,8.0,3035,0.6,0.3,0.2,4.67,4.11,3.6,SpeedDistance,5,4,1,8.0,8,0,0,0,0.0,0,0,0.0,0,0.0,0,0.0,0,0.0,0,0.0,0,0.0,ElbowTouch,5,4,1,8.0,8,0,0,0,0.0,0,0,0.0,0,0.0,0,0.0,0,0.0,0,0.0,0,0.0,PostTouch,5,4,1,8.0,8,0,0,0,0.0,0,0,0.0,0,0.0,0,0.0,0,0.0,0,0.0,0,0.0,PaintTouch
1641790,PJ Hall,1610612766,CHA,19,7,12,213.0,3,1,2,0.5,0,0,0.0,2,0.667,0,0.0,0,0.0,1,0.333,0,0.0,Drives,19,7,12,213.0,3,10,42,20,38,0.526,Defense,19,7,12,213.0,3,7,0.429,9,3.0,5.0,0.6,0.643,CatchShoot,19,7,12,213.0,206,155,10,1,2,20,25,12,0.049,0.058,Passing,19,7,12,213.0,86,298,180,7.9,1.58,0.49,0.289,17,4,89,0.647,0.0,0.64,Possessions,19,7,12,213.0,0,0,,0,0.0,0.0,,,PullUpShot,16.0,5.0,11.0,211.0,33.0,24.0,9.0,0.727,73.0,0.452,3.0,0.471,3.9,42.0,14.0,28.0,0.333,76.0,0.553,5.0,0.592,4.9,75.0,38.0,37.0,0.507,147.0,0.51,8.0,0.54,4.5,Rebounding,19,7,12,213.0,86774,16.4,8.9,7.6,4.37,4.51,4.27,SpeedDistance,19,7,12,213.0,298,17,4,6,0.667,3,4,0.75,11,0.647,7,0.412,1,0.143,1,0.059,2,0.118,ElbowTouch,19,7,12,213.0,298,4,0,3,0.0,0,0,0.0,0,0.0,1,0.25,0,0.0,0,0.0,0,0.0,PostTouch,19,7,12,213.0,298,89,23,47,0.489,11,14,0.786,57,0.64,26,0.292,5,0.056,8,0.09,7,0.079,PaintTouch
1641794,Dillon Jones,1610612752,NYK,7,5,2,39.0,6,0,2,0.0,4,4,1.0,4,0.667,2,0.333,2,0.333,0,0.0,2,0.333,Drives,7,5,2,39.0,3,0,5,0,0,0.0,Defense,7,5,2,39.0,1,3,0.333,3,1.0,3.0,0.333,0.5,CatchShoot,7,5,2,39.0,48,36,4,0,0,6,9,4,0.083,0.083,Passing,7,5,2,39.0,9,61,25,3.5,3.44,2.82,0.148,0,0,0,0.0,0.0,0.0,Possessions,7,5,2,39.0,0,4,0.0,0,0.0,2.0,0.0,0.0,PullUpShot,4.0,2.0,2.0,31.0,2.0,0.0,2.0,0.0,2.0,1.0,0.0,1.0,26.0,5.0,0.0,5.0,0.0,9.0,0.556,0.0,0.556,5.4,7.0,0.0,7.0,0.0,11.0,0.636,0.0,0.636,11.3,Rebounding,7,5,2,39.0,16342,3.1,1.7,1.4,4.36,4.49,4.21,SpeedDistance,7,5,2,39.0,61,0,0,0,0.0,0,0,0.0,0,0.0,0,0.0,0,0.0,0,0.0,0,0.0,ElbowTouch,7,5,2,39.0,61,0,0,0,0.0,0,0,0.0,0,0.0,0,0.0,0,0.0,0,0.0,0,0.0,PostTouch,7,5,2,39.0,61,0,0,0,0.0,0,0,0.0,0,0.0,0,0.0,0,0.0,0,0.0,0,0.0,PaintTouch
1641796,Pelle Larsson,1610612748,MIA,70,38,32,1849.0,455,99,185,0.535,65,84,0.774,278,0.611,182,0.4,53,0.116,27,0.059,43,0.095,Drives,70,38,32,1849.0,49,16,175,86,129,0.667,Defense,70,38,32,1849.0,60,178,0.337,179,59.0,175.0,0.337,0.503,CatchShoot,70,38,32,1849.0,1847,1980,236,21,31,355,604,288,0.128,0.156,Passing,70,38,32,1849.0,800,2679,1674,106.4,2.38,1.5,0.299,32,4,133,0.813,1.0,0.812,Possessions,70,38,32,1849.0,12,40,0.3,27,3.0,17.0,0.176,0.338,PullUpShot,65.0,36.0,29.0,1764.0,69.0,33.0,36.0,0.478,183.0,0.377,8.0,0.394,7.8,175.0,41.0,133.0,0.234,284.0,0.616,26.0,0.678,9.0,244.0,74.0,169.0,0.303,456.0,0.535,34.0,0.578,8.6,Rebounding,70,38,32,1849.0,785822,148.8,78.3,70.6,4.69,5.3,4.17,SpeedDistance,70,38,32,1849.0,2679,32,8,15,0.533,9,10,0.9,26,0.813,9,0.281,0,0.0,1,0.031,5,0.156,ElbowTouch,70,38,32,1849.0,2679,4,1,3,0.333,2,2,1.0,4,1.0,0,0.0,0,0.0,0,0.0,1,0.25,PostTouch,70,38,32,1849.0,2679,133,48,72,0.667,12,16,0.75,108,0.812,41,0.308,9,0.068,8,0.06,8,0.06,PaintTouch
1641801,Emanuel Miller,1610612759,SAS,5,0,5,33.0,5,1,3,0.333,1,2,0.5,3,0.6,1,0.2,0,0.0,0,0.0,1,0.2,Drives,5,0,5,33.0,2,0,2,4,6,0.667,Defense,5,0,5,33.0,3,7,0.429,8,2.0,6.0,0.333,0.571,CatchShoot,5,0,5,33.0,30,30,4,0,0,1,8,4,0.133,0.133,Passing,5,0,5,33.0,15,44,31,1.1,1.45,0.84,0.341,1,0,3,2.0,0.0,1.333,Possessions,5,0,5,33.0,0,0,,0,0.0,0.0,,,PullUpShot,3.0,0.0,3.0,19.0,1.0,1.0,0.0,1.0,2.0,0.5,0.0,0.5,2.3,2.0,1.0,1.0,0.5,4.0,0.5,1.0,0.667,3.0,3.0,2.0,1.0,0.667,6.0,0.5,1.0,0.6,2.8,Rebounding,5,0,5,33.0,12758,2.4,1.3,1.1,4.48,4.8,4.16,SpeedDistance,5,0,5,33.0,44,1,1,1,1.0,0,0,0.0,2,2.0,0,0.0,0,0.0,0,0.0,0,0.0,ElbowTouch,5,0,5,33.0,44,0,0,0,0.0,0,0,0.0,0,0.0,0,0.0,0,0.0,0,0.0,0,0.0,PostTouch,5,0,5,33.0,44,3,2,3,0.667,0,0,0.0,4,1.333,0,0.0,0,0.0,0,0.0,0,0.0,PaintTouch
1641803,Tristen Newton,1610612745,HOU,1,1,0,12.0,0,0,0,0.0,0,0,0.0,0,0.0,0,0.0,0,0.0,0,0.0,0,0.0,Drives,1,1,0,12.0,1,0,1,1,1,1.0,Defense,1,1,0,12.0,2,4,0.5,6,2.0,4.0,0.5,0.75,CatchShoot,1,1,0,12.0,10,15,0,0,0,0,0,0,0.0,0.0,Passing,1,1,0,12.0,12,21,14,0.9,2.43,1.71,0.571,0,0,3,0.0,0.0,0.0,Possessions,1,1,0,12.0,1,2,0.5,2,0.0,1.0,0.0,0.5,PullUpShot,1.0,1.0,0.0,12.0,2.0,1.0,1.0,0.5,5.0,0.4,0.0,0.4,5.4,1.0,0.0,1.0,0.0,2.0,0.5,0.0,0.5,5.5,3.0,1.0,2.0,0.333,7.0,0.429,0.0,0.429,5.4,Rebounding,1,1,0,12.0,5256,1.0,0.6,0.4,4.67,5.23,4.02,SpeedDistance,1,1,0,12.0,21,0,0,0,0.0,0,0,0.0,0,0.0,0,0.0,0,0.0,0,0.0,0,0.0,ElbowTouch,1,1,0,12.0,21,0,0,0,0.0,0,0,0.0,0,0.0,0,0.0,0,0.0,0,0.0,0,0.0,PostTouch,1,1,0,12.0,21,3,0,2,0.0,0,0,0.0,0,0.0,1,0.333,0,0.0,0,0.0,0,0.0,PaintTouch
1641807,Norchad Omier,1610612746,LAC,6,5,1,24.0,0,0,0,0.0,0,0,0.0,0,0.0,0,0.0,0,0.0,0,0.0,0,0.0,Drives,6,5,1,24.0,1,0,3,2,3,0.667,Defense,6,5,1,24.0,0,1,0.0,0,0.0,1.0,0.0,0.0,CatchShoot,6,5,1,24.0,39,23,2,0,0,2,5,2,0.051,0.051,Passing,6,5,1,24.0,17,51,25,1.3,1.5,0.51,0.333,3,2,10,1.667,2.0,1.0,Possessions,6,5,1,24.0,0,0,,0,0.0,0.0,,,PullUpShot,5.0,4.0,1.0,18.0,4.0,2.0,2.0,0.5,9.0,0.444,0.0,0.444,4.2,3.0,1.0,2.0,0.333,5.0,0.6,0.0,0.6,2.8,7.0,3.0,4.0,0.429,13.0,0.538,0.0,0.538,3.6,Rebounding,6,5,1,24.0,9916,1.9,1.0,0.8,4.4,4.24,4.09,SpeedDistance,6,5,1,24.0,51,3,2,2,1.0,0,0,0.0,5,1.667,1,0.333,1,1.0,0,0.0,0,0.0,ElbowTouch,6,5,1,24.0,51,2,2,2,1.0,0,0,0.0,4,2.0,0,0.0,0,0.0,0,0.0,0,0.0,PostTouch,6,5,1,24.0,51,10,5,6,0.833,0,0,0.0,10,1.0,3,0.3,0,0.0,0,0.0,0,0.0,PaintTouch
1641809,Drew Peterson,1610612766,CHA,6,1,5,64.0,7,1,3,0.333,1,2,0.5,3,0.429,3,0.429,1,0.143,0,0.0,1,0.143,Drives,6,1,5,64.0,3,1,6,3,5,0.6,Defense,6,1,5,64.0,0,12,0.0,0,0.0,12.0,0.0,0.0,CatchShoot,6,1,5,64.0,62,42,2,0,0,6,5,2,0.032,0.032,Passing,6,1,5,64.0,5,78,48,2.5,1.9,1.09,0.064,2,0,3,0.0,0.0,0.0,Possessions,6,1,5,64.0,0,1,0.0,0,0.0,0.0,,0.0,PullUpShot,5.0,1.0,4.0,58.0,3.0,1.0,2.0,0.333,7.0,0.429,0.0,0.429,11.7,6.0,1.0,5.0,0.167,12.0,0.5,1.0,0.545,5.3,9.0,2.0,7.0,0.222,17.0,0.529,1.0,0.563,7.4,Rebounding,6,1,5,64.0,23728,4.5,2.4,2.1,4.34,4.62,4.07,SpeedDistance,6,1,5,64.0,78,2,0,0,0.0,0,0,0.0,0,0.0,2,1.0,0,0.0,0,0.0,0,0.0,ElbowTouch,6,1,5,64.0,78,0,0,0,0.0,0,0,0.0,0,0.0,0,0.0,0,0.0,0,0.0,0,0.0,PostTouch,6,1,5,64.0,78,3,0,0,0.0,0,0,0.0,0,0.0,3,1.0,0,0.0,0,0.0,0,0.0,PaintTouch
1641810,Antonio Reeves,1610612766,CHA,10,4,6,68.0,11,3,5,0.6,0,0,0.0,6,0.545,6,0.545,1,0.091,0,0.0,0,0.0,Drives,10,4,6,68.0,1,0,6,2,2,1.0,Defense,10,4,6,68.0,5,10,0.5,15,5.0,10.0,0.5,0.75,CatchShoot,10,4,6,68.0,48,43,3,0,1,7,8,4,0.063,0.083,Passing,10,4,6,68.0,27,70,47,2.1,1.81,1.39,0.386,0,0,2,0.0,0.0,0.0,Possessions,10,4,6,68.0,2,4,0.5,6,2.0,3.0,0.667,0.75,PullUpShot,4.0,2.0,2.0,41.0,2.0,1.0,1.0,0.5,4.0,0.5,0.0,0.5,9.6,6.0,2.0,4.0,0.333,7.0,0.857,0.0,0.857,7.2,8.0,3.0,5.0,0.375,11.0,0.727,0.0,0.727,7.8,Rebounding,10,4,6,68.0,25185,4.8,2.6,2.1,4.31,4.34,4.09,SpeedDistance,10,4,6,68.0,70,0,0,0,0.0,0,0,0.0,0,0.0,0,0.0,0,0.0,0,0.0,0,0.0,ElbowTouch,10,4,6,68.0,70,0,0,0,0.0,0,0,0.0,0,0.0,0,0.0,0,0.0,0,0.0,0,0.0,PostTouch,10,4,6,68.0,70,2,0,0,0.0,0,0,0.0,0,0.0,2,1.0,0,0.0,0,0.0,0,0.0,PaintTouch
1641813,Mark Sears,1610612749,MIL,7,1,6,26.0,12,2,5,0.4,2,2,1.0,6,0.5,5,0.417,1,0.083,1,0.083,1,0.083,Drives,7,1,6,26.0,0,0,1,2,3,0.667,Defense,7,1,6,26.0,3,4,0.75,9,3.0,4.0,0.75,1.125,CatchShoot,7,1,6,26.0,29,50,2,0,1,5,5,3,0.069,0.103,Passing,7,1,6,26.0,22,54,26,4.6,5.11,5.11,0.407,0,0,0,0.0,0.0,0.0,Possessions,7,1,6,26.0,2,6,0.333,5,1.0,4.0,0.25,0.417,PullUpShot,2.0,0.0,2.0,5.0,1.0,0.0,1.0,0.0,1.0,1.0,0.0,1.0,12.9,1.0,0.0,1.0,0.0,2.0,0.5,0.0,0.5,5.4,2.0,0.0,2.0,0.0,3.0,0.667,0.0,0.667,9.2,Rebounding,7,1,6,26.0,11178,2.1,1.1,1.0,4.76,5.05,4.47,SpeedDistance,7,1,6,26.0,54,0,0,0,0.0,0,0,0.0,0,0.0,0,0.0,0,0.0,0,0.0,0,0.0,ElbowTouch,7,1,6,26.0,54,0,0,0,0.0,0,0,0.0,0,0.0,0,0.0,0,0.0,0,0.0,0,0.0,PostTouch,7,1,6,26.0,54,0,0,0,0.0,0,0,0.0,0,0.0,0,0.0,0,0.0,0,0.0,0,0.0,PaintTouch
1641815,Isaiah Stevens,1610612758,SAC,3,0,3,43.0,7,1,3,0.333,0,0,0.0,2,0.286,3,0.429,0,0.0,1,0.143,0,0.0,Drives,3,0,3,43.0,5,0,1,1,1,1.0,Defense,3,0,3,43.0,0,2,0.0,0,0.0,1.0,0.0,0.0,CatchShoot,3,0,3,43.0,82,71,10,0,0,16,25,10,0.122,0.122,Passing,3,0,3,43.0,10,94,39,5.1,3.25,3.16,0.106,2,0,2,1.0,0.0,1.0,Possessions,3,0,3,43.0,0,1,0.0,0,0.0,0.0,,0.0,PullUpShot,2.0,0.0,2.0,39.0,2.0,0.0,2.0,0.0,3.0,0.667,0.0,0.667,14.6,1.0,0.0,1.0,0.0,3.0,0.333,1.0,0.5,27.1,3.0,0.0,3.0,0.0,6.0,0.5,1.0,0.6,18.7,Rebounding,3,0,3,43.0,17365,3.3,1.7,1.6,4.32,4.47,4.16,SpeedDistance,3,0,3,43.0,94,2,1,1,1.0,0,0,0.0,2,1.0,0,0.0,0,0.0,1,0.5,0,0.0,ElbowTouch,3,0,3,43.0,94,0,0,0,0.0,0,0,0.0,0,0.0,0,0.0,0,0.0,0,0.0,0,0.0,PostTouch,3,0,3,43.0,94,2,1,1,1.0,0,0,0.0,2,1.0,0,0.0,0,0.0,1,0.5,0,0.0,PaintTouch
1641816,Hunter Tyson,1610612743,DEN,21,15,6,162.0,27,3,10,0.3,4,4,1.0,11,0.407,12,0.444,5,0.185,3,0.111,2,0.074,Drives,21,15,6,162.0,2,1,32,17,23,0.739,Defense,21,15,6,162.0,7,31,0.226,20,6.0,29.0,0.207,0.323,CatchShoot,21,15,6,162.0,145,129,17,0,2,22,45,19,0.117,0.131,Passing,21,15,6,162.0,46,212,127,8.3,2.34,1.21,0.217,2,0,6,0.0,0.0,0.333,Possessions,21,15,6,162.0,1,6,0.167,3,1.0,4.0,0.25,0.25,PullUpShot,18.0,12.0,6.0,150.0,4.0,2.0,2.0,0.5,21.0,0.19,0.0,0.19,8.1,32.0,10.0,22.0,0.313,47.0,0.681,5.0,0.762,5.1,36.0,12.0,24.0,0.333,63.0,0.571,5.0,0.621,5.4,Rebounding,21,15,6,162.0,67201,12.7,6.9,5.8,4.49,4.76,4.2,SpeedDistance,21,15,6,162.0,212,2,0,1,0.0,0,0,0.0,0,0.0,1,0.5,1,1.0,0,0.0,0,0.0,ElbowTouch,21,15,6,162.0,212,0,0,0,0.0,0,0,0.0,0,0.0,0,0.0,0,0.0,0,0.0,0,0.0,PostTouch,21,15,6,162.0,212,6,1,2,0.5,0,0,0.0,2,0.333,3,0.5,2,0.333,1,0.167,0,0.0,PaintTouch
1641824,Matas Buzelis,1610612741,CHI,77,28,49,2248.0,519,126,241,0.523,63,78,0.808,324,0.624,158,0.304,34,0.066,55,0.106,41,0.079,Drives,77,28,49,2248.0,55,116,371,265,414,0.64,Defense,77,28,49,2248.0,139,381,0.365,417,139.0,381.0,0.365,0.547,CatchShoot,77,28,49,2248.0,2660,2616,158,8,27,285,400,193,0.059,0.073,Passing,77,28,49,2248.0,1252,4035,2039,174.0,2.59,1.78,0.31,63,3,165,1.032,0.0,0.994,Possessions,77,28,49,2248.0,40,128,0.313,110,30.0,101.0,0.297,0.43,PullUpShot,75.0,26.0,49.0,2195.0,77.0,40.0,37.0,0.519,196.0,0.393,9.0,0.412,8.3,371.0,72.0,298.0,0.194,636.0,0.583,77.0,0.664,6.1,448.0,112.0,335.0,0.25,808.0,0.554,86.0,0.62,6.5,Rebounding,77,28,49,2248.0,929167,176.0,93.9,82.1,4.58,5.02,4.16,SpeedDistance,77,28,49,2248.0,4035,63,24,34,0.706,16,22,0.727,65,1.032,12,0.19,2,0.167,3,0.048,11,0.175,ElbowTouch,77,28,49,2248.0,4035,3,0,2,0.0,0,0,0.0,0,0.0,1,0.333,0,0.0,0,0.0,0,0.0,PostTouch,77,28,49,2248.0,4035,165,67,91,0.736,31,40,0.775,164,0.994,32,0.194,4,0.024,11,0.067,20,0.121,PaintTouch
1641842,Ronald Holland II,1610612765,DET,78,56,22,1551.0,239,65,140,0.464,27,32,0.844,165,0.69,54,0.226,15,0.063,20,0.084,16,0.067,Drives,78,56,22,1551.0,92,27,232,76,107,0.71,Defense,78,56,22,1550.0,48,187,0.257,144,48.0,184.0,0.261,0.385,CatchShoot,78,56,22,1551.0,1720,1379,95,3,11,182,236,110,0.055,0.064,Passing,78,56,22,1551.0,640,2465,1227,89.0,2.17,1.4,0.26,27,0,111,0.704,0.0,0.928,Possessions,78,56,22,1550.0,6,39,0.154,14,2.0,14.0,0.143,0.179,PullUpShot,71.0,53.0,18.0,1448.0,79.0,34.0,45.0,0.43,185.0,0.427,2.0,0.432,9.5,231.0,50.0,181.0,0.216,362.0,0.638,26.0,0.688,6.6,310.0,84.0,226.0,0.271,518.0,0.598,28.0,0.633,7.4,Rebounding,78,56,22,1551.0,616516,116.8,59.3,57.4,4.37,4.43,4.3,SpeedDistance,78,56,22,1551.0,2465,27,6,13,0.462,5,6,0.833,19,0.704,7,0.259,0,0.0,4,0.148,3,0.111,ElbowTouch,78,56,22,1551.0,2465,0,0,0,0.0,0,0,0.0,0,0.0,0,0.0,0,0.0,0,0.0,0,0.0,PostTouch,78,56,22,1551.0,2465,111,46,72,0.639,6,6,1.0,103,0.928,24,0.216,4,0.036,8,0.072,3,0.027,PaintTouch
1641854,Craig Porter Jr.,1610612739,CLE,64,43,21,1148.0,270,47,104,0.452,7,17,0.412,104,0.385,128,0.474,35,0.13,18,0.067,9,0.033,Drives,64,43,21,1148.0,57,38,135,94,140,0.671,Defense,64,43,21,1148.0,16,44,0.364,48,16.0,44.0,0.364,0.545,CatchShoot,64,43,21,1148.0,1822,1605,205,20,28,396,528,253,0.113,0.139,Passing,64,43,21,1148.0,289,2239,1010,114.2,3.06,2.45,0.129,46,1,94,0.478,0.0,0.319,Possessions,64,43,21,1148.0,35,94,0.372,87,17.0,49.0,0.347,0.463,PullUpShot,58.0,40.0,18.0,1104.0,85.0,40.0,45.0,0.471,155.0,0.548,6.0,0.57,10.5,135.0,32.0,103.0,0.237,235.0,0.574,23.0,0.637,8.0,220.0,72.0,148.0,0.327,381.0,0.577,29.0,0.625,8.9,Rebounding,64,43,21,1148.0,475970,90.1,45.9,44.2,4.55,4.78,4.33,SpeedDistance,64,43,21,1148.0,2239,46,10,15,0.667,2,2,1.0,22,0.478,26,0.565,9,0.346,2,0.043,1,0.022,ElbowTouch,64,43,21,1148.0,2239,1,0,1,0.0,0,0,0.0,0,0.0,0,0.0,0,0.0,0,0.0,0,0.0,PostTouch,64,43,21,1148.0,2239,94,15,25,0.6,0,0,0.0,30,0.319,61,0.649,19,0.202,5,0.053,0,0.0,PaintTouch
1641869,Malachi Smith,1610612751,BKN,15,3,12,359.0,88,22,38,0.579,4,4,1.0,51,0.58,40,0.455,12,0.136,4,0.045,2,0.023,Drives,15,3,12,359.0,12,4,39,28,34,0.824,Defense,15,3,12,359.0,16,33,0.485,48,16.0,33.0,0.485,0.727,CatchShoot,15,3,12,359.0,524,459,49,4,5,84,131,59,0.094,0.113,Passing,15,3,12,359.0,124,665,312,36.6,3.3,3.01,0.186,2,0,10,0.0,0.0,0.2,Possessions,15,3,12,359.0,7,21,0.333,18,4.0,14.0,0.286,0.429,PullUpShot,13.0,3.0,10.0,341.0,12.0,5.0,7.0,0.417,27.0,0.444,1.0,0.462,13.2,39.0,9.0,30.0,0.231,57.0,0.684,2.0,0.709,7.6,51.0,14.0,37.0,0.275,77.0,0.662,3.0,0.689,8.9,Rebounding,15,3,12,359.0,151665,28.7,15.7,13.1,4.47,4.87,4.1,SpeedDistance,15,3,12,359.0,665,2,0,0,0.0,0,0,0.0,0,0.0,2,1.0,0,0.0,0,0.0,0,0.0,ElbowTouch,15,3,12,359.0,665,0,0,0,0.0,0,0,0.0,0,0.0,0,0.0,0,0.0,0,0.0,0,0.0,PostTouch,15,3,12,359.0,665,10,1,4,0.25,0,0,0.0,2,0.2,6,0.6,0,0.0,0,0.0,0,0.0,PaintTouch
1641871,Duop Reath,1610612757,POR,32,16,16,258.0,15,3,7,0.429,3,4,0.75,9,0.6,5,0.333,1,0.067,1,0.067,2,0.133,Drives,32,16,16,258.0,5,8,28,27,48,0.563,Defense,32,16,16,258.0,21,53,0.396,63,21.0,53.0,0.396,0.594,CatchShoot,32,16,16,258.0,213,185,10,0,4,20,25,14,0.047,0.066,Passing,32,16,16,258.0,94,305,187,7.6,1.49,0.51,0.308,9,2,17,0.667,1.5,0.824,Possessions,32,16,16,258.0,0,0,,0,0.0,0.0,,,PullUpShot,18.0,9.0,9.0,188.0,10.0,5.0,5.0,0.5,27.0,0.37,1.0,0.385,9.7,28.0,9.0,19.0,0.321,59.0,0.475,10.0,0.571,5.8,38.0,14.0,24.0,0.368,82.0,0.463,11.0,0.535,6.8,Rebounding,32,16,16,258.0,98823,18.7,9.8,8.9,4.37,4.54,4.21,SpeedDistance,32,16,16,258.0,305,9,3,5,0.6,0,0,0.0,6,0.667,4,0.444,1,0.25,0,0.0,0,0.0,ElbowTouch,32,16,16,258.0,305,2,1,2,0.5,0,0,0.0,3,1.5,0,0.0,0,0.0,0,0.0,0,0.0,PostTouch,32,16,16,258.0,305,17,6,10,0.6,0,0,0.0,14,0.824,5,0.294,1,0.059,2,0.118,0,0.0,PaintTouch
1641890,Tyler Smith,1610612742,DAL,12,2,10,166.0,1,0,0,0.0,0,0,0.0,0,0.0,0,0.0,0,0.0,0,0.0,0,0.0,Drives,12,2,10,166.0,6,0,21,10,18,0.556,Defense,12,2,10,166.0,10,34,0.294,30,10.0,33.0,0.303,0.441,CatchShoot,12,2,10,166.0,138,84,5,1,1,11,14,7,0.036,0.051,Passing,12,2,10,166.0,56,202,86,5.2,1.55,0.44,0.277,5,0,16,0.0,0.0,0.875,Possessions,12,2,10,166.0,0,2,0.0,0,0.0,2.0,0.0,0.0,PullUpShot,10.0,2.0,8.0,144.0,12.0,5.0,7.0,0.417,26.0,0.462,0.0,0.462,7.6,21.0,5.0,16.0,0.238,36.0,0.583,4.0,0.656,4.3,33.0,10.0,23.0,0.303,57.0,0.579,4.0,0.623,5.5,Rebounding,12,2,10,166.0,72298,13.7,7.2,6.5,4.61,4.91,4.33,SpeedDistance,12,2,10,166.0,202,5,0,1,0.0,0,0,0.0,0,0.0,2,0.4,0,0.0,1,0.2,0,0.0,ElbowTouch,12,2,10,166.0,202,0,0,0,0.0,0,0,0.0,0,0.0,0,0.0,0,0.0,0,0.0,0,0.0,PostTouch,12,2,10,166.0,202,16,6,9,0.667,2,2,1.0,14,0.875,3,0.188,1,0.063,2,0.125,1,0.063,PaintTouch
1641989,Elijah Harkless,1610612762,UTA,26,5,21,545.0,107,16,41,0.39,17,22,0.773,51,0.477,45,0.421,12,0.112,9,0.084,11,0.103,Drives,26,5,21,545.0,31,6,43,48,66,0.727,Defense,26,5,21,545.0,18,72,0.25,54,18.0,72.0,0.25,0.375,CatchShoot,26,5,21,545.0,671,672,75,1,6,124,186,82,0.112,0.122,Passing,26,5,21,545.0,178,914,404,48.6,3.19,2.78,0.195,5,0,11,0.4,0.0,1.091,Possessions,26,5,21,545.0,8,31,0.258,19,3.0,16.0,0.188,0.306,PullUpShot,20.0,4.0,16.0,468.0,10.0,5.0,5.0,0.5,26.0,0.385,1.0,0.4,9.4,43.0,13.0,30.0,0.302,87.0,0.494,9.0,0.551,7.1,53.0,18.0,35.0,0.34,109.0,0.486,10.0,0.535,7.5,Rebounding,26,5,21,545.0,212077,40.2,20.5,19.7,4.15,4.36,3.96,SpeedDistance,26,5,21,545.0,914,5,1,2,0.5,0,0,0.0,2,0.4,3,0.6,0,0.0,0,0.0,0,0.0,ElbowTouch,26,5,21,545.0,914,0,0,0,0.0,0,0,0.0,0,0.0,0,0.0,0,0.0,0,0.0,0,0.0,PostTouch,26,5,21,545.0,914,11,4,7,0.571,3,4,0.75,12,1.091,2,0.182,0,0.0,0,0.0,2,0.182,PaintTouch
1641998,Trey Jemison III,1610612752,NYK,13,10,3,82.0,3,1,3,0.333,0,0,0.0,3,1.0,0,0.0,0,0.0,0,0.0,0,0.0,Drives,13,10,3,82.0,1,2,10,5,6,0.833,Defense,13,10,3,82.0,0,0,,0,,,,,CatchShoot,13,10,3,82.0,63,55,5,0,0,9,11,5,0.079,0.079,Passing,13,10,3,82.0,13,82,55,2.5,1.85,0.89,0.159,10,0,14,0.2,0.0,0.429,Possessions,13,10,3,82.0,1,2,0.5,2,,,,0.5,PullUpShot,10.0,8.0,2.0,71.0,8.0,4.0,4.0,0.5,21.0,0.381,3.0,0.444,6.0,10.0,4.0,6.0,0.4,22.0,0.455,5.0,0.588,6.3,18.0,8.0,10.0,0.444,42.0,0.429,8.0,0.529,6.2,Rebounding,13,10,3,82.0,32877,6.2,3.2,3.0,4.3,4.46,4.15,SpeedDistance,13,10,3,82.0,82,10,1,2,0.5,0,0,0.0,2,0.2,6,0.6,1,0.167,1,0.1,0,0.0,ElbowTouch,13,10,3,82.0,82,0,0,0,0.0,0,0,0.0,0,0.0,0,0.0,0,0.0,0,0.0,0,0.0,PostTouch,13,10,3,82.0,82,14,3,4,0.75,0,0,0.0,6,0.429,8,0.571,2,0.143,2,0.143,0,0.0,PaintTouch
1642066,Myron Gardner,1610612748,MIA,45,24,21,411.0,83,13,23,0.565,4,4,1.0,32,0.386,52,0.627,9,0.108,5,0.06,3,0.036,Drives,45,24,21,411.0,20,8,83,22,33,0.667,Defense,45,24,21,411.0,23,60,0.383,69,23.0,59.0,0.39,0.575,CatchShoot,45,24,21,411.0,523,376,44,5,10,95,126,59,0.084,0.113,Passing,45,24,21,411.0,163,693,372,22.5,1.95,1.24,0.235,8,1,46,0.625,1.0,0.5,Possessions,45,24,21,411.0,4,11,0.364,11,3.0,5.0,0.6,0.5,PullUpShot,37.0,21.0,16.0,384.0,39.0,21.0,18.0,0.538,110.0,0.355,3.0,0.364,6.8,83.0,15.0,67.0,0.181,127.0,0.654,11.0,0.716,4.6,122.0,36.0,85.0,0.295,230.0,0.53,14.0,0.565,5.3,Rebounding,45,24,21,411.0,187970,35.6,18.3,17.3,4.92,5.28,4.58,SpeedDistance,45,24,21,411.0,693,8,2,3,0.667,0,0,0.0,5,0.625,5,0.625,0,0.0,0,0.0,0,0.0,ElbowTouch,45,24,21,411.0,693,1,0,0,0.0,1,2,0.5,1,1.0,0,0.0,0,0.0,0,0.0,1,1.0,PostTouch,45,24,21,411.0,693,46,10,18,0.556,2,4,0.5,23,0.5,24,0.522,4,0.087,0,0.0,2,0.043,PaintTouch
1642258,Zaccharie Risacher,1610612737,ATL,67,39,28,1503.0,139,27,72,0.375,5,10,0.5,60,0.432,49,0.353,12,0.086,7,0.05,5,0.036,Drives,67,39,28,1503.0,59,36,186,122,177,0.689,Defense,67,39,28,1503.0,87,235,0.37,255,81.0,212.0,0.382,0.543,CatchShoot,67,39,28,1503.0,1088,1076,76,9,12,131,202,97,0.07,0.089,Passing,67,39,28,1503.0,641,1763,1071,56.5,1.92,1.16,0.364,36,2,135,1.083,0.0,1.044,Possessions,67,39,28,1503.0,27,79,0.342,67,13.0,45.0,0.289,0.424,PullUpShot,65.0,39.0,26.0,1463.0,71.0,44.0,27.0,0.62,166.0,0.428,12.0,0.461,7.0,186.0,48.0,138.0,0.258,304.0,0.612,31.0,0.681,5.8,257.0,92.0,165.0,0.358,463.0,0.555,43.0,0.612,6.1,Rebounding,67,39,28,1503.0,631215,119.5,61.4,58.1,4.68,4.96,4.42,SpeedDistance,67,39,28,1503.0,1763,36,15,23,0.652,5,6,0.833,39,1.083,9,0.25,1,0.111,0,0.0,3,0.083,ElbowTouch,67,39,28,1503.0,1763,2,0,1,0.0,0,0,0.0,0,0.0,1,0.5,0,0.0,0,0.0,0,0.0,PostTouch,67,39,28,1503.0,1763,135,60,87,0.69,15,24,0.625,141,1.044,25,0.185,3,0.022,6,0.044,11,0.081,PaintTouch
1642259,Alex Sarr,1610612764,WAS,48,11,37,1305.0,246,63,148,0.426,22,36,0.611,154,0.626,56,0.228,14,0.057,18,0.073,19,0.077,Drives,48,11,37,1305.0,39,95,250,237,427,0.555,Defense,48,11,37,1305.0,53,153,0.346,150,44.0,129.0,0.341,0.49,CatchShoot,48,11,37,1305.0,1876,1703,130,11,17,217,356,158,0.069,0.084,Passing,48,11,37,1305.0,783,2729,1630,93.1,2.05,1.17,0.287,232,42,264,0.651,0.81,1.008,Possessions,48,11,37,1305.0,27,79,0.342,59,5.0,18.0,0.278,0.373,PullUpShot,48.0,11.0,37.0,1305.0,105.0,64.0,40.0,0.61,244.0,0.43,6.0,0.441,6.1,250.0,97.0,152.0,0.388,488.0,0.512,62.0,0.587,4.3,355.0,161.0,192.0,0.454,723.0,0.491,68.0,0.542,4.9,Rebounding,48,11,37,1305.0,509385,96.5,50.9,45.5,4.38,4.72,4.04,SpeedDistance,48,11,37,1305.0,2729,232,60,117,0.513,28,36,0.778,151,0.651,70,0.302,13,0.186,20,0.086,17,0.073,ElbowTouch,48,11,37,1305.0,2729,42,15,27,0.556,4,6,0.667,34,0.81,10,0.238,1,0.024,0,0.0,3,0.071,PostTouch,48,11,37,1305.0,2729,264,115,180,0.639,29,48,0.604,266,1.008,31,0.117,5,0.019,15,0.057,24,0.091,PaintTouch
1642260,Nikola Topić,1610612760,OKC,10,6,4,160.0,78,9,23,0.391,0,2,0.0,18,0.231,42,0.538,14,0.179,10,0.128,1,0.013,Drives,10,6,4,160.0,5,0,12,7,10,0.7,Defense,10,6,4,160.0,4,9,0.444,12,4.0,9.0,0.444,0.667,CatchShoot,10,6,4,160.0,277,280,44,1,2,77,110,47,0.159,0.17,Passing,10,6,4,160.0,52,367,149,23.4,3.82,3.67,0.142,6,0,12,0.0,0.0,0.333,Possessions,10,6,4,160.0,3,8,0.375,8,2.0,6.0,0.333,0.5,PullUpShot,9.0,5.0,4.0,155.0,7.0,4.0,3.0,0.571,14.0,0.5,1.0,0.538,11.8,12.0,4.0,8.0,0.333,23.0,0.522,1.0,0.545,6.5,19.0,8.0,11.0,0.421,37.0,0.514,2.0,0.543,8.5,Rebounding,10,6,4,160.0,66252,12.5,6.9,5.6,4.4,5.17,3.72,SpeedDistance,10,6,4,160.0,367,6,0,1,0.0,0,0,0.0,0,0.0,5,0.833,1,0.2,0,0.0,0,0.0,ElbowTouch,10,6,4,160.0,367,0,0,0,0.0,0,0,0.0,0,0.0,0,0.0,0,0.0,0,0.0,0,0.0,PostTouch,10,6,4,160.0,367,12,2,5,0.4,0,0,0.0,4,0.333,5,0.417,1,0.083,2,0.167,0,0.0,PaintTouch
1642261,Dalton Knecht,1610612747,LAL,54,34,20,553.0,65,22,40,0.55,5,8,0.625,50,0.769,15,0.231,0,0.0,5,0.077,4,0.062,Drives,54,34,20,553.0,11,11,61,50,63,0.794,Defense,54,34,20,553.0,33,90,0.367,99,33.0,90.0,0.367,0.55,CatchShoot,54,34,20,553.0,468,457,21,3,2,42,57,26,0.045,0.056,Passing,54,34,20,553.0,228,703,397,26.5,2.26,1.35,0.324,13,0,23,0.615,0.0,1.043,Possessions,54,34,20,553.0,21,48,0.438,47,5.0,19.0,0.263,0.49,PullUpShot,35.0,20.0,15.0,459.0,14.0,5.0,9.0,0.357,37.0,0.378,0.0,0.378,7.8,61.0,15.0,46.0,0.246,97.0,0.629,8.0,0.685,5.9,75.0,20.0,55.0,0.267,128.0,0.586,8.0,0.625,6.3,Rebounding,54,34,20,553.0,202864,38.4,21.4,17.0,4.11,4.4,3.79,SpeedDistance,54,34,20,553.0,703,13,4,5,0.8,0,0,0.0,8,0.615,6,0.462,1,0.167,2,0.154,0,0.0,ElbowTouch,54,34,20,553.0,703,0,0,0,0.0,0,0,0.0,0,0.0,0,0.0,0,0.0,0,0.0,0,0.0,PostTouch,54,34,20,553.0,703,23,10,18,0.556,4,4,1.0,24,1.043,3,0.13,1,0.043,0,0.0,2,0.087,PaintTouch
1642262,Cody Williams,1610612762,UTA,67,16,51,1631.0,246,58,131,0.443,32,44,0.727,148,0.602,75,0.305,16,0.065,14,0.057,22,0.089,Drives,67,16,51,1631.0,51,26,137,104,161,0.646,Defense,67,16,51,1631.0,29,121,0.24,86,28.0,117.0,0.239,0.355,CatchShoot,67,16,51,1631.0,1545,1459,137,2,18,210,338,157,0.089,0.102,Passing,67,16,51,1631.0,588,2215,1082,95.4,2.58,1.94,0.265,61,0,138,0.738,0.0,0.819,Possessions,67,16,51,1631.0,42,106,0.396,84,0.0,14.0,0.0,0.396,PullUpShot,57.0,14.0,43.0,1465.0,61.0,26.0,34.0,0.426,133.0,0.459,8.0,0.488,10.3,137.0,33.0,104.0,0.241,241.0,0.568,21.0,0.623,8.6,198.0,59.0,138.0,0.298,366.0,0.541,29.0,0.588,9.1,Rebounding,67,16,51,1631.0,695037,131.6,69.6,62.1,4.59,4.9,4.29,SpeedDistance,67,16,51,1631.0,2215,61,20,34,0.588,5,8,0.625,45,0.738,20,0.328,1,0.05,3,0.049,4,0.066,ElbowTouch,67,16,51,1631.0,2215,0,0,0,0.0,0,0,0.0,0,0.0,0,0.0,0,0.0,0,0.0,0,0.0,PostTouch,67,16,51,1631.0,2215,138,53,76,0.697,7,10,0.7,113,0.819,42,0.304,4,0.029,11,0.08,5,0.036,PaintTouch
1642263,Reed Sheppard,1610612745,HOU,82,52,30,2147.0,394,97,203,0.478,20,22,0.909,216,0.548,156,0.396,41,0.104,22,0.056,11,0.028,Drives,82,52,30,2147.0,122,54,210,145,196,0.74,Defense,82,52,30,2147.0,153,377,0.406,458,152.0,375.0,0.405,0.607,CatchShoot,82,52,30,2147.0,3247,3406,277,30,44,481,710,349,0.085,0.107,Passing,82,52,30,2147.0,1110,4462,1878,303.4,4.08,4.3,0.249,20,0,15,0.65,0.0,0.4,Possessions,82,52,30,2147.0,139,356,0.39,348,70.0,189.0,0.37,0.489,PullUpShot,70.0,46.0,24.0,1844.0,28.0,6.0,22.0,0.214,73.0,0.384,5.0,0.412,19.6,207.0,39.0,167.0,0.188,355.0,0.583,29.0,0.635,8.3,235.0,45.0,189.0,0.191,423.0,0.556,34.0,0.604,9.6,Rebounding,82,52,30,2147.0,826492,156.5,88.8,67.8,4.21,4.49,3.9,SpeedDistance,82,52,30,2147.0,4462,20,6,12,0.5,0,0,0.0,13,0.65,5,0.25,2,0.4,3,0.15,0,0.0,ElbowTouch,82,52,30,2147.0,4462,0,0,0,0.0,0,0,0.0,0,0.0,0,0.0,0,0.0,0,0.0,0,0.0,PostTouch,82,52,30,2147.0,4462,15,3,6,0.5,0,0,0.0,6,0.4,7,0.467,2,0.133,2,0.133,0,0.0,PaintTouch
1642264,Stephon Castle,1610612759,SAS,68,51,17,2038.0,878,165,338,0.488,123,170,0.724,474,0.54,336,0.383,110,0.125,87,0.099,87,0.099,Drives,68,51,17,2038.0,78,19,264,97,140,0.693,Defense,68,51,17,2038.0,77,203,0.379,227,73.0,196.0,0.372,0.559,CatchShoot,68,51,17,2038.0,3315,3542,502,38,54,863,1333,594,0.151,0.179,Passing,68,51,17,2038.0,1133,4610,1874,338.6,4.41,3.68,0.246,85,9,160,0.659,0.667,0.95,Possessions,68,51,17,2038.0,55,172,0.32,118,8.0,47.0,0.17,0.343,PullUpShot,65.0,48.0,17.0,1960.0,98.0,56.0,41.0,0.571,217.0,0.452,5.0,0.462,8.2,263.0,50.0,213.0,0.19,416.0,0.632,35.0,0.69,7.1,361.0,106.0,254.0,0.294,625.0,0.578,40.0,0.617,7.4,Rebounding,68,51,17,2038.0,784255,148.5,76.9,71.6,4.28,4.63,3.97,SpeedDistance,68,51,17,2038.0,4610,85,24,35,0.686,4,8,0.5,56,0.659,44,0.518,15,0.341,0,0.0,4,0.047,ElbowTouch,68,51,17,2038.0,4610,9,2,4,0.5,2,2,1.0,6,0.667,3,0.333,2,0.222,1,0.111,1,0.111,PostTouch,68,51,17,2038.0,4610,160,61,84,0.726,25,34,0.735,152,0.95,46,0.288,13,0.081,9,0.056,16,0.1,PaintTouch
1642265,Rob Dillingham,1610612741,CHI,65,29,36,970.0,404,78,167,0.467,15,22,0.682,175,0.433,183,0.453,33,0.082,34,0.084,11,0.027,Drives,65,29,36,970.0,47,6,112,64,82,0.78,Defense,65,29,36,970.0,31,78,0.397,90,28.0,75.0,0.373,0.577,CatchShoot,65,29,36,970.0,1370,1580,143,20,18,280,375,181,0.104,0.132,Passing,65,29,36,970.0,409,1958,817,134.5,4.12,4.2,0.209,9,0,16,0.444,0.0,0.375,Possessions,65,29,36,970.0,46,137,0.336,104,12.0,50.0,0.24,0.38,PullUpShot,49.0,19.0,30.0,800.0,19.0,3.0,16.0,0.158,52.0,0.365,5.0,0.404,15.1,110.0,15.0,95.0,0.136,165.0,0.667,13.0,0.724,8.2,129.0,18.0,111.0,0.14,216.0,0.597,18.0,0.652,9.3,Rebounding,65,29,36,970.0,420653,79.7,42.8,36.8,4.72,5.29,4.19,SpeedDistance,65,29,36,970.0,1958,9,2,4,0.5,0,0,0.0,4,0.444,5,0.556,2,0.4,0,0.0,0,0.0,ElbowTouch,65,29,36,970.0,1958,0,0,0,0.0,0,0,0.0,0,0.0,0,0.0,0,0.0,0,0.0,0,0.0,PostTouch,65,29,36,970.0,1958,16,3,7,0.429,0,0,0.0,6,0.375,7,0.438,0,0.0,2,0.125,0,0.0,PaintTouch
1642266,Ja'Kobe Walter,1610612761,TOR,72,41,31,1474.0,87,14,35,0.4,4,8,0.5,35,0.402,39,0.448,7,0.08,4,0.046,4,0.046,Drives,72,41,31,1474.0,73,14,129,114,157,0.726,Defense,72,41,31,1474.0,109,256,0.426,326,108.0,255.0,0.424,0.637,CatchShoot,72,41,31,1474.0,1267,1085,86,4,15,142,214,105,0.068,0.083,Passing,72,41,31,1474.0,541,1784,993,54.4,1.83,1.02,0.303,27,0,99,0.963,0.0,0.717,Possessions,72,41,31,1474.0,5,27,0.185,12,2.0,13.0,0.154,0.222,PullUpShot,61.0,36.0,25.0,1324.0,56.0,25.0,31.0,0.446,133.0,0.421,3.0,0.431,9.6,129.0,26.0,102.0,0.202,231.0,0.558,20.0,0.611,7.7,185.0,51.0,133.0,0.276,361.0,0.512,23.0,0.547,8.3,Rebounding,72,41,31,1474.0,625135,118.4,59.9,58.5,4.61,4.82,4.42,SpeedDistance,72,41,31,1474.0,1784,27,9,10,0.9,7,8,0.875,26,0.963,12,0.444,4,0.333,1,0.037,4,0.148,ElbowTouch,72,41,31,1474.0,1784,0,0,0,0.0,0,0,0.0,0,0.0,0,0.0,0,0.0,0,0.0,0,0.0,PostTouch,72,41,31,1474.0,1784,99,24,45,0.533,20,26,0.769,71,0.717,36,0.364,9,0.091,5,0.051,12,0.121,PaintTouch
1642267,Bub Carrington,1610612764,WAS,82,17,65,2271.0,350,64,151,0.424,21,28,0.75,150,0.429,147,0.42,39,0.111,29,0.083,14,0.04,Drives,82,17,65,2271.0,52,17,243,141,193,0.731,Defense,82,17,65,2271.0,77,193,0.399,231,77.0,188.0,0.41,0.598,CatchShoot,82,17,65,2271.0,3762,3667,381,43,22,688,950,443,0.101,0.118,Passing,82,17,65,2271.0,878,4855,1812,338.7,4.19,3.85,0.181,17,7,42,0.353,0.571,0.429,Possessions,82,17,65,2271.0,197,436,0.452,484,90.0,221.0,0.407,0.555,PullUpShot,77.0,15.0,62.0,2173.0,33.0,12.0,21.0,0.364,73.0,0.452,4.0,0.478,13.1,243.0,43.0,198.0,0.177,389.0,0.625,38.0,0.692,7.9,276.0,55.0,219.0,0.199,456.0,0.605,42.0,0.667,8.5,Rebounding,82,17,65,2271.0,903755,171.2,92.2,78.9,4.4,4.74,4.05,SpeedDistance,82,17,65,2271.0,4855,17,3,4,0.75,0,0,0.0,6,0.353,13,0.765,6,0.462,0,0.0,0,0.0,ElbowTouch,82,17,65,2271.0,4855,7,2,6,0.333,0,0,0.0,4,0.571,1,0.143,0,0.0,0,0.0,0,0.0,PostTouch,82,17,65,2271.0,4855,42,8,15,0.533,1,4,0.25,18,0.429,21,0.5,7,0.167,2,0.048,2,0.048,PaintTouch
1642268,Isaiah Collier,1610612762,UTA,59,16,43,1517.0,681,128,266,0.481,67,88,0.761,335,0.492,311,0.457,87,0.128,50,0.073,44,0.065,Drives,59,16,43,1517.0,66,20,129,61,84,0.726,Defense,59,16,43,1517.0,15,62,0.242,44,14.0,61.0,0.23,0.355,CatchShoot,59,16,43,1517.0,3144,3255,423,46,32,800,1128,501,0.135,0.159,Passing,59,16,43,1517.0,688,4024,1358,354.5,5.29,4.99,0.171,16,4,26,0.875,0.5,0.769,Possessions,59,16,43,1517.0,42,112,0.375,96,12.0,36.0,0.333,0.429,PullUpShot,52.0,15.0,37.0,1374.0,21.0,5.0,16.0,0.238,72.0,0.292,0.0,0.292,15.9,129.0,25.0,103.0,0.194,224.0,0.576,22.0,0.639,8.7,150.0,30.0,119.0,0.2,293.0,0.512,22.0,0.554,9.7,Rebounding,59,16,43,1517.0,590133,111.8,62.5,49.2,4.21,4.65,3.75,SpeedDistance,59,16,43,1517.0,4024,16,7,8,0.875,0,0,0.0,14,0.875,8,0.5,3,0.375,0,0.0,0,0.0,ElbowTouch,59,16,43,1517.0,4024,4,1,1,1.0,0,0,0.0,2,0.5,2,0.5,0,0.0,0,0.0,0,0.0,PostTouch,59,16,43,1517.0,4024,26,9,9,1.0,2,2,1.0,20,0.769,14,0.538,5,0.192,1,0.038,1,0.038,PaintTouch
1642269,Devin Carter,1610612758,SAC,38,8,30,700.0,264,42,96,0.438,31,48,0.646,118,0.447,121,0.458,27,0.102,16,0.061,24,0.091,Drives,38,8,30,700.0,34,9,89,33,43,0.767,Defense,38,8,30,700.0,14,66,0.212,42,14.0,66.0,0.212,0.318,CatchShoot,38,8,30,700.0,1027,1104,101,11,8,187,249,120,0.098,0.117,Passing,38,8,30,700.0,339,1469,626,101.7,4.15,3.75,0.231,10,1,56,0.6,0.0,0.786,Possessions,38,8,30,700.0,19,64,0.297,53,15.0,42.0,0.357,0.414,PullUpShot,34.0,8.0,26.0,683.0,36.0,15.0,21.0,0.417,72.0,0.5,3.0,0.522,8.5,89.0,12.0,77.0,0.135,140.0,0.636,7.0,0.669,7.6,125.0,27.0,98.0,0.216,211.0,0.592,10.0,0.622,7.8,Rebounding,38,8,30,700.0,288241,54.6,29.6,25.0,4.41,4.71,4.1,SpeedDistance,38,8,30,700.0,1469,10,3,4,0.75,0,0,0.0,6,0.6,4,0.4,2,0.5,0,0.0,0,0.0,ElbowTouch,38,8,30,700.0,1469,1,0,0,0.0,0,0,0.0,0,0.0,1,1.0,0,0.0,0,0.0,0,0.0,PostTouch,38,8,30,700.0,1469,56,19,29,0.655,4,4,1.0,44,0.786,20,0.357,4,0.071,2,0.036,2,0.036,PaintTouch
1642270,Donovan Clingan,1610612757,POR,77,41,36,2094.0,26,3,9,0.333,2,2,1.0,8,0.308,10,0.385,3,0.115,5,0.192,1,0.038,Drives,77,41,36,2094.0,44,130,545,279,506,0.551,Defense,77,41,36,2094.0,78,220,0.355,231,75.0,216.0,0.347,0.525,CatchShoot,77,41,36,2094.0,2301,1677,162,12,18,236,403,191,0.07,0.083,Passing,77,41,36,2094.0,934,3230,1969,87.0,1.62,0.35,0.289,126,23,676,0.524,0.826,0.849,Possessions,77,41,36,2094.0,3,16,0.188,8,2.0,14.0,0.143,0.25,PullUpShot,77.0,41.0,36.0,2094.0,347.0,249.0,98.0,0.718,682.0,0.509,18.0,0.523,4.5,545.0,194.0,350.0,0.356,942.0,0.579,93.0,0.642,4.0,892.0,443.0,448.0,0.497,1592.0,0.56,111.0,0.602,4.2,Rebounding,77,41,36,2094.0,780636,147.8,78.6,69.2,4.1,4.37,3.83,SpeedDistance,77,41,36,2094.0,3230,126,22,41,0.537,18,30,0.6,66,0.524,60,0.476,20,0.333,7,0.056,14,0.111,ElbowTouch,77,41,36,2094.0,3230,23,7,9,0.778,4,6,0.667,19,0.826,7,0.304,4,0.174,4,0.174,3,0.13,PostTouch,77,41,36,2094.0,3230,676,239,372,0.642,81,120,0.675,574,0.849,176,0.26,36,0.053,43,0.064,59,0.087,PaintTouch
1642271,Kyle Filipowski,1610612762,UTA,77,21,56,1801.0,293,69,137,0.504,48,66,0.727,193,0.659,93,0.317,23,0.078,20,0.068,33,0.113,Drives,77,21,56,1801.0,73,39,408,256,361,0.709,Defense,77,21,56,1801.0,73,223,0.327,214,68.0,209.0,0.325,0.48,CatchShoot,77,21,56,1801.0,2239,1753,198,15,23,327,496,236,0.088,0.105,Passing,77,21,56,1801.0,879,3204,1720,122.6,2.3,1.19,0.274,130,47,251,0.654,0.596,0.928,Possessions,77,21,56,1801.0,11,37,0.297,26,4.0,17.0,0.235,0.351,PullUpShot,77.0,21.0,56.0,1801.0,144.0,85.0,58.0,0.59,342.0,0.421,6.0,0.429,7.2,408.0,124.0,280.0,0.304,584.0,0.699,32.0,0.739,4.9,552.0,209.0,338.0,0.379,871.0,0.634,38.0,0.663,5.5,Rebounding,77,21,56,1801.0,707607,134.0,70.6,63.4,4.29,4.5,4.08,SpeedDistance,77,21,56,1801.0,3204,130,37,67,0.552,9,16,0.563,85,0.654,43,0.331,12,0.279,7,0.054,9,0.069,ElbowTouch,77,21,56,1801.0,3204,47,12,21,0.571,3,4,0.75,28,0.596,11,0.234,0,0.0,10,0.213,2,0.043,PostTouch,77,21,56,1801.0,3204,251,98,153,0.641,32,45,0.711,233,0.928,50,0.199,11,0.044,13,0.052,25,0.1,PaintTouch
1642272,Jared McCain,1610612760,OKC,67,46,21,1160.0,296,69,155,0.445,30,36,0.833,170,0.574,101,0.341,18,0.061,12,0.041,18,0.061,Drives,67,46,21,1160.0,35,5,114,75,98,0.765,Defense,67,46,21,1160.0,67,168,0.399,201,67.0,166.0,0.404,0.598,CatchShoot,67,46,21,1160.0,1308,1422,90,12,18,175,250,120,0.069,0.092,Passing,67,46,21,1160.0,558,1930,957,104.7,3.25,3.11,0.289,12,0,16,0.5,0.0,0.313,Possessions,67,46,21,1160.0,76,181,0.42,184,32.0,91.0,0.352,0.508,PullUpShot,57.0,39.0,18.0,1071.0,23.0,10.0,13.0,0.435,72.0,0.319,2.0,0.329,13.2,114.0,21.0,93.0,0.184,208.0,0.548,10.0,0.576,7.8,137.0,31.0,106.0,0.226,275.0,0.498,12.0,0.521,8.7,Rebounding,67,46,21,1160.0,477407,90.4,47.6,42.8,4.48,4.72,4.24,SpeedDistance,67,46,21,1160.0,1930,12,2,5,0.4,2,2,1.0,6,0.5,5,0.417,0,0.0,1,0.083,1,0.083,ElbowTouch,67,46,21,1160.0,1930,0,0,0,0.0,0,0,0.0,0,0.0,0,0.0,0,0.0,0,0.0,0,0.0,PostTouch,67,46,21,1160.0,1930,16,1,4,0.25,2,2,1.0,5,0.313,9,0.563,0,0.0,2,0.125,1,0.063,PaintTouch
1642273,Kyshawn George,1610612764,WAS,48,10,38,1391.0,396,82,175,0.469,41,52,0.788,210,0.53,156,0.394,61,0.154,27,0.068,26,0.066,Drives,48,10,38,1391.0,48,43,202,128,204,0.627,Defense,48,10,38,1391.0,65,153,0.425,195,65.0,153.0,0.425,0.637,CatchShoot,48,10,38,1391.0,1965,1944,214,19,29,389,546,262,0.109,0.133,Passing,48,10,38,1391.0,710,2798,1372,159.2,3.41,2.67,0.254,27,32,50,0.37,0.469,0.82,Possessions,48,10,38,1391.0,88,240,0.367,210,34.0,107.0,0.318,0.438,PullUpShot,48.0,10.0,38.0,1391.0,43.0,21.0,22.0,0.488,117.0,0.368,7.0,0.391,11.8,202.0,56.0,145.0,0.277,322.0,0.627,18.0,0.664,7.3,245.0,77.0,167.0,0.314,420.0,0.583,25.0,0.62,8.1,Rebounding,48,10,38,1391.0,561224,106.3,56.7,49.6,4.55,5.03,4.11,SpeedDistance,48,10,38,1391.0,2798,27,5,7,0.714,0,0,0.0,10,0.37,16,0.593,4,0.25,4,0.148,0,0.0,ElbowTouch,48,10,38,1391.0,2798,32,5,13,0.385,5,6,0.833,15,0.469,9,0.281,3,0.094,2,0.063,3,0.094,PostTouch,48,10,38,1391.0,2798,50,18,25,0.72,4,4,1.0,41,0.82,18,0.36,5,0.1,0,0.0,2,0.04,PaintTouch
1642274,Yves Missi,1610612740,NOP,66,19,47,1297.0,138,42,77,0.545,16,27,0.593,101,0.732,32,0.232,8,0.058,14,0.101,14,0.101,Drives,66,19,47,1297.0,20,101,202,158,284,0.556,Defense,66,19,47,1297.0,2,8,0.25,4,0.0,1.0,0.0,0.25,CatchShoot,66,19,47,1297.0,1199,872,84,2,8,121,216,94,0.07,0.078,Passing,66,19,47,1297.0,377,1617,972,43.9,1.63,0.7,0.233,102,7,290,0.392,0.286,0.683,Possessions,66,19,47,1297.0,1,5,0.2,2,0.0,0.0,,0.2,PullUpShot,64.0,19.0,45.0,1287.0,183.0,139.0,44.0,0.76,384.0,0.477,6.0,0.484,4.5,202.0,61.0,141.0,0.302,415.0,0.487,44.0,0.544,5.0,385.0,200.0,185.0,0.519,777.0,0.495,50.0,0.53,4.7,Rebounding,66,19,47,1297.0,498172,94.4,48.8,45.6,4.21,4.38,4.04,SpeedDistance,66,19,47,1297.0,1617,102,16,40,0.4,5,10,0.5,40,0.392,48,0.471,11,0.229,5,0.049,5,0.049,ElbowTouch,66,19,47,1297.0,1617,7,1,3,0.333,0,0,0.0,2,0.286,2,0.286,0,0.0,2,0.286,0,0.0,PostTouch,66,19,47,1297.0,1617,290,88,161,0.547,17,30,0.567,198,0.683,82,0.283,20,0.069,18,0.062,14,0.048,PaintTouch
1642275,Tidjane Salaün,1610612766,CHA,37,19,18,575.0,65,12,29,0.414,3,4,0.75,27,0.415,26,0.4,5,0.077,8,0.123,2,0.031,Drives,37,19,18,575.0,16,7,123,42,62,0.677,Defense,37,19,18,575.0,34,80,0.425,102,34.0,80.0,0.425,0.638,CatchShoot,37,19,18,575.0,611,407,27,5,2,66,81,35,0.044,0.057,Passing,37,19,18,575.0,222,828,398,23.1,1.67,0.7,0.268,15,1,48,0.533,0.0,0.708,Possessions,37,19,18,575.0,2,3,0.667,6,2.0,3.0,0.667,1.0,PullUpShot,33.0,15.0,18.0,565.0,26.0,18.0,8.0,0.692,62.0,0.419,2.0,0.433,7.2,123.0,35.0,88.0,0.285,183.0,0.672,8.0,0.703,5.0,149.0,53.0,96.0,0.356,240.0,0.621,10.0,0.648,5.4,Rebounding,37,19,18,575.0,239570,45.4,25.1,20.2,4.52,4.77,4.22,SpeedDistance,37,19,18,575.0,828,15,2,5,0.4,4,4,1.0,8,0.533,6,0.4,1,0.167,0,0.0,2,0.133,ElbowTouch,37,19,18,575.0,828,1,0,0,0.0,0,0,0.0,0,0.0,0,0.0,0,0.0,1,1.0,0,0.0,PostTouch,37,19,18,575.0,828,48,14,20,0.7,6,12,0.5,34,0.708,13,0.271,2,0.042,4,0.083,6,0.125,PaintTouch
1642276,Kel'el Ware,1610612748,MIA,77,39,38,1704.0,50,13,28,0.464,7,10,0.7,33,0.66,11,0.22,3,0.06,5,0.1,5,0.1,Drives,77,39,38,1704.0,59,84,477,242,372,0.651,Defense,77,39,38,1704.0,93,226,0.412,275,89.0,219.0,0.406,0.608,CatchShoot,77,39,38,1704.0,1573,1009,56,4,10,71,151,70,0.036,0.045,Passing,77,39,38,1704.0,851,2361,1151,51.8,1.32,0.33,0.36,37,34,450,0.514,0.529,1.058,Possessions,77,39,38,1704.0,5,27,0.185,13,3.0,13.0,0.231,0.241,PullUpShot,77.0,39.0,38.0,1704.0,217.0,147.0,70.0,0.677,416.0,0.522,15.0,0.541,5.6,477.0,167.0,310.0,0.35,754.0,0.633,72.0,0.699,4.2,694.0,314.0,380.0,0.452,1137.0,0.61,87.0,0.661,4.6,Rebounding,77,39,38,1704.0,673952,127.6,66.2,61.4,4.4,4.82,4.01,SpeedDistance,77,39,38,1704.0,2361,37,9,17,0.529,1,2,0.5,19,0.514,18,0.486,1,0.056,1,0.027,1,0.027,ElbowTouch,77,39,38,1704.0,2361,34,7,22,0.318,4,6,0.667,18,0.529,8,0.235,3,0.088,1,0.029,3,0.088,PostTouch,77,39,38,1704.0,2361,450,215,328,0.655,39,52,0.75,476,1.058,63,0.14,11,0.024,22,0.049,26,0.058,PaintTouch
1642277,Johnny Furphy,1610612754,IND,35,10,25,643.0,64,7,19,0.368,5,8,0.625,20,0.313,31,0.484,7,0.109,6,0.094,4,0.063,Drives,35,10,25,643.0,20,7,121,69,99,0.697,Defense,35,10,25,643.0,22,67,0.328,66,22.0,66.0,0.333,0.493,CatchShoot,35,10,25,643.0,748,522,41,2,3,60,99,46,0.055,0.061,Passing,35,10,25,643.0,180,958,498,26.3,1.65,0.84,0.188,10,2,68,0.2,0.0,0.632,Possessions,35,10,25,643.0,1,6,0.167,3,1.0,4.0,0.25,0.25,PullUpShot,34.0,10.0,24.0,642.0,32.0,19.0,13.0,0.594,98.0,0.327,2.0,0.333,7.6,121.0,30.0,91.0,0.248,203.0,0.596,21.0,0.665,5.2,153.0,49.0,104.0,0.32,279.0,0.548,23.0,0.598,5.7,Rebounding,35,10,25,643.0,288617,54.7,29.0,25.7,4.87,5.24,4.51,SpeedDistance,35,10,25,643.0,958,10,1,1,1.0,0,0,0.0,2,0.2,8,0.8,1,0.125,1,0.1,0,0.0,ElbowTouch,35,10,25,643.0,958,2,0,0,0.0,0,2,0.0,0,0.0,1,0.5,1,0.5,0,0.0,1,0.5,PostTouch,35,10,25,643.0,958,68,19,28,0.679,3,6,0.5,43,0.632,32,0.471,5,0.074,3,0.044,4,0.059,PaintTouch
1642278,Tyler Kolek,1610612752,NYK,62,39,23,727.0,253,46,106,0.434,4,6,0.667,96,0.379,123,0.486,30,0.119,17,0.067,3,0.012,Drives,62,39,23,727.0,22,4,82,38,49,0.776,Defense,62,39,23,727.0,29,74,0.392,86,28.0,72.0,0.389,0.581,CatchShoot,62,39,23,727.0,1441,1401,170,15,17,315,445,202,0.118,0.14,Passing,62,39,23,727.0,274,1809,689,128.4,4.26,4.17,0.151,12,0,16,0.167,0.0,0.625,Possessions,62,39,23,727.0,31,83,0.373,78,16.0,42.0,0.381,0.47,PullUpShot,41.0,23.0,18.0,587.0,16.0,7.0,9.0,0.438,43.0,0.372,0.0,0.372,13.1,82.0,13.0,69.0,0.159,133.0,0.617,12.0,0.678,10.1,98.0,20.0,78.0,0.204,175.0,0.56,12.0,0.601,10.6,Rebounding,62,39,23,727.0,307587,58.3,32.0,26.2,4.6,4.94,4.22,SpeedDistance,62,39,23,727.0,1809,12,1,4,0.25,0,0,0.0,2,0.167,8,0.667,1,0.125,0,0.0,0,0.0,ElbowTouch,62,39,23,727.0,1809,0,0,0,0.0,0,0,0.0,0,0.0,0,0.0,0,0.0,0,0.0,0,0.0,PostTouch,62,39,23,727.0,1809,16,5,6,0.833,0,0,0.0,10,0.625,7,0.438,1,0.063,2,0.125,0,0.0,PaintTouch
1642280,Trentyn Flowers,1610612741,CHI,2,0,2,6.0,0,0,0,0.0,0,0,0.0,0,0.0,0,0.0,0,0.0,0,0.0,0,0.0,Drives,2,0,2,6.0,0,0,0,0,0,0.0,Defense,2,0,2,6.0,0,1,0.0,0,0.0,1.0,0.0,0.0,CatchShoot,2,0,2,6.0,4,6,1,0,0,1,2,1,0.25,0.25,Passing,2,0,2,6.0,4,8,7,0.3,2.59,1.62,0.5,0,0,2,0.0,0.0,2.0,Possessions,2,0,2,6.0,0,0,,0,0.0,0.0,,,PullUpShot,1.0,0.0,1.0,4.0,1.0,1.0,0.0,1.0,1.0,1.0,0.0,1.0,5.6,0.0,0.0,0.0,0.0,0.0,0.0,0.0,0.0,0.0,1.0,1.0,0.0,1.0,1.0,1.0,0.0,1.0,5.6,Rebounding,2,0,2,6.0,2111,0.4,0.2,0.2,4.33,4.44,4.23,SpeedDistance,2,0,2,6.0,8,0,0,0,0.0,0,0,0.0,0,0.0,0,0.0,0,0.0,0,0.0,0,0.0,ElbowTouch,2,0,2,6.0,8,0,0,0,0.0,0,0,0.0,0,0.0,0,0.0,0,0.0,0,0.0,0,0.0,PostTouch,2,0,2,6.0,8,2,2,2,1.0,0,0,0.0,4,2.0,0,0.0,0,0.0,0,0.0,0,0.0,PaintTouch
1642281,Jaylon Tyson,1610612739,CLE,66,41,25,1777.0,247,55,111,0.495,15,18,0.833,130,0.526,103,0.417,28,0.113,19,0.077,9,0.036,Drives,66,41,25,1777.0,54,28,220,88,125,0.704,Defense,66,41,25,1777.0,133,304,0.438,392,126.0,283.0,0.445,0.645,CatchShoot,66,41,25,1777.0,1818,1933,147,9,24,252,388,180,0.081,0.099,Passing,66,41,25,1777.0,872,2679,1466,95.7,2.14,1.49,0.325,106,1,195,0.67,0.0,0.759,Possessions,66,41,25,1777.0,21,43,0.488,48,6.0,15.0,0.4,0.558,PullUpShot,64.0,39.0,25.0,1749.0,118.0,51.0,66.0,0.432,277.0,0.426,19.0,0.457,7.8,220.0,31.0,189.0,0.141,366.0,0.601,48.0,0.692,7.1,338.0,82.0,255.0,0.243,631.0,0.536,67.0,0.599,7.4,Rebounding,66,41,25,1777.0,731607,138.6,70.6,67.9,4.54,4.81,4.28,SpeedDistance,66,41,25,1777.0,2679,106,31,58,0.534,7,8,0.875,71,0.67,34,0.321,10,0.294,9,0.085,4,0.038,ElbowTouch,66,41,25,1777.0,2679,1,0,1,0.0,0,0,0.0,0,0.0,0,0.0,0,0.0,0,0.0,0,0.0,PostTouch,66,41,25,1777.0,2679,195,67,113,0.593,13,20,0.65,148,0.759,64,0.328,11,0.056,6,0.031,10,0.051,PaintTouch
1642282,Hunter Sallis,1610612755,PHI,7,3,4,26.0,11,2,4,0.5,1,2,0.5,5,0.455,5,0.455,0,0.0,1,0.091,1,0.091,Drives,7,3,4,26.0,0,1,1,2,2,1.0,Defense,7,3,4,26.0,0,0,,0,,,,,CatchShoot,7,3,4,26.0,51,57,4,1,2,8,13,7,0.078,0.137,Passing,7,3,4,26.0,7,62,20,4.5,4.35,4.05,0.113,0,0,0,0.0,0.0,0.0,Possessions,7,3,4,26.0,0,1,0.0,0,,,,0.0,PullUpShot,1.0,1.0,0.0,4.0,0.0,0.0,0.0,0.0,0.0,0.0,0.0,0.0,0.0,1.0,0.0,1.0,0.0,2.0,0.5,0.0,0.5,10.7,1.0,0.0,1.0,0.0,2.0,0.5,0.0,0.5,10.7,Rebounding,7,3,4,26.0,10574,2.0,1.1,0.9,4.74,5.04,4.42,SpeedDistance,7,3,4,26.0,62,0,0,0,0.0,0,0,0.0,0,0.0,0,0.0,0,0.0,0,0.0,0,0.0,ElbowTouch,7,3,4,26.0,62,0,0,0,0.0,0,0,0.0,0,0.0,0,0.0,0,0.0,0,0.0,0,0.0,PostTouch,7,3,4,26.0,62,0,0,0,0.0,0,0,0.0,0,0.0,0,0.0,0,0.0,0,0.0,0,0.0,PaintTouch
1642285,Cam Spencer,1610612763,MEM,72,23,49,1714.0,384,60,122,0.492,36,38,0.947,163,0.424,218,0.568,67,0.174,15,0.039,19,0.049,Drives,72,23,49,1714.0,52,11,143,90,118,0.763,Defense,72,23,49,1714.0,78,165,0.473,225,69.0,151.0,0.457,0.682,CatchShoot,72,23,49,1714.0,3004,3206,400,37,41,684,1019,477,0.133,0.159,Passing,72,23,49,1714.0,798,3809,1995,227.6,3.58,3.3,0.21,26,0,51,0.385,0.0,0.529,Possessions,72,23,49,1714.0,144,313,0.46,365,77.0,175.0,0.44,0.583,PullUpShot,66.0,20.0,46.0,1590.0,40.0,11.0,29.0,0.275,90.0,0.444,4.0,0.465,10.3,143.0,19.0,124.0,0.133,231.0,0.619,18.0,0.671,9.0,183.0,30.0,153.0,0.164,318.0,0.575,22.0,0.618,9.3,Rebounding,72,23,49,1714.0,698757,132.3,72.1,60.2,4.48,4.94,4.04,SpeedDistance,72,23,49,1714.0,3809,26,5,8,0.625,0,0,0.0,10,0.385,18,0.692,3,0.167,0,0.0,0,0.0,ElbowTouch,72,23,49,1714.0,3809,0,0,0,0.0,0,0,0.0,0,0.0,0,0.0,0,0.0,0,0.0,0,0.0,PostTouch,72,23,49,1714.0,3809,51,12,18,0.667,2,2,1.0,27,0.529,25,0.49,9,0.176,6,0.118,1,0.02,PaintTouch
1642345,Oso Ighodaro,1610612756,PHX,82,45,37,1808.0,160,39,78,0.5,11,22,0.5,90,0.563,58,0.363,9,0.056,6,0.038,11,0.069,Drives,82,45,37,1808.0,73,57,280,185,325,0.569,Defense,82,45,37,1808.0,12,31,0.387,24,0.0,1.0,0.0,0.387,CatchShoot,82,45,37,1808.0,2182,1835,185,14,17,326,496,217,0.085,0.099,Passing,82,45,37,1808.0,531,2741,1648,106.9,2.34,1.29,0.194,184,9,342,0.571,0.556,0.801,Possessions,82,45,37,1808.0,7,14,0.5,14,0.0,0.0,,0.5,PullUpShot,79.0,43.0,36.0,1776.0,138.0,88.0,46.0,0.638,294.0,0.469,6.0,0.479,7.0,280.0,89.0,185.0,0.318,498.0,0.562,56.0,0.633,5.5,418.0,177.0,231.0,0.423,780.0,0.536,62.0,0.582,6.0,Rebounding,82,45,37,1808.0,701151,132.8,70.0,62.8,4.23,4.46,3.99,SpeedDistance,82,45,37,1808.0,2741,184,47,80,0.588,11,20,0.55,105,0.571,81,0.44,14,0.173,7,0.038,9,0.049,ElbowTouch,82,45,37,1808.0,2741,9,2,4,0.5,0,0,0.0,5,0.556,4,0.444,1,0.111,1,0.111,0,0.0,PostTouch,82,45,37,1808.0,2741,342,125,180,0.694,21,35,0.6,274,0.801,115,0.336,19,0.056,15,0.044,17,0.05,PaintTouch
1642346,Ryan Dunn,1610612756,PHX,70,40,30,1355.0,142,20,54,0.37,9,14,0.643,50,0.352,70,0.493,15,0.106,11,0.077,7,0.049,Drives,70,40,30,1355.0,60,29,198,89,143,0.622,Defense,70,40,30,1355.0,55,158,0.348,165,55.0,157.0,0.35,0.522,CatchShoot,70,40,30,1355.0,1304,1015,102,6,8,167,263,116,0.078,0.089,Passing,70,40,30,1355.0,407,1769,912,63.0,2.14,1.44,0.23,43,0,143,0.651,0.0,0.727,Possessions,70,40,30,1355.0,2,18,0.111,5,1.0,9.0,0.111,0.139,PullUpShot,67.0,39.0,28.0,1347.0,99.0,41.0,54.0,0.414,215.0,0.46,9.0,0.481,8.8,198.0,48.0,143.0,0.242,326.0,0.607,30.0,0.669,5.2,297.0,89.0,197.0,0.3,512.0,0.58,39.0,0.628,6.4,Rebounding,70,40,30,1355.0,548591,103.9,53.4,50.5,4.48,4.63,4.33,SpeedDistance,70,40,30,1355.0,1769,43,12,19,0.632,4,6,0.667,28,0.651,20,0.465,3,0.15,1,0.023,3,0.07,ElbowTouch,70,40,30,1355.0,1769,0,0,0,0.0,0,0,0.0,0,0.0,0,0.0,0,0.0,0,0.0,0,0.0,PostTouch,70,40,30,1355.0,1769,143,51,84,0.607,2,4,0.5,104,0.727,47,0.329,11,0.077,7,0.049,2,0.014,PaintTouch
1642347,Jamal Shead,1610612761,TOR,82,46,36,1852.0,518,61,159,0.384,44,54,0.815,170,0.328,291,0.562,87,0.168,31,0.06,27,0.052,Drives,82,46,36,1852.0,76,15,117,63,81,0.778,Defense,82,46,36,1852.0,65,207,0.314,193,63.0,202.0,0.312,0.466,CatchShoot,82,46,36,1852.0,3246,3376,444,58,50,811,1137,553,0.137,0.17,Passing,82,46,36,1852.0,545,4029,1548,295.1,4.39,3.75,0.135,28,0,45,0.214,0.0,0.533,Possessions,82,46,36,1852.0,40,122,0.328,101,21.0,58.0,0.362,0.414,PullUpShot,68.0,40.0,28.0,1542.0,25.0,8.0,17.0,0.32,70.0,0.357,4.0,0.379,12.0,114.0,22.0,93.0,0.193,233.0,0.489,29.0,0.559,10.1,139.0,30.0,110.0,0.216,299.0,0.465,33.0,0.523,10.4,Rebounding,82,46,36,1852.0,708788,134.2,69.9,64.3,4.16,4.44,3.88,SpeedDistance,82,46,36,1852.0,4029,28,3,11,0.273,0,0,0.0,6,0.214,15,0.536,3,0.2,0,0.0,0,0.0,ElbowTouch,82,46,36,1852.0,4029,0,0,0,0.0,0,0,0.0,0,0.0,0,0.0,0,0.0,0,0.0,0,0.0,PostTouch,82,46,36,1852.0,4029,45,9,19,0.474,6,6,1.0,24,0.533,18,0.4,6,0.133,4,0.089,2,0.044,PaintTouch
1642348,Justin Edwards,1610612755,PHI,64,37,27,977.0,142,39,72,0.542,13,16,0.813,95,0.669,48,0.338,14,0.099,9,0.063,8,0.056,Drives,64,37,27,977.0,54,11,68,57,74,0.77,Defense,64,37,27,977.0,58,156,0.372,174,58.0,156.0,0.372,0.558,CatchShoot,64,37,27,977.0,1019,1018,80,8,8,113,222,96,0.079,0.094,Passing,64,37,27,977.0,386,1418,835,46.5,1.97,1.33,0.272,11,0,39,0.273,0.0,0.718,Possessions,64,37,27,977.0,27,72,0.375,62,8.0,23.0,0.348,0.431,PullUpShot,40.0,19.0,21.0,770.0,26.0,14.0,13.0,0.538,55.0,0.473,3.0,0.5,7.5,68.0,16.0,52.0,0.235,108.0,0.63,4.0,0.654,8.2,94.0,30.0,65.0,0.319,152.0,0.618,7.0,0.648,8.0,Rebounding,64,37,27,977.0,385072,72.9,38.4,34.5,4.34,4.52,4.15,SpeedDistance,64,37,27,977.0,1418,11,1,6,0.167,1,2,0.5,3,0.273,4,0.364,0,0.0,0,0.0,1,0.091,ElbowTouch,64,37,27,977.0,1418,0,0,0,0.0,0,0,0.0,0,0.0,0,0.0,0,0.0,0,0.0,0,0.0,PostTouch,64,37,27,977.0,1418,39,13,21,0.619,2,2,1.0,28,0.718,15,0.385,4,0.103,1,0.026,1,0.026,PaintTouch
1642349,Ajay Mitchell,1610612760,OKC,57,50,7,1473.0,644,159,297,0.535,73,84,0.869,406,0.63,255,0.396,53,0.082,34,0.053,43,0.067,Drives,57,50,7,1473.0,71,18,150,56,81,0.691,Defense,57,50,7,1473.0,43,130,0.331,128,42.0,125.0,0.336,0.492,CatchShoot,57,50,7,1473.0,1762,2061,206,16,34,393,539,256,0.117,0.145,Passing,57,50,7,1473.0,774,2587,1149,203.8,4.73,4.82,0.299,32,0,49,0.688,0.0,0.939,Possessions,57,50,7,1473.0,68,144,0.472,155,19.0,51.0,0.373,0.538,PullUpShot,54.0,47.0,7.0,1421.0,40.0,15.0,25.0,0.375,97.0,0.412,3.0,0.426,13.0,150.0,32.0,118.0,0.213,261.0,0.575,23.0,0.63,9.7,190.0,47.0,143.0,0.247,348.0,0.546,26.0,0.59,10.4,Rebounding,57,50,7,1473.0,604067,114.4,61.1,53.3,4.58,5.01,4.16,SpeedDistance,57,50,7,1473.0,2587,32,11,14,0.786,0,0,0.0,22,0.688,15,0.469,1,0.067,2,0.063,0,0.0,ElbowTouch,57,50,7,1473.0,2587,0,0,0,0.0,0,0,0.0,0,0.0,0,0.0,0,0.0,0,0.0,0,0.0,PostTouch,57,50,7,1473.0,2587,49,23,30,0.767,0,0,0.0,46,0.939,13,0.265,3,0.061,3,0.061,0,0.0,PaintTouch
1642352,Keshad Johnson,1610612748,MIA,32,16,16,280.0,44,9,17,0.529,4,4,1.0,22,0.5,20,0.455,1,0.023,5,0.114,2,0.045,Drives,32,16,16,280.0,15,8,36,18,34,0.529,Defense,32,16,16,280.0,14,42,0.333,41,13.0,41.0,0.317,0.488,CatchShoot,32,16,16,280.0,331,263,8,2,8,32,21,18,0.024,0.054,Passing,32,16,16,280.0,136,481,268,16.4,2.04,1.06,0.283,12,1,43,0.417,0.0,0.837,Possessions,32,16,16,280.0,1,5,0.2,2,0.0,4.0,0.0,0.2,PullUpShot,24.0,14.0,10.0,258.0,26.0,15.0,11.0,0.577,50.0,0.52,3.0,0.553,7.1,36.0,12.0,24.0,0.333,78.0,0.462,13.0,0.554,4.7,62.0,27.0,35.0,0.435,121.0,0.512,16.0,0.59,5.7,Rebounding,32,16,16,280.0,117854,22.3,12.0,10.4,4.65,5.15,4.22,SpeedDistance,32,16,16,280.0,481,12,2,4,0.5,1,2,0.5,5,0.417,5,0.417,1,0.2,0,0.0,1,0.083,ElbowTouch,32,16,16,280.0,481,1,0,0,0.0,0,0,0.0,0,0.0,1,1.0,0,0.0,0,0.0,0,0.0,PostTouch,32,16,16,280.0,481,43,15,26,0.577,6,8,0.75,36,0.837,11,0.256,2,0.047,0,0.0,4,0.093,PaintTouch
1642353,Cam Christie,1610612746,LAC,55,26,29,480.0,85,17,44,0.386,19,22,0.864,55,0.647,25,0.294,5,0.059,3,0.035,11,0.129,Drives,55,26,29,480.0,16,3,59,22,37,0.595,Defense,55,26,29,480.0,11,38,0.289,33,11.0,37.0,0.297,0.434,CatchShoot,55,26,29,480.0,496,484,31,1,11,53,82,44,0.063,0.089,Passing,55,26,29,480.0,156,711,353,34.7,2.93,2.38,0.219,6,0,33,0.667,0.0,0.758,Possessions,55,26,29,480.0,8,29,0.276,17,1.0,12.0,0.083,0.293,PullUpShot,34.0,16.0,18.0,386.0,19.0,6.0,13.0,0.316,38.0,0.5,1.0,0.514,9.4,59.0,10.0,49.0,0.169,101.0,0.584,9.0,0.641,7.7,78.0,16.0,62.0,0.205,137.0,0.569,10.0,0.614,8.1,Rebounding,55,26,29,480.0,194043,36.8,19.3,17.5,4.46,4.66,4.26,SpeedDistance,55,26,29,480.0,711,6,1,1,1.0,2,2,1.0,4,0.667,3,0.5,0,0.0,0,0.0,1,0.167,ElbowTouch,55,26,29,480.0,711,0,0,0,0.0,0,0,0.0,0,0.0,0,0.0,0,0.0,0,0.0,0,0.0,PostTouch,55,26,29,480.0,711,33,10,19,0.526,5,6,0.833,25,0.758,9,0.273,0,0.0,1,0.03,3,0.091,PaintTouch
1642354,KJ Simpson,1610612743,DEN,20,10,10,258.0,65,13,42,0.31,4,6,0.667,31,0.477,16,0.246,9,0.138,3,0.046,3,0.046,Drives,20,10,10,258.0,16,0,28,13,20,0.65,Defense,20,10,10,258.0,9,30,0.3,27,9.0,30.0,0.3,0.45,CatchShoot,20,10,10,258.0,413,438,43,2,1,75,113,46,0.104,0.111,Passing,20,10,10,258.0,91,564,253,41.9,4.46,4.27,0.161,4,0,9,0.5,0.0,0.889,Possessions,20,10,10,258.0,8,28,0.286,19,3.0,10.0,0.3,0.339,PullUpShot,14.0,7.0,7.0,216.0,9.0,3.0,6.0,0.333,21.0,0.429,1.0,0.45,7.9,28.0,8.0,20.0,0.286,41.0,0.683,4.0,0.757,8.4,37.0,11.0,26.0,0.297,62.0,0.597,5.0,0.649,8.3,Rebounding,20,10,10,258.0,100738,19.1,10.5,8.6,4.53,4.76,4.27,SpeedDistance,20,10,10,258.0,564,4,1,1,1.0,0,0,0.0,2,0.5,2,0.5,0,0.0,0,0.0,0,0.0,ElbowTouch,20,10,10,258.0,564,0,0,0,0.0,0,0,0.0,0,0.0,0,0.0,0,0.0,0,0.0,0,0.0,PostTouch,20,10,10,258.0,564,9,4,6,0.667,0,0,0.0,8,0.889,2,0.222,0,0.0,1,0.111,0,0.0,PaintTouch
1642355,Bronny James,1610612747,LAL,42,24,18,375.0,56,9,22,0.409,2,2,1.0,20,0.357,26,0.464,6,0.107,6,0.107,1,0.018,Drives,42,24,18,375.0,19,4,18,33,39,0.846,Defense,42,24,18,375.0,13,30,0.433,38,12.0,29.0,0.414,0.633,CatchShoot,42,24,18,375.0,566,607,51,5,7,86,124,62,0.09,0.11,Passing,42,24,18,375.0,122,747,331,52.8,4.24,3.87,0.163,1,0,11,0.0,0.0,0.727,Possessions,42,24,18,375.0,19,60,0.317,48,10.0,28.0,0.357,0.4,PullUpShot,15.0,8.0,7.0,238.0,5.0,3.0,2.0,0.6,10.0,0.5,1.0,0.556,12.4,18.0,3.0,15.0,0.167,40.0,0.45,4.0,0.5,7.9,23.0,6.0,17.0,0.261,50.0,0.46,5.0,0.511,8.9,Rebounding,42,24,18,375.0,144440,27.4,15.2,12.1,4.19,4.45,3.87,SpeedDistance,42,24,18,375.0,747,1,0,0,0.0,0,0,0.0,0,0.0,1,1.0,1,1.0,0,0.0,0,0.0,ElbowTouch,42,24,18,375.0,747,0,0,0,0.0,0,0,0.0,0,0.0,0,0.0,0,0.0,0,0.0,0,0.0,PostTouch,42,24,18,375.0,747,11,4,6,0.667,0,0,0.0,8,0.727,4,0.364,0,0.0,1,0.091,0,0.0,PaintTouch
1642357,David Jones Garcia,1610612759,SAS,11,7,4,68.0,28,8,15,0.533,1,4,0.25,19,0.679,9,0.321,3,0.107,1,0.036,2,0.071,Drives,11,7,4,68.0,6,1,9,3,6,0.5,Defense,11,7,4,68.0,1,3,0.333,3,1.0,2.0,0.5,0.5,CatchShoot,11,7,4,68.0,90,99,18,0,3,18,40,20,0.2,0.222,Passing,11,7,4,68.0,32,132,53,9.2,4.19,3.39,0.242,1,0,2,0.0,0.0,1.0,Possessions,11,7,4,68.0,2,3,0.667,6,2.0,3.0,0.667,1.0,PullUpShot,7.0,5.0,2.0,53.0,4.0,3.0,1.0,0.75,7.0,0.571,1.0,0.667,13.1,9.0,4.0,5.0,0.444,13.0,0.692,1.0,0.75,6.4,13.0,7.0,6.0,0.538,20.0,0.65,2.0,0.722,8.5,Rebounding,11,7,4,68.0,28600,5.4,2.7,2.7,4.84,4.89,4.79,SpeedDistance,11,7,4,68.0,132,1,0,0,0.0,0,0,0.0,0,0.0,1,1.0,0,0.0,0,0.0,0,0.0,ElbowTouch,11,7,4,68.0,132,0,0,0,0.0,0,0,0.0,0,0.0,0,0.0,0,0.0,0,0.0,0,0.0,PostTouch,11,7,4,68.0,132,2,1,2,0.5,0,0,0.0,2,1.0,0,0.0,0,0.0,0,0.0,0,0.0,PaintTouch
1642358,AJ Johnson,1610612742,DAL,48,9,39,453.0,135,24,72,0.333,17,20,0.85,67,0.496,45,0.333,11,0.081,7,0.052,10,0.074,Drives,48,9,39,453.0,11,3,41,30,37,0.811,Defense,48,9,39,453.0,6,36,0.167,18,6.0,36.0,0.167,0.25,CatchShoot,48,9,39,453.0,476,567,47,1,5,94,117,54,0.099,0.113,Passing,48,9,39,453.0,160,725,351,50.5,4.18,3.8,0.221,7,0,25,0.143,0.0,0.72,Possessions,48,9,39,453.0,6,25,0.24,18,6.0,21.0,0.286,0.36,PullUpShot,28.0,3.0,25.0,349.0,14.0,6.0,8.0,0.429,35.0,0.4,3.0,0.438,9.9,41.0,12.0,29.0,0.293,63.0,0.651,7.0,0.732,7.6,55.0,18.0,37.0,0.327,98.0,0.561,10.0,0.625,8.2,Rebounding,48,9,39,453.0,193898,36.7,20.0,16.7,4.55,5.04,4.08,SpeedDistance,48,9,39,453.0,725,7,0,1,0.0,1,2,0.5,1,0.143,4,0.571,1,0.25,1,0.143,1,0.143,ElbowTouch,48,9,39,453.0,725,0,0,0,0.0,0,0,0.0,0,0.0,0,0.0,0,0.0,0,0.0,0,0.0,PostTouch,48,9,39,453.0,725,25,6,11,0.545,5,6,0.833,18,0.72,6,0.24,2,0.08,5,0.2,3,0.12,PaintTouch
1642359,Pacôme Dadiet,1610612752,NYK,29,18,11,136.0,16,2,5,0.4,0,2,0.0,4,0.25,9,0.563,2,0.125,1,0.063,1,0.063,Drives,29,18,11,136.0,3,1,23,14,19,0.737,Defense,29,18,11,136.0,6,29,0.207,18,6.0,28.0,0.214,0.31,CatchShoot,29,18,11,136.0,144,130,12,1,1,18,30,14,0.083,0.097,Passing,29,18,11,136.0,48,204,111,6.3,1.86,1.0,0.235,6,0,11,1.667,0.0,0.182,Possessions,29,18,11,136.0,2,9,0.222,5,1.0,5.0,0.2,0.278,PullUpShot,19.0,13.0,6.0,110.0,4.0,3.0,1.0,0.75,12.0,0.333,0.0,0.333,7.1,23.0,3.0,20.0,0.13,34.0,0.676,4.0,0.767,6.5,27.0,6.0,21.0,0.222,46.0,0.587,4.0,0.643,6.6,Rebounding,29,18,11,136.0,58105,11.0,5.9,5.1,4.52,4.94,4.12,SpeedDistance,29,18,11,136.0,204,6,4,4,1.0,2,2,1.0,10,1.667,1,0.167,0,0.0,0,0.0,1,0.167,ElbowTouch,29,18,11,136.0,204,0,0,0,0.0,0,0,0.0,0,0.0,0,0.0,0,0.0,0,0.0,0,0.0,PostTouch,29,18,11,136.0,204,11,1,3,0.333,0,0,0.0,2,0.182,6,0.545,0,0.0,2,0.182,0,0.0,PaintTouch
1642362,Payton Sandfort,1610612760,OKC,4,2,2,63.0,2,1,2,0.5,0,0,0.0,2,1.0,0,0.0,0,0.0,0,0.0,0,0.0,Drives,4,2,2,63.0,1,0,9,3,3,1.0,Defense,4,2,2,63.0,7,14,0.5,21,7.0,14.0,0.5,0.75,CatchShoot,4,2,2,63.0,35,41,0,0,0,1,0,0,0.0,0.0,Passing,4,2,2,63.0,35,66,41,1.5,1.38,0.61,0.53,0,0,5,0.0,0.0,1.0,Possessions,4,2,2,63.0,1,4,0.25,2,0.0,3.0,0.0,0.25,PullUpShot,4.0,2.0,2.0,63.0,1.0,1.0,0.0,1.0,1.0,1.0,0.0,1.0,2.2,9.0,1.0,8.0,0.111,12.0,0.75,0.0,0.75,7.3,10.0,2.0,8.0,0.2,13.0,0.769,0.0,0.769,6.7,Rebounding,4,2,2,63.0,27701,5.2,2.8,2.5,4.66,5.38,4.2,SpeedDistance,4,2,2,63.0,66,0,0,0,0.0,0,0,0.0,0,0.0,0,0.0,0,0.0,0,0.0,0,0.0,ElbowTouch,4,2,2,63.0,66,0,0,0,0.0,0,0,0.0,0,0.0,0,0.0,0,0.0,0,0.0,0,0.0,PostTouch,4,2,2,63.0,66,5,2,4,0.5,1,2,0.5,5,1.0,0,0.0,0,0.0,0,0.0,1,0.2,PaintTouch
1642363,Nique Clifford,1610612758,SAC,75,21,54,1882.0,413,76,182,0.418,33,46,0.717,190,0.46,168,0.407,45,0.109,33,0.08,24,0.058,Drives,75,21,54,1882.0,68,24,217,107,157,0.682,Defense,75,21,54,1882.0,60,175,0.343,176,56.0,159.0,0.352,0.503,CatchShoot,75,21,54,1882.0,2137,1931,179,15,26,314,446,220,0.084,0.103,Passing,75,21,54,1882.0,645,2952,1396,153.5,3.12,2.53,0.218,28,0,78,0.893,0.0,0.782,Possessions,75,21,54,1882.0,68,191,0.356,157,21.0,70.0,0.3,0.411,PullUpShot,69.0,21.0,48.0,1795.0,65.0,27.0,38.0,0.415,153.0,0.425,5.0,0.439,9.5,217.0,36.0,181.0,0.166,376.0,0.577,34.0,0.635,7.1,282.0,63.0,219.0,0.223,507.0,0.556,39.0,0.603,7.7,Rebounding,75,21,54,1882.0,787070,149.1,78.4,70.7,4.52,4.77,4.28,SpeedDistance,75,21,54,1882.0,2952,28,12,19,0.632,1,2,0.5,25,0.893,8,0.286,2,0.25,0,0.0,1,0.036,ElbowTouch,75,21,54,1882.0,2952,0,0,0,0.0,0,0,0.0,0,0.0,0,0.0,0,0.0,0,0.0,0,0.0,PostTouch,75,21,54,1882.0,2952,78,29,41,0.707,3,6,0.5,61,0.782,28,0.359,5,0.064,5,0.064,2,0.026,PaintTouch
1642364,Jamir Watkins,1610612764,WAS,50,10,40,1032.0,100,27,49,0.551,17,20,0.85,73,0.73,33,0.33,8,0.08,7,0.07,10,0.1,Drives,50,10,40,1032.0,54,25,145,109,165,0.661,Defense,50,10,40,1032.0,41,139,0.295,123,41.0,139.0,0.295,0.442,CatchShoot,50,10,40,1032.0,888,803,67,4,7,109,182,78,0.075,0.088,Passing,50,10,40,1032.0,368,1297,682,45.5,2.1,1.27,0.284,32,2,64,0.531,0.0,0.828,Possessions,50,10,40,1032.0,8,27,0.296,22,6.0,18.0,0.333,0.407,PullUpShot,44.0,8.0,36.0,1011.0,49.0,16.0,33.0,0.327,105.0,0.467,3.0,0.48,9.8,145.0,35.0,110.0,0.241,240.0,0.604,20.0,0.659,6.6,194.0,51.0,143.0,0.263,334.0,0.581,23.0,0.624,7.4,Rebounding,50,10,40,1032.0,425808,80.6,41.6,39.0,4.4,4.53,4.26,SpeedDistance,50,10,40,1032.0,1297,32,7,11,0.636,3,8,0.375,17,0.531,16,0.5,2,0.125,0,0.0,4,0.125,ElbowTouch,50,10,40,1032.0,1297,2,0,1,0.0,0,0,0.0,0,0.0,1,0.5,1,0.5,0,0.0,0,0.0,PostTouch,50,10,40,1032.0,1297,64,22,33,0.667,9,12,0.75,53,0.828,21,0.328,3,0.047,2,0.031,5,0.078,PaintTouch
1642366,Quinten Post,1610612744,GSW,67,32,35,1159.0,76,14,34,0.412,2,4,0.5,31,0.408,33,0.434,5,0.066,5,0.066,2,0.026,Drives,67,32,35,1159.0,26,35,201,136,233,0.584,Defense,67,32,35,1159.0,95,269,0.353,279,89.0,256.0,0.348,0.519,CatchShoot,67,32,35,1159.0,1592,1404,94,11,23,158,248,128,0.059,0.08,Passing,67,32,35,1159.0,513,2144,1377,55.8,1.56,0.6,0.239,52,47,144,0.346,0.468,0.819,Possessions,67,32,35,1159.0,12,32,0.375,28,4.0,19.0,0.211,0.438,PullUpShot,60.0,26.0,34.0,1100.0,66.0,34.0,31.0,0.515,147.0,0.449,5.0,0.465,6.8,197.0,58.0,139.0,0.294,390.0,0.505,52.0,0.583,5.4,263.0,92.0,170.0,0.35,524.0,0.502,57.0,0.563,5.8,Rebounding,67,32,35,1159.0,465552,88.2,48.9,39.3,4.47,4.71,4.21,SpeedDistance,67,32,35,1159.0,2144,52,8,16,0.5,2,2,1.0,18,0.346,31,0.596,11,0.355,3,0.058,1,0.019,ElbowTouch,67,32,35,1159.0,2144,47,9,14,0.643,4,6,0.667,22,0.468,24,0.511,2,0.043,2,0.043,3,0.064,PostTouch,67,32,35,1159.0,2144,144,53,70,0.757,12,16,0.75,118,0.819,48,0.333,6,0.042,11,0.076,7,0.049,PaintTouch
1642367,Jonathan Mogbo,1610612761,TOR,40,20,20,249.0,16,4,7,0.571,4,4,1.0,12,0.75,5,0.313,1,0.063,0,0.0,2,0.125,Drives,40,20,20,249.0,11,8,49,26,40,0.65,Defense,40,20,20,249.0,0,1,0.0,0,0.0,1.0,0.0,0.0,CatchShoot,40,20,20,249.0,277,168,25,2,0,44,63,27,0.09,0.097,Passing,40,20,20,249.0,61,350,163,12.4,2.13,1.12,0.174,23,1,49,0.522,0.0,0.694,Possessions,40,20,20,249.0,1,2,0.5,2,0.0,0.0,,0.5,PullUpShot,25.0,13.0,12.0,209.0,19.0,9.0,10.0,0.474,39.0,0.487,1.0,0.5,5.1,48.0,14.0,34.0,0.292,70.0,0.686,3.0,0.716,5.4,67.0,23.0,44.0,0.343,104.0,0.644,4.0,0.67,5.4,Rebounding,40,20,20,249.0,102219,19.4,9.6,9.7,4.35,4.42,4.25,SpeedDistance,40,20,20,249.0,350,23,6,7,0.857,0,0,0.0,12,0.522,13,0.565,2,0.154,2,0.087,0,0.0,ElbowTouch,40,20,20,249.0,350,1,0,0,0.0,0,0,0.0,0,0.0,1,1.0,0,0.0,0,0.0,0,0.0,PostTouch,40,20,20,249.0,350,49,16,27,0.593,0,2,0.0,34,0.694,13,0.265,2,0.041,5,0.102,1,0.02,PaintTouch
1642368,N'Faly Dante,1610612737,ATL,4,3,1,15.0,0,0,0,0.0,0,0,0.0,0,0.0,0,0.0,0,0.0,0,0.0,0,0.0,Drives,4,3,1,15.0,2,0,4,1,2,0.5,Defense,4,3,1,15.0,0,1,0.0,0,,,,0.0,CatchShoot,4,3,1,15.0,14,8,0,0,0,0,0,0,0.0,0.0,Passing,4,3,1,15.0,3,20,10,0.4,1.3,0.75,0.15,4,0,3,0.0,0.0,0.0,Possessions,4,3,1,15.0,0,0,,0,,,,,PullUpShot,2.0,1.0,1.0,12.0,3.0,3.0,0.0,1.0,5.0,0.6,0.0,0.6,6.9,4.0,1.0,3.0,0.25,5.0,0.8,0.0,0.8,5.1,7.0,4.0,3.0,0.571,9.0,0.778,0.0,0.778,5.9,Rebounding,4,3,1,15.0,5668,1.1,0.6,0.5,4.42,4.49,4.34,SpeedDistance,4,3,1,15.0,20,4,0,0,0.0,0,0,0.0,0,0.0,3,0.75,0,0.0,1,0.25,0,0.0,ElbowTouch,4,3,1,15.0,20,0,0,0,0.0,0,0,0.0,0,0.0,0,0.0,0,0.0,0,0.0,0,0.0,PostTouch,4,3,1,15.0,20,3,0,2,0.0,0,0,0.0,0,0.0,0,0.0,0,0.0,1,0.333,0,0.0,PaintTouch
1642377,Jaylen Wells,1610612763,MEM,69,24,45,1821.0,296,61,129,0.473,41,52,0.788,165,0.557,109,0.368,32,0.108,18,0.061,26,0.088,Drives,69,24,45,1821.0,61,9,159,100,133,0.752,Defense,69,24,45,1821.0,114,307,0.371,334,106.0,287.0,0.369,0.544,CatchShoot,69,24,45,1821.0,1242,1691,111,3,25,197,281,139,0.089,0.112,Passing,69,24,45,1821.0,865,2167,1509,93.2,2.58,2.01,0.399,30,1,87,1.067,0.0,0.966,Possessions,69,24,45,1821.0,80,191,0.419,181,21.0,76.0,0.276,0.474,PullUpShot,67.0,24.0,43.0,1776.0,61.0,25.0,35.0,0.41,138.0,0.442,10.0,0.477,10.7,159.0,26.0,132.0,0.164,298.0,0.534,32.0,0.598,7.8,220.0,51.0,167.0,0.232,432.0,0.509,42.0,0.564,8.6,Rebounding,69,24,45,1821.0,723027,136.9,66.2,70.7,4.42,4.35,4.49,SpeedDistance,69,24,45,1821.0,2167,30,14,18,0.778,3,6,0.5,32,1.067,6,0.2,1,0.167,1,0.033,3,0.1,ElbowTouch,69,24,45,1821.0,2167,1,0,0,0.0,0,0,0.0,0,0.0,1,1.0,0,0.0,0,0.0,0,0.0,PostTouch,69,24,45,1821.0,2167,87,35,59,0.593,13,14,0.929,84,0.966,20,0.23,4,0.046,0,0.0,7,0.08,PaintTouch
1642380,Adama Bal,1610612763,MEM,8,1,7,241.0,21,5,9,0.556,0,0,0.0,10,0.476,10,0.476,4,0.19,2,0.095,0,0.0,Drives,8,1,7,241.0,9,1,19,34,41,0.829,Defense,8,1,7,241.0,12,34,0.353,36,12.0,32.0,0.375,0.529,CatchShoot,8,1,7,241.0,203,194,19,0,1,30,47,20,0.094,0.099,Passing,8,1,7,241.0,83,293,180,10.2,2.09,1.41,0.283,6,0,15,0.333,0.0,0.533,Possessions,8,1,7,241.0,6,16,0.375,18,6.0,13.0,0.462,0.563,PullUpShot,8.0,1.0,7.0,241.0,6.0,3.0,3.0,0.5,25.0,0.24,0.0,0.24,4.4,19.0,2.0,17.0,0.105,39.0,0.487,5.0,0.559,8.2,25.0,5.0,20.0,0.2,61.0,0.41,5.0,0.446,7.3,Rebounding,8,1,7,241.0,100122,19.0,9.6,9.3,4.41,4.4,4.38,SpeedDistance,8,1,7,241.0,293,6,0,1,0.0,2,2,1.0,2,0.333,3,0.5,1,0.333,0,0.0,1,0.167,ElbowTouch,8,1,7,241.0,293,0,0,0,0.0,0,0,0.0,0,0.0,0,0.0,0,0.0,0,0.0,0,0.0,PostTouch,8,1,7,241.0,293,15,3,7,0.429,2,2,1.0,8,0.533,6,0.4,1,0.067,0,0.0,1,0.067,PaintTouch
1642382,Branden Carlson,1610612760,OKC,42,32,10,488.0,15,3,12,0.25,0,2,0.0,6,0.4,1,0.067,0,0.0,1,0.067,1,0.067,Drives,42,32,10,488.0,8,27,95,70,115,0.609,Defense,42,32,10,488.0,30,86,0.349,90,30.0,83.0,0.361,0.523,CatchShoot,42,32,10,488.0,507,388,29,0,2,39,72,31,0.057,0.061,Passing,42,32,10,488.0,242,727,400,15.7,1.3,0.26,0.333,28,3,109,0.786,0.333,1.11,Possessions,42,32,10,488.0,1,6,0.167,3,1.0,3.0,0.333,0.25,PullUpShot,32.0,25.0,7.0,442.0,29.0,17.0,12.0,0.586,87.0,0.333,6.0,0.358,6.5,95.0,22.0,73.0,0.232,158.0,0.601,16.0,0.669,4.4,124.0,39.0,85.0,0.315,233.0,0.532,22.0,0.588,4.9,Rebounding,42,32,10,488.0,192217,36.4,19.1,17.3,4.35,4.67,4.05,SpeedDistance,42,32,10,488.0,727,28,10,17,0.588,2,2,1.0,22,0.786,9,0.321,4,0.444,1,0.036,1,0.036,ElbowTouch,42,32,10,488.0,727,3,0,1,0.0,1,2,0.5,1,0.333,1,0.333,0,0.0,0,0.0,1,0.333,PostTouch,42,32,10,488.0,727,109,56,73,0.767,8,12,0.667,121,1.11,23,0.211,7,0.064,6,0.055,6,0.055,PaintTouch
1642383,Walter Clayton Jr.,1610612763,MEM,69,17,52,1411.0,470,57,131,0.435,52,58,0.897,171,0.364,260,0.553,76,0.162,38,0.081,29,0.062,Drives,69,17,52,1411.0,44,19,114,92,132,0.697,Defense,69,17,52,1411.0,42,134,0.313,126,42.0,133.0,0.316,0.47,CatchShoot,69,17,52,1411.0,2425,2508,279,31,33,505,726,343,0.115,0.141,Passing,69,17,52,1411.0,538,3151,1324,218.9,4.17,3.71,0.171,17,0,29,0.882,0.0,0.483,Possessions,69,17,52,1411.0,65,182,0.357,162,32.0,109.0,0.294,0.445,PullUpShot,58.0,15.0,43.0,1208.0,25.0,6.0,19.0,0.24,68.0,0.368,5.0,0.397,15.1,114.0,22.0,91.0,0.193,217.0,0.525,24.0,0.591,8.6,139.0,28.0,110.0,0.201,284.0,0.489,29.0,0.545,9.8,Rebounding,69,17,52,1411.0,577578,109.4,58.1,51.3,4.43,4.77,4.1,SpeedDistance,69,17,52,1411.0,3151,17,7,8,0.875,0,0,0.0,15,0.882,8,0.471,0,0.0,1,0.059,0,0.0,ElbowTouch,69,17,52,1411.0,3151,0,0,0,0.0,0,0,0.0,0,0.0,0,0.0,0,0.0,0,0.0,0,0.0,PostTouch,69,17,52,1411.0,3151,29,7,8,0.875,0,0,0.0,14,0.483,17,0.586,2,0.069,4,0.138,0,0.0,PaintTouch
1642384,Isaiah Crawford,1610612745,HOU,14,8,6,92.0,7,3,3,1.0,2,2,1.0,8,1.143,2,0.286,2,0.286,0,0.0,1,0.143,Drives,14,8,6,92.0,2,3,13,6,8,0.75,Defense,14,8,6,92.0,3,12,0.25,9,3.0,12.0,0.25,0.375,CatchShoot,14,8,6,92.0,50,43,5,0,0,8,11,5,0.1,0.1,Passing,14,8,6,92.0,28,83,42,2.5,1.78,1.1,0.337,0,1,6,0.0,2.0,0.333,Possessions,14,8,6,92.0,1,3,0.333,2,0.0,1.0,0.0,0.333,PullUpShot,6.0,3.0,3.0,69.0,3.0,3.0,0.0,1.0,9.0,0.333,0.0,0.333,3.9,13.0,6.0,7.0,0.462,16.0,0.813,0.0,0.813,6.7,16.0,9.0,7.0,0.563,24.0,0.667,0.0,0.667,6.2,Rebounding,14,8,6,92.0,36599,6.9,3.6,3.3,4.18,4.31,4.06,SpeedDistance,14,8,6,92.0,83,0,0,0,0.0,0,0,0.0,0,0.0,0,0.0,0,0.0,0,0.0,0,0.0,ElbowTouch,14,8,6,92.0,83,1,1,1,1.0,0,0,0.0,2,2.0,0,0.0,0,0.0,0,0.0,0,0.0,PostTouch,14,8,6,92.0,83,6,1,3,0.333,0,0,0.0,2,0.333,2,0.333,1,0.167,1,0.167,0,0.0,PaintTouch
1642389,Zyon Pullin,1610612750,MIN,5,4,1,43.0,13,5,6,0.833,0,0,0.0,10,0.769,7,0.538,3,0.231,0,0.0,0,0.0,Drives,5,4,1,43.0,1,0,2,6,9,0.667,Defense,5,4,1,43.0,1,1,1.0,3,1.0,1.0,1.0,1.5,CatchShoot,5,4,1,43.0,67,68,9,2,0,11,27,11,0.134,0.164,Passing,5,4,1,43.0,23,85,29,6.9,4.84,4.88,0.271,0,0,1,0.0,0.0,0.0,Possessions,5,4,1,43.0,2,4,0.5,4,0.0,2.0,0.0,0.5,PullUpShot,1.0,1.0,0.0,31.0,1.0,0.0,1.0,0.0,3.0,0.333,0.0,0.333,2.9,2.0,0.0,2.0,0.0,7.0,0.286,1.0,0.333,7.2,3.0,0.0,3.0,0.0,10.0,0.3,1.0,0.333,5.8,Rebounding,5,4,1,43.0,18717,3.5,1.9,1.7,4.44,4.68,4.43,SpeedDistance,5,4,1,43.0,85,0,0,0,0.0,0,0,0.0,0,0.0,0,0.0,0,0.0,0,0.0,0,0.0,ElbowTouch,5,4,1,43.0,85,0,0,0,0.0,0,0,0.0,0,0.0,0,0.0,0,0.0,0,0.0,0,0.0,PostTouch,5,4,1,43.0,85,1,0,0,0.0,0,0,0.0,0,0.0,1,1.0,0,0.0,0,0.0,0,0.0,PaintTouch
1642396,Blake Hinson,1610612762,UTA,14,4,10,285.0,19,8,9,0.889,4,4,1.0,21,1.105,8,0.421,1,0.053,0,0.0,2,0.105,Drives,14,4,10,285.0,5,2,22,16,22,0.727,Defense,14,4,10,285.0,34,72,0.472,102,34.0,69.0,0.493,0.708,CatchShoot,14,4,10,285.0,230,256,16,1,2,22,37,19,0.07,0.083,Passing,14,4,10,285.0,167,360,221,11.7,1.95,1.19,0.464,8,0,13,0.875,0.0,0.769,Possessions,14,4,10,285.0,5,15,0.333,12,2.0,9.0,0.222,0.4,PullUpShot,12.0,4.0,8.0,256.0,11.0,3.0,8.0,0.273,17.0,0.647,1.0,0.688,14.9,22.0,3.0,18.0,0.136,38.0,0.579,6.0,0.688,7.7,33.0,6.0,26.0,0.182,53.0,0.623,7.0,0.717,10.2,Rebounding,14,4,10,285.0,115636,21.9,11.4,10.5,4.31,4.52,4.1,SpeedDistance,14,4,10,285.0,360,8,3,7,0.429,0,0,0.0,7,0.875,0,0.0,0,0.0,1,0.125,0,0.0,ElbowTouch,14,4,10,285.0,360,0,0,0,0.0,0,0,0.0,0,0.0,0,0.0,0,0.0,0,0.0,0,0.0,PostTouch,14,4,10,285.0,360,13,5,10,0.5,0,0,0.0,10,0.769,2,0.154,1,0.077,1,0.077,0,0.0,PaintTouch
1642400,Tristan Enaruna,1610612739,CLE,9,8,1,85.0,10,1,3,0.333,1,2,0.5,4,0.4,5,0.5,1,0.1,1,0.1,1,0.1,Drives,9,8,1,85.0,5,0,7,8,10,0.8,Defense,9,8,1,85.0,3,10,0.3,9,3.0,10.0,0.3,0.45,CatchShoot,9,8,1,85.0,71,71,7,0,0,10,16,7,0.099,0.099,Passing,9,8,1,85.0,37,110,59,3.8,2.08,1.32,0.336,3,0,14,0.0,0.0,1.286,Possessions,9,8,1,85.0,0,1,0.0,0,0.0,0.0,,0.0,PullUpShot,9.0,8.0,1.0,85.0,7.0,3.0,4.0,0.429,12.0,0.583,1.0,0.636,11.4,7.0,0.0,7.0,0.0,10.0,0.7,1.0,0.778,7.1,14.0,3.0,11.0,0.214,21.0,0.667,2.0,0.737,9.3,Rebounding,9,8,1,85.0,36609,6.9,3.8,3.2,4.53,4.83,4.34,SpeedDistance,9,8,1,85.0,110,3,0,0,0.0,0,0,0.0,0,0.0,3,1.0,0,0.0,0,0.0,0,0.0,ElbowTouch,9,8,1,85.0,110,0,0,0,0.0,0,0,0.0,0,0.0,0,0.0,0,0.0,0,0.0,0,0.0,PostTouch,9,8,1,85.0,110,14,9,12,0.75,0,0,0.0,18,1.286,1,0.071,0,0.0,1,0.071,0,0.0,PaintTouch
1642402,Enrique Freeman,1610612750,MIN,4,3,1,37.0,0,0,0,0.0,0,0,0.0,0,0.0,0,0.0,0,0.0,0,0.0,0,0.0,Drives,4,3,1,37.0,2,3,8,5,8,0.625,Defense,4,3,1,37.0,3,5,0.6,8,2.0,4.0,0.5,0.8,CatchShoot,4,3,1,37.0,25,18,2,0,0,1,4,2,0.08,0.08,Passing,4,3,1,37.0,13,42,16,1.3,1.92,0.76,0.31,1,0,2,0.0,0.0,1.0,Possessions,4,3,1,37.0,0,1,0.0,0,0.0,1.0,0.0,0.0,PullUpShot,3.0,2.0,1.0,34.0,2.0,1.0,1.0,0.5,6.0,0.333,1.0,0.4,8.9,8.0,2.0,6.0,0.25,12.0,0.667,1.0,0.727,4.7,10.0,3.0,7.0,0.3,18.0,0.556,2.0,0.625,5.5,Rebounding,4,3,1,37.0,15892,3.0,1.5,1.5,4.39,4.36,4.44,SpeedDistance,4,3,1,37.0,42,1,0,1,0.0,0,0,0.0,0,0.0,0,0.0,0,0.0,0,0.0,0,0.0,ElbowTouch,4,3,1,37.0,42,0,0,0,0.0,0,0,0.0,0,0.0,0,0.0,0,0.0,0,0.0,0,0.0,PostTouch,4,3,1,37.0,42,2,0,1,0.0,2,2,1.0,2,1.0,0,0.0,0,0.0,0,0.0,1,0.5,PaintTouch
1642403,Isaac Jones,1610612765,DET,7,5,2,36.0,2,0,2,0.0,0,0,0.0,0,0.0,0,0.0,0,0.0,0,0.0,0,0.0,Drives,7,5,2,36.0,0,1,3,4,7,0.571,Defense,7,5,2,36.0,0,2,0.0,0,0.0,2.0,0.0,0.0,CatchShoot,7,5,2,36.0,17,15,1,0,2,0,2,3,0.059,0.176,Passing,7,5,2,36.0,9,27,16,0.7,1.62,0.7,0.333,1,0,4,2.0,0.0,1.5,Possessions,7,5,2,36.0,0,0,,0,0.0,0.0,,,PullUpShot,3.0,3.0,0.0,22.0,2.0,1.0,1.0,0.5,5.0,0.4,0.0,0.4,6.1,3.0,0.0,3.0,0.0,4.0,0.75,1.0,1.0,3.7,5.0,1.0,4.0,0.2,8.0,0.625,1.0,0.714,4.7,Rebounding,7,5,2,36.0,13702,2.6,1.3,1.3,4.16,4.02,4.32,SpeedDistance,7,5,2,36.0,27,1,0,0,0.0,2,2,1.0,2,2.0,0,0.0,0,0.0,0,0.0,1,1.0,ElbowTouch,7,5,2,36.0,27,0,0,0,0.0,0,0,0.0,0,0.0,0,0.0,0,0.0,0,0.0,0,0.0,PostTouch,7,5,2,36.0,27,4,2,2,1.0,2,2,1.0,6,1.5,1,0.25,1,0.25,0,0.0,1,0.25,PaintTouch
1642404,Chaz Lanier,1610612765,DET,34,28,6,262.0,14,3,9,0.333,0,0,0.0,6,0.429,5,0.357,2,0.143,0,0.0,0,0.0,Drives,34,28,6,262.0,7,0,15,13,17,0.765,Defense,34,28,6,262.0,21,65,0.323,61,19.0,62.0,0.306,0.469,CatchShoot,34,28,6,262.0,154,203,17,2,0,18,40,19,0.11,0.123,Passing,34,28,6,262.0,80,251,214,8.0,1.92,1.04,0.319,3,0,2,0.667,0.0,0.0,Possessions,34,28,6,262.0,6,20,0.3,12,0.0,5.0,0.0,0.3,PullUpShot,13.0,11.0,2.0,163.0,8.0,3.0,5.0,0.375,16.0,0.5,0.0,0.5,17.0,15.0,0.0,15.0,0.0,32.0,0.469,6.0,0.577,14.8,23.0,3.0,20.0,0.13,45.0,0.511,6.0,0.59,15.5,Rebounding,34,28,6,262.0,104384,19.8,10.7,9.1,4.41,4.54,4.28,SpeedDistance,34,28,6,262.0,251,3,1,1,1.0,0,0,0.0,2,0.667,2,0.667,0,0.0,0,0.0,0,0.0,ElbowTouch,34,28,6,262.0,251,0,0,0,0.0,0,0,0.0,0,0.0,0,0.0,0,0.0,0,0.0,0,0.0,PostTouch,34,28,6,262.0,251,2,0,0,0.0,0,0,0.0,0,0.0,2,1.0,0,0.0,0,0.0,0,0.0,PaintTouch
1642419,Jamison Battle,1610612761,TOR,61,35,26,517.0,28,10,15,0.667,0,0,0.0,21,0.75,13,0.464,3,0.107,0,0.0,0,0.0,Drives,61,35,26,517.0,7,3,69,29,53,0.547,Defense,61,35,26,517.0,33,75,0.44,97,31.0,73.0,0.425,0.647,CatchShoot,61,35,26,517.0,394,351,24,5,6,41,64,35,0.061,0.089,Passing,61,35,26,517.0,192,575,356,13.7,1.43,0.65,0.334,11,1,47,0.727,0.0,0.83,Possessions,61,35,26,517.0,7,20,0.35,18,4.0,11.0,0.364,0.45,PullUpShot,43.0,25.0,18.0,442.0,20.0,10.0,10.0,0.5,38.0,0.526,1.0,0.541,8.6,69.0,15.0,52.0,0.217,126.0,0.548,19.0,0.645,7.3,89.0,25.0,62.0,0.281,160.0,0.556,20.0,0.636,7.6,Rebounding,61,35,26,517.0,210531,39.9,20.8,19.1,4.38,4.7,4.08,SpeedDistance,61,35,26,517.0,575,11,4,6,0.667,0,0,0.0,8,0.727,5,0.455,1,0.2,0,0.0,0,0.0,ElbowTouch,61,35,26,517.0,575,1,0,0,0.0,0,0,0.0,0,0.0,0,0.0,0,0.0,1,1.0,0,0.0,PostTouch,61,35,26,517.0,575,47,18,28,0.643,2,4,0.5,39,0.83,13,0.277,3,0.064,4,0.085,2,0.043,PaintTouch
1642434,Riley Minix,1610612739,CLE,9,7,2,58.0,11,4,5,0.8,0,0,0.0,9,0.818,5,0.455,1,0.091,1,0.091,0,0.0,Drives,9,7,2,58.0,2,1,4,4,6,0.667,Defense,9,7,2,58.0,4,11,0.364,12,4.0,11.0,0.364,0.545,CatchShoot,9,7,2,58.0,60,49,5,1,0,12,13,6,0.083,0.1,Passing,9,7,2,58.0,35,88,45,3.9,2.69,1.31,0.398,1,0,8,0.0,0.0,1.25,Possessions,9,7,2,58.0,2,3,0.667,4,0.0,1.0,0.0,0.667,PullUpShot,4.0,3.0,1.0,38.0,2.0,1.0,1.0,0.5,4.0,0.5,0.0,0.5,2.4,4.0,0.0,4.0,0.0,9.0,0.444,0.0,0.444,5.6,6.0,1.0,5.0,0.167,13.0,0.462,0.0,0.462,4.5,Rebounding,9,7,2,58.0,25692,4.9,2.7,2.2,4.61,5.03,4.19,SpeedDistance,9,7,2,58.0,88,1,0,0,0.0,0,0,0.0,0,0.0,1,1.0,0,0.0,0,0.0,0,0.0,ElbowTouch,9,7,2,58.0,88,0,0,0,0.0,0,0,0.0,0,0.0,0,0.0,0,0.0,0,0.0,0,0.0,PostTouch,9,7,2,58.0,88,8,4,4,1.0,2,2,1.0,10,1.25,2,0.25,0,0.0,0,0.0,1,0.125,PaintTouch
1642443,Jahmir Young,1610612748,MIA,14,10,4,58.0,18,6,10,0.6,1,1,1.0,14,0.778,7,0.389,2,0.111,1,0.056,1,0.056,Drives,14,10,4,58.0,1,0,2,3,4,0.75,Defense,14,10,4,58.0,3,9,0.333,9,3.0,8.0,0.375,0.5,CatchShoot,14,10,4,58.0,100,119,9,1,4,20,24,14,0.09,0.14,Passing,14,10,4,58.0,25,132,62,6.5,2.97,2.88,0.189,2,0,3,0.0,0.0,0.0,Possessions,14,10,4,58.0,1,5,0.2,2,0.0,1.0,0.0,0.2,PullUpShot,4.0,3.0,1.0,33.0,2.0,1.0,1.0,0.5,3.0,0.667,0.0,0.667,21.8,2.0,0.0,2.0,0.0,3.0,0.667,0.0,0.667,6.6,4.0,1.0,3.0,0.25,6.0,0.667,0.0,0.667,14.2,Rebounding,14,10,4,58.0,24013,4.5,2.5,2.1,4.5,5.36,3.94,SpeedDistance,14,10,4,58.0,132,2,0,2,0.0,0,0,0.0,0,0.0,0,0.0,0,0.0,0,0.0,0,0.0,ElbowTouch,14,10,4,58.0,132,0,0,0,0.0,0,0,0.0,0,0.0,0,0.0,0,0.0,0,0.0,0,0.0,PostTouch,14,10,4,58.0,132,3,0,1,0.0,0,0,0.0,0,0.0,1,0.333,0,0.0,0,0.0,0,0.0,PaintTouch
1642449,Tolu Smith,1610612765,DET,15,11,4,137.0,11,1,5,0.2,2,2,1.0,4,0.364,2,0.182,1,0.091,3,0.273,1,0.091,Drives,15,11,4,137.0,2,6,27,13,26,0.5,Defense,15,11,4,137.0,0,0,,0,,,,,CatchShoot,15,11,4,137.0,147,121,13,0,1,20,34,14,0.088,0.095,Passing,15,11,4,137.0,56,207,142,6.1,1.76,0.82,0.271,24,4,52,0.333,0.0,0.712,Possessions,15,11,4,137.0,0,0,,0,,,,,PullUpShot,12.0,8.0,4.0,131.0,22.0,13.0,9.0,0.591,51.0,0.431,1.0,0.44,4.2,27.0,6.0,21.0,0.222,43.0,0.628,5.0,0.711,4.8,49.0,19.0,30.0,0.388,88.0,0.557,6.0,0.598,4.5,Rebounding,15,11,4,137.0,56978,10.8,5.9,4.9,4.39,4.54,4.23,SpeedDistance,15,11,4,137.0,207,24,3,6,0.5,2,6,0.333,8,0.333,14,0.583,1,0.071,1,0.042,3,0.125,ElbowTouch,15,11,4,137.0,207,4,0,2,0.0,0,0,0.0,0,0.0,0,0.0,0,0.0,0,0.0,0,0.0,PostTouch,15,11,4,137.0,207,52,15,26,0.577,6,11,0.545,37,0.712,14,0.269,2,0.038,4,0.077,6,0.115,PaintTouch
1642450,Daniss Jenkins,1610612765,DET,72,54,18,1455.0,539,84,218,0.385,42,49,0.857,220,0.408,251,0.466,66,0.122,30,0.056,27,0.05,Drives,72,54,18,1455.0,64,15,115,78,106,0.736,Defense,72,54,18,1455.0,56,120,0.467,164,52.0,114.0,0.456,0.683,CatchShoot,72,54,18,1455.0,2354,2681,278,36,31,512,726,345,0.118,0.147,Passing,72,54,18,1455.0,671,3228,1333,265.8,4.94,4.73,0.208,24,0,49,0.583,0.0,0.796,Possessions,72,54,18,1455.0,70,203,0.345,161,21.0,79.0,0.266,0.397,PullUpShot,59.0,46.0,13.0,1315.0,51.0,17.0,34.0,0.333,110.0,0.464,3.0,0.477,11.4,115.0,17.0,98.0,0.148,212.0,0.542,10.0,0.569,11.2,166.0,34.0,132.0,0.205,319.0,0.52,13.0,0.542,11.3,Rebounding,72,54,18,1455.0,604167,114.4,61.7,52.7,4.51,4.79,4.22,SpeedDistance,72,54,18,1455.0,3228,24,5,9,0.556,4,4,1.0,14,0.583,12,0.5,5,0.417,1,0.042,2,0.083,ElbowTouch,72,54,18,1455.0,3228,0,0,0,0.0,0,0,0.0,0,0.0,0,0.0,0,0.0,0,0.0,0,0.0,PostTouch,72,54,18,1455.0,3228,49,16,23,0.696,6,6,1.0,39,0.796,18,0.367,7,0.143,3,0.061,3,0.061,PaintTouch
1642461,Spencer Jones,1610612743,DEN,64,41,23,1417.0,12,6,7,0.857,0,0,0.0,12,1.0,5,0.417,2,0.167,0,0.0,0,0.0,Drives,64,41,23,1417.0,52,29,134,84,124,0.677,Defense,64,41,23,1417.0,58,146,0.397,171,55.0,139.0,0.396,0.586,CatchShoot,64,41,23,1417.0,753,578,51,4,8,97,139,63,0.068,0.084,Passing,64,41,23,1417.0,352,1087,620,24.8,1.37,0.52,0.324,39,0,144,0.436,0.0,0.785,Possessions,64,41,23,1417.0,3,8,0.375,8,2.0,5.0,0.4,0.5,PullUpShot,53.0,33.0,20.0,1334.0,75.0,38.0,37.0,0.507,171.0,0.439,10.0,0.466,8.2,134.0,33.0,101.0,0.246,246.0,0.545,26.0,0.609,7.7,209.0,71.0,138.0,0.34,406.0,0.515,36.0,0.565,7.9,Rebounding,64,41,23,1417.0,559052,105.9,53.9,51.9,4.31,4.35,4.26,SpeedDistance,64,41,23,1417.0,1087,39,8,17,0.471,1,2,0.5,17,0.436,19,0.487,4,0.211,1,0.026,1,0.026,ElbowTouch,64,41,23,1417.0,1087,0,0,0,0.0,0,0,0.0,0,0.0,0,0.0,0,0.0,0,0.0,0,0.0,PostTouch,64,41,23,1417.0,1087,144,48,69,0.696,16,30,0.533,113,0.785,52,0.361,9,0.063,4,0.028,15,0.104,PaintTouch
1642468,Darius Brown II,1610612739,CLE,1,1,0,3.0,1,0,0,0.0,0,0,0.0,0,0.0,1,1.0,0,0.0,0,0.0,0,0.0,Drives,1,1,0,3.0,0,0,1,0,0,0.0,Defense,1,1,0,3.0,0,0,,0,,,,,CatchShoot,1,1,0,3.0,4,4,0,1,0,2,2,1,0.0,0.25,Passing,1,1,0,3.0,0,5,2,0.6,7.06,7.8,0.0,0,0,0,0.0,0.0,0.0,Possessions,1,1,0,3.0,0,1,0.0,0,,,,0.0,PullUpShot,1.0,1.0,0.0,3.0,0.0,0.0,0.0,0.0,1.0,0.0,0.0,0.0,0.0,1.0,0.0,1.0,0.0,1.0,1.0,0.0,1.0,12.3,1.0,0.0,1.0,0.0,2.0,0.5,0.0,0.5,12.3,Rebounding,1,1,0,3.0,1177,0.2,0.1,0.1,4.23,3.95,4.56,SpeedDistance,1,1,0,3.0,5,0,0,0,0.0,0,0,0.0,0,0.0,0,0.0,0,0.0,0,0.0,0,0.0,ElbowTouch,1,1,0,3.0,5,0,0,0,0.0,0,0,0.0,0,0.0,0,0.0,0,0.0,0,0.0,0,0.0,PostTouch,1,1,0,3.0,5,0,0,0,0.0,0,0,0.0,0,0.0,0,0.0,0,0.0,0,0.0,0,0.0,PaintTouch
1642484,RayJ Dennis,1610612737,ATL,17,3,14,206.0,60,8,28,0.286,4,4,1.0,20,0.333,24,0.4,3,0.05,4,0.067,2,0.033,Drives,17,3,14,206.0,4,4,18,10,13,0.769,Defense,17,3,14,206.0,9,35,0.257,27,9.0,34.0,0.265,0.386,CatchShoot,17,3,14,206.0,418,462,33,5,9,75,87,47,0.079,0.112,Passing,17,3,14,206.0,74,541,231,34.9,3.87,3.26,0.137,4,0,9,0.5,0.0,0.222,Possessions,17,3,14,206.0,6,25,0.24,17,5.0,11.0,0.455,0.34,PullUpShot,11.0,1.0,10.0,170.0,8.0,2.0,6.0,0.25,17.0,0.471,1.0,0.5,12.1,18.0,2.0,16.0,0.111,34.0,0.529,6.0,0.643,8.6,26.0,4.0,22.0,0.154,51.0,0.51,7.0,0.591,9.7,Rebounding,17,3,14,206.0,88717,16.8,9.0,7.8,4.99,5.35,4.62,SpeedDistance,17,3,14,206.0,541,4,1,2,0.5,0,0,0.0,2,0.5,2,0.5,0,0.0,0,0.0,0,0.0,ElbowTouch,17,3,14,206.0,541,0,0,0,0.0,0,0,0.0,0,0.0,0,0.0,0,0.0,0,0.0,0,0.0,PostTouch,17,3,14,206.0,541,9,1,3,0.333,0,0,0.0,2,0.222,6,0.667,1,0.111,0,0.0,0,0.0,PaintTouch
1642490,Josh Oduro,1610612740,NOP,3,1,2,82.0,3,1,1,1.0,0,0,0.0,2,0.667,2,0.667,1,0.333,0,0.0,0,0.0,Drives,3,1,2,82.0,0,0,12,9,12,0.75,Defense,3,1,2,82.0,1,3,0.333,2,0.0,2.0,0.0,0.333,CatchShoot,3,1,2,82.0,63,35,4,0,2,6,9,6,0.063,0.095,Passing,3,1,2,82.0,25,81,43,1.9,1.43,0.41,0.309,3,2,19,0.0,0.0,1.0,Possessions,3,1,2,82.0,0,1,0.0,0,0.0,0.0,,0.0,PullUpShot,3.0,1.0,2.0,82.0,11.0,7.0,4.0,0.636,21.0,0.524,1.0,0.55,5.4,12.0,3.0,9.0,0.25,17.0,0.706,2.0,0.8,9.8,23.0,10.0,13.0,0.435,36.0,0.639,3.0,0.697,7.7,Rebounding,3,1,2,82.0,34821,6.6,3.4,3.2,4.48,4.74,4.24,SpeedDistance,3,1,2,82.0,81,3,0,2,0.0,0,0,0.0,0,0.0,1,0.333,0,0.0,0,0.0,0,0.0,ElbowTouch,3,1,2,82.0,81,2,0,0,0.0,0,0,0.0,0,0.0,2,1.0,0,0.0,0,0.0,0,0.0,PostTouch,3,1,2,82.0,81,19,9,11,0.818,0,1,0.0,19,1.0,8,0.421,1,0.053,0,0.0,1,0.053,PaintTouch
1642502,Malevy Leons,1610612744,GSW,25,7,18,276.0,37,8,20,0.4,2,2,1.0,18,0.486,12,0.324,2,0.054,4,0.108,1,0.027,Drives,25,7,18,276.0,14,9,23,21,32,0.656,Defense,25,7,18,276.0,4,14,0.286,12,4.0,14.0,0.286,0.429,CatchShoot,25,7,18,276.0,294,238,23,0,4,39,56,27,0.078,0.092,Passing,25,7,18,276.0,83,392,240,12.2,1.86,0.96,0.212,6,4,53,0.333,0.0,0.642,Possessions,25,7,18,276.0,0,6,0.0,0,0.0,2.0,0.0,0.0,PullUpShot,21.0,4.0,17.0,254.0,29.0,15.0,14.0,0.517,53.0,0.547,0.0,0.547,5.7,23.0,9.0,14.0,0.391,61.0,0.377,8.0,0.434,7.1,52.0,24.0,28.0,0.462,114.0,0.456,8.0,0.491,6.3,Rebounding,25,7,18,276.0,120450,22.8,12.5,10.4,4.53,4.89,4.19,SpeedDistance,25,7,18,276.0,392,6,0,1,0.0,2,2,1.0,2,0.333,4,0.667,0,0.0,0,0.0,1,0.167,ElbowTouch,25,7,18,276.0,392,4,0,0,0.0,0,0,0.0,0,0.0,3,0.75,0,0.0,1,0.25,0,0.0,PostTouch,25,7,18,276.0,392,53,15,26,0.577,4,4,1.0,34,0.642,20,0.377,7,0.132,2,0.038,1,0.019,PaintTouch
1642504,Cormac Ryan,1610612749,MIL,11,2,9,271.0,51,14,21,0.667,5,6,0.833,36,0.706,18,0.353,5,0.098,6,0.118,4,0.078,Drives,11,2,9,271.0,11,3,20,11,13,0.846,Defense,11,2,9,271.0,23,50,0.46,69,23.0,49.0,0.469,0.69,CatchShoot,11,2,9,271.0,251,314,19,2,5,44,50,26,0.076,0.104,Passing,11,2,9,271.0,157,394,231,19.6,2.98,2.64,0.398,4,0,14,1.0,0.0,1.357,Possessions,11,2,9,271.0,6,17,0.353,16,4.0,10.0,0.4,0.471,PullUpShot,7.0,2.0,5.0,214.0,8.0,1.0,7.0,0.125,16.0,0.5,0.0,0.5,9.3,20.0,2.0,18.0,0.1,37.0,0.541,4.0,0.606,6.1,28.0,3.0,25.0,0.107,51.0,0.549,4.0,0.596,7.0,Rebounding,11,2,9,271.0,106944,20.3,10.9,9.3,4.18,4.6,3.74,SpeedDistance,11,2,9,271.0,394,4,1,3,0.333,2,2,1.0,4,1.0,0,0.0,0,0.0,0,0.0,1,0.25,ElbowTouch,11,2,9,271.0,394,0,0,0,0.0,0,0,0.0,0,0.0,0,0.0,0,0.0,0,0.0,0,0.0,PostTouch,11,2,9,271.0,394,14,7,11,0.636,4,4,1.0,19,1.357,1,0.071,1,0.071,0,0.0,1,0.071,PaintTouch
1642530,Yuki Kawamura,1610612741,CHI,18,6,12,209.0,65,3,10,0.3,6,6,1.0,12,0.185,47,0.723,13,0.2,5,0.077,3,0.046,Drives,18,6,12,209.0,9,0,26,10,16,0.625,Defense,18,6,12,209.0,7,21,0.333,21,7.0,21.0,0.333,0.5,CatchShoot,18,6,12,209.0,358,349,47,3,5,78,115,55,0.131,0.154,Passing,18,6,12,209.0,62,443,214,22.3,3.02,2.91,0.14,2,0,3,0.0,0.0,0.0,Possessions,18,6,12,209.0,7,23,0.304,18,4.0,15.0,0.267,0.391,PullUpShot,12.0,4.0,8.0,180.0,6.0,0.0,6.0,0.0,15.0,0.4,0.0,0.4,18.4,25.0,1.0,24.0,0.04,46.0,0.543,6.0,0.625,9.0,31.0,1.0,30.0,0.032,59.0,0.525,6.0,0.585,10.8,Rebounding,18,6,12,209.0,91197,17.3,8.9,8.3,4.61,4.95,4.24,SpeedDistance,18,6,12,209.0,443,2,0,0,0.0,0,0,0.0,0,0.0,2,1.0,1,0.5,0,0.0,0,0.0,ElbowTouch,18,6,12,209.0,443,0,0,0,0.0,0,0,0.0,0,0.0,0,0.0,0,0.0,0,0.0,0,0.0,PostTouch,18,6,12,209.0,443,3,0,0,0.0,0,0,0.0,0,0.0,3,1.0,1,0.333,0,0.0,0,0.0,PaintTouch
1642843,Cooper Flagg,1610612742,DAL,70,22,48,2344.0,894,254,516,0.492,114,134,0.851,635,0.71,240,0.268,66,0.074,48,0.054,68,0.076,Drives,70,22,48,2344.0,84,64,380,202,318,0.635,Defense,70,22,48,2344.0,35,114,0.307,99,29.0,103.0,0.282,0.434,CatchShoot,70,22,48,2344.0,3070,3199,316,13,42,561,782,365,0.103,0.119,Passing,70,22,48,2344.0,1473,4788,2117,301.8,3.78,3.06,0.308,75,35,141,0.96,0.543,0.993,Possessions,70,22,48,2344.0,167,463,0.361,377,43.0,140.0,0.307,0.407,PullUpShot,70.0,22.0,48.0,2344.0,86.0,42.0,42.0,0.488,238.0,0.361,7.0,0.372,8.1,380.0,89.0,291.0,0.234,645.0,0.589,70.0,0.661,5.4,466.0,131.0,333.0,0.281,834.0,0.559,77.0,0.616,5.9,Rebounding,70,22,48,2344.0,915010,173.3,96.5,76.8,4.33,4.77,3.87,SpeedDistance,70,22,48,2344.0,4788,75,28,39,0.718,14,14,1.0,72,0.96,25,0.333,3,0.12,3,0.04,7,0.093,ElbowTouch,70,22,48,2344.0,4788,35,9,17,0.529,0,0,0.0,19,0.543,12,0.343,5,0.143,4,0.114,0,0.0,PostTouch,70,22,48,2344.0,4788,141,63,90,0.7,8,12,0.667,140,0.993,33,0.234,6,0.043,6,0.043,6,0.043,PaintTouch
1642844,Dylan Harper,1610612759,SAS,69,53,16,1558.0,598,153,276,0.554,32,40,0.8,346,0.579,257,0.43,64,0.107,34,0.057,20,0.033,Drives,69,53,16,1558.0,54,24,180,72,108,0.667,Defense,69,53,16,1558.0,56,140,0.4,165,53.0,134.0,0.396,0.589,CatchShoot,69,53,16,1558.0,2378,2571,266,23,60,499,707,349,0.112,0.147,Passing,69,53,16,1558.0,813,3274,1381,238.4,4.37,3.93,0.248,43,1,75,0.558,3.0,0.747,Possessions,69,53,16,1558.0,51,131,0.389,109,7.0,41.0,0.171,0.416,PullUpShot,66.0,51.0,15.0,1503.0,53.0,31.0,22.0,0.585,123.0,0.431,7.0,0.457,7.6,179.0,41.0,138.0,0.229,291.0,0.615,15.0,0.649,8.6,232.0,72.0,160.0,0.31,404.0,0.574,22.0,0.607,8.3,Rebounding,69,53,16,1558.0,621041,117.6,61.3,56.3,4.38,4.64,4.13,SpeedDistance,69,53,16,1558.0,3274,43,10,19,0.526,3,4,0.75,24,0.558,20,0.465,2,0.1,1,0.023,2,0.047,ElbowTouch,69,53,16,1558.0,3274,1,1,1,1.0,0,0,0.0,3,3.0,0,0.0,0,0.0,0,0.0,0,0.0,PostTouch,69,53,16,1558.0,3274,75,26,42,0.619,3,4,0.75,56,0.747,25,0.333,6,0.08,4,0.053,2,0.027,PaintTouch
1642845,VJ Edgecombe,1610612755,PHI,75,43,32,2623.0,534,124,304,0.408,42,54,0.778,297,0.556,161,0.301,42,0.079,29,0.054,27,0.051,Drives,75,43,32,2623.0,107,39,301,165,243,0.679,Defense,75,43,32,2623.0,102,262,0.389,303,99.0,256.0,0.387,0.578,CatchShoot,75,43,32,2623.0,3911,3939,315,31,41,518,823,387,0.081,0.099,Passing,75,43,32,2623.0,1199,5286,2473,302.5,3.43,2.81,0.227,50,10,142,0.72,0.8,0.718,Possessions,75,43,32,2623.0,141,374,0.377,332,50.0,161.0,0.311,0.444,PullUpShot,75.0,43.0,32.0,2623.0,122.0,69.0,53.0,0.566,246.0,0.496,6.0,0.508,8.5,301.0,68.0,233.0,0.226,523.0,0.576,39.0,0.622,7.7,423.0,137.0,286.0,0.324,758.0,0.558,45.0,0.593,7.9,Rebounding,75,43,32,2623.0,1018324,192.9,104.8,88.0,4.25,4.57,3.93,SpeedDistance,75,43,32,2623.0,5286,50,14,23,0.609,8,8,1.0,36,0.72,20,0.4,5,0.25,3,0.06,3,0.06,ElbowTouch,75,43,32,2623.0,5286,10,3,6,0.5,2,2,1.0,8,0.8,1,0.1,1,0.1,2,0.2,1,0.1,PostTouch,75,43,32,2623.0,5286,142,44,73,0.603,14,16,0.875,102,0.718,54,0.38,18,0.127,3,0.021,7,0.049,PaintTouch
1642846,Ace Bailey,1610612762,UTA,72,19,53,1988.0,327,82,154,0.532,28,34,0.824,193,0.59,120,0.367,27,0.083,20,0.061,17,0.052,Drives,72,19,53,1988.0,60,49,198,152,217,0.7,Defense,72,19,53,1988.0,100,316,0.316,292,92.0,287.0,0.321,0.462,CatchShoot,72,19,53,1988.0,1323,1728,131,14,21,242,350,165,0.099,0.125,Passing,72,19,53,1988.0,993,2410,1735,86.4,2.15,1.43,0.412,57,13,144,0.702,0.462,0.986,Possessions,72,19,53,1988.0,129,310,0.416,301,43.0,104.0,0.413,0.485,PullUpShot,71.0,19.0,52.0,1969.0,104.0,53.0,51.0,0.51,194.0,0.536,3.0,0.545,9.2,198.0,64.0,133.0,0.323,318.0,0.623,35.0,0.7,7.1,302.0,117.0,184.0,0.387,494.0,0.611,38.0,0.662,7.8,Rebounding,72,19,53,1988.0,760850,144.1,74.7,69.4,4.2,4.32,4.07,SpeedDistance,72,19,53,1988.0,2410,57,18,27,0.667,4,6,0.667,40,0.702,25,0.439,4,0.16,2,0.035,3,0.053,ElbowTouch,72,19,53,1988.0,2410,13,3,8,0.375,0,0,0.0,6,0.462,4,0.308,0,0.0,0,0.0,0,0.0,PostTouch,72,19,53,1988.0,2410,144,62,92,0.674,16,22,0.727,142,0.986,29,0.201,4,0.028,7,0.049,11,0.076,PaintTouch
1642847,Jeremiah Fears,1610612740,NOP,82,26,56,2112.0,819,169,370,0.457,77,94,0.819,430,0.525,324,0.396,59,0.072,51,0.062,48,0.059,Drives,82,26,56,2112.0,97,30,240,149,207,0.72,Defense,82,26,56,2112.0,62,190,0.326,186,62.0,186.0,0.333,0.489,CatchShoot,82,26,56,2112.0,3181,3591,279,26,37,452,709,343,0.088,0.108,Passing,82,26,56,2112.0,1169,4615,1496,360.0,4.68,4.77,0.253,32,4,80,0.844,0.0,0.713,Possessions,82,26,56,2112.0,105,294,0.357,249,39.0,118.0,0.331,0.423,PullUpShot,77.0,25.0,52.0,2014.0,60.0,25.0,35.0,0.417,195.0,0.308,9.0,0.323,9.8,240.0,38.0,202.0,0.158,417.0,0.576,46.0,0.647,7.0,300.0,63.0,237.0,0.21,604.0,0.497,55.0,0.546,7.6,Rebounding,82,26,56,2112.0,857802,162.5,86.7,75.8,4.48,4.82,4.14,SpeedDistance,82,26,56,2112.0,4615,32,13,19,0.684,0,2,0.0,27,0.844,10,0.313,1,0.1,2,0.063,1,0.031,ElbowTouch,82,26,56,2112.0,4615,4,0,2,0.0,0,0,0.0,0,0.0,2,0.5,0,0.0,0,0.0,0,0.0,PostTouch,82,26,56,2112.0,4615,80,24,42,0.571,8,10,0.8,57,0.713,25,0.313,8,0.1,5,0.063,5,0.063,PaintTouch
1642848,Tre Johnson,1610612764,WAS,60,12,48,1443.0,368,86,194,0.443,37,42,0.881,210,0.571,110,0.299,31,0.084,30,0.082,21,0.057,Drives,60,12,48,1443.0,33,18,141,98,134,0.731,Defense,60,12,48,1443.0,77,214,0.36,223,69.0,202.0,0.342,0.521,CatchShoot,60,12,48,1443.0,1169,1473,122,10,13,223,309,143,0.104,0.122,Passing,60,12,48,1443.0,733,1996,1208,93.6,2.81,2.46,0.367,16,4,22,0.625,0.0,0.545,Possessions,60,12,48,1443.0,131,294,0.446,306,44.0,114.0,0.386,0.52,PullUpShot,55.0,10.0,45.0,1328.0,29.0,5.0,24.0,0.172,65.0,0.446,3.0,0.468,15.5,141.0,18.0,120.0,0.128,217.0,0.65,19.0,0.712,8.3,170.0,23.0,144.0,0.135,275.0,0.618,22.0,0.672,9.5,Rebounding,60,12,48,1443.0,570670,108.1,58.4,49.7,4.4,4.81,3.99,SpeedDistance,60,12,48,1443.0,1996,16,4,8,0.5,2,2,1.0,10,0.625,7,0.438,0,0.0,0,0.0,1,0.063,ElbowTouch,60,12,48,1443.0,1996,4,0,1,0.0,0,0,0.0,0,0.0,1,0.25,0,0.0,1,0.25,0,0.0,PostTouch,60,12,48,1443.0,1996,22,5,9,0.556,0,0,0.0,12,0.545,9,0.409,1,0.045,2,0.091,0,0.0,PaintTouch
1642849,Nolan Traore,1610612751,BKN,56,14,42,1243.0,548,94,227,0.414,29,42,0.69,223,0.407,250,0.456,76,0.139,32,0.058,21,0.038,Drives,56,14,42,1243.0,45,23,85,73,109,0.67,Defense,56,14,42,1243.0,48,150,0.32,144,48.0,150.0,0.32,0.48,CatchShoot,56,14,42,1243.0,2284,2493,213,14,31,428,566,258,0.093,0.113,Passing,56,14,42,1243.0,499,3034,1205,238.1,4.71,4.04,0.164,9,0,20,0.778,0.0,0.6,Possessions,56,14,42,1243.0,29,99,0.293,71,13.0,43.0,0.302,0.359,PullUpShot,50.0,14.0,36.0,1169.0,14.0,5.0,9.0,0.357,55.0,0.255,3.0,0.269,7.8,85.0,22.0,63.0,0.259,175.0,0.486,15.0,0.531,10.5,99.0,27.0,72.0,0.273,224.0,0.442,18.0,0.481,10.1,Rebounding,56,14,42,1243.0,543182,102.9,56.4,46.4,4.65,5.09,4.19,SpeedDistance,56,14,42,1243.0,3034,9,2,5,0.4,2,2,1.0,7,0.778,2,0.222,1,0.5,1,0.111,1,0.111,ElbowTouch,56,14,42,1243.0,3034,0,0,0,0.0,0,0,0.0,0,0.0,0,0.0,0,0.0,0,0.0,0,0.0,PostTouch,56,14,42,1243.0,3034,20,5,10,0.5,2,2,1.0,12,0.6,7,0.35,1,0.05,2,0.1,1,0.05,PaintTouch
1642851,Kon Knueppel,1610612766,CHA,81,44,37,2551.0,681,141,259,0.544,65,76,0.855,354,0.52,313,0.46,67,0.098,50,0.073,38,0.056,Drives,81,44,37,2551.0,57,19,335,162,226,0.717,Defense,81,44,37,2551.0,222,515,0.431,653,209.0,493.0,0.424,0.634,CatchShoot,81,44,37,2551.0,2678,2908,274,27,52,514,729,353,0.102,0.132,Passing,81,44,37,2551.0,1498,4146,2498,171.9,2.49,1.78,0.361,62,6,120,0.645,1.0,0.6,Possessions,81,44,37,2551.0,119,267,0.446,302,64.0,149.0,0.43,0.566,PullUpShot,80.0,43.0,37.0,2533.0,97.0,41.0,56.0,0.423,258.0,0.376,11.0,0.393,10.9,335.0,63.0,271.0,0.188,609.0,0.55,63.0,0.614,6.7,432.0,104.0,327.0,0.241,850.0,0.508,74.0,0.557,7.6,Rebounding,81,44,37,2551.0,1071784,203.0,114.5,88.4,4.63,5.04,4.19,SpeedDistance,81,44,37,2551.0,4146,62,18,31,0.581,2,2,1.0,40,0.645,24,0.387,5,0.208,4,0.065,1,0.016,ElbowTouch,81,44,37,2551.0,4146,6,2,2,1.0,2,2,1.0,6,1.0,2,0.333,1,0.167,0,0.0,2,0.333,PostTouch,81,44,37,2551.0,4146,120,30,46,0.652,10,10,1.0,72,0.6,59,0.492,9,0.075,7,0.058,5,0.042,PaintTouch
1642852,Derik Queen,1610612740,NOP,81,26,55,2023.0,470,132,284,0.465,84,104,0.808,355,0.755,89,0.189,22,0.047,34,0.072,52,0.111,Drives,81,26,55,2023.0,84,74,436,268,433,0.619,Defense,81,26,55,2023.0,29,102,0.284,77,19.0,76.0,0.25,0.377,CatchShoot,81,26,55,2023.0,2883,2317,298,36,22,458,767,356,0.103,0.123,Passing,81,26,55,2023.0,948,4036,2066,193.5,2.88,1.8,0.235,112,99,227,0.679,0.444,1.013,Possessions,81,26,55,2023.0,44,131,0.336,91,3.0,11.0,0.273,0.347,PullUpShot,81.0,26.0,55.0,2023.0,136.0,101.0,35.0,0.743,318.0,0.428,13.0,0.446,5.5,436.0,148.0,288.0,0.339,750.0,0.581,80.0,0.651,4.6,572.0,249.0,323.0,0.435,1035.0,0.553,93.0,0.607,4.8,Rebounding,81,26,55,2023.0,726712,137.6,72.6,65.1,3.94,4.22,3.67,SpeedDistance,81,26,55,2023.0,4036,112,30,50,0.6,13,16,0.813,76,0.679,43,0.384,7,0.163,8,0.071,8,0.071,ElbowTouch,81,26,55,2023.0,4036,99,16,41,0.39,11,14,0.786,44,0.444,38,0.384,11,0.111,8,0.081,8,0.081,PostTouch,81,26,55,2023.0,4036,227,99,153,0.647,26,30,0.867,230,1.013,36,0.159,10,0.044,15,0.066,15,0.066,PaintTouch
1642853,Rasheer Fleming,1610612756,PHX,55,29,26,673.0,51,7,18,0.389,1,4,0.25,15,0.294,22,0.431,3,0.059,8,0.157,2,0.039,Drives,55,29,26,673.0,22,21,67,35,60,0.583,Defense,55,29,26,673.0,44,126,0.349,132,44.0,126.0,0.349,0.524,CatchShoot,55,29,26,673.0,326,385,16,2,5,35,39,23,0.049,0.071,Passing,55,29,26,673.0,238,595,431,15.0,1.52,0.9,0.4,17,2,68,0.941,0.0,0.515,Possessions,55,29,26,673.0,2,12,0.167,4,0.0,3.0,0.0,0.167,PullUpShot,39.0,22.0,17.0,574.0,54.0,34.0,20.0,0.63,105.0,0.514,4.0,0.535,6.5,64.0,18.0,46.0,0.281,115.0,0.557,9.0,0.604,8.2,118.0,52.0,66.0,0.441,213.0,0.554,13.0,0.59,7.4,Rebounding,55,29,26,673.0,280623,53.1,27.7,25.5,4.46,4.59,4.34,SpeedDistance,55,29,26,673.0,595,17,7,9,0.778,2,4,0.5,16,0.941,5,0.294,1,0.2,0,0.0,2,0.118,ElbowTouch,55,29,26,673.0,595,2,0,0,0.0,0,0,0.0,0,0.0,1,0.5,1,0.5,1,0.5,0,0.0,PostTouch,55,29,26,673.0,595,68,13,34,0.382,9,12,0.75,35,0.515,23,0.338,1,0.015,3,0.044,6,0.088,PaintTouch
1642854,Asa Newell,1610612737,ATL,44,23,21,500.0,51,9,18,0.5,1,2,0.5,20,0.392,25,0.49,6,0.118,5,0.098,1,0.02,Drives,44,23,21,500.0,16,15,52,51,80,0.638,Defense,44,23,21,500.0,29,74,0.392,87,29.0,74.0,0.392,0.588,CatchShoot,44,23,21,500.0,451,387,26,4,4,51,72,35,0.058,0.078,Passing,44,23,21,500.0,227,658,404,17.3,1.57,0.7,0.345,30,7,72,0.867,0.0,0.986,Possessions,44,23,21,500.0,1,4,0.25,2,0.0,1.0,0.0,0.25,PullUpShot,32.0,15.0,17.0,417.0,44.0,29.0,15.0,0.659,94.0,0.468,3.0,0.484,6.8,52.0,18.0,34.0,0.346,88.0,0.591,9.0,0.658,6.1,96.0,47.0,49.0,0.49,178.0,0.539,12.0,0.578,6.4,Rebounding,44,23,21,500.0,216983,41.1,22.0,19.0,4.77,5.12,4.39,SpeedDistance,44,23,21,500.0,658,30,13,15,0.867,0,0,0.0,26,0.867,11,0.367,2,0.182,2,0.067,0,0.0,ElbowTouch,44,23,21,500.0,658,7,0,1,0.0,0,0,0.0,0,0.0,4,0.571,1,0.143,0,0.0,0,0.0,PostTouch,44,23,21,500.0,658,72,32,44,0.727,5,10,0.5,71,0.986,18,0.25,4,0.056,2,0.028,5,0.069,PaintTouch
1642855,Noa Essengue,1610612741,CHI,2,1,1,6.0,0,0,0,0.0,0,0,0.0,0,0.0,0,0.0,0,0.0,0,0.0,0,0.0,Drives,2,1,1,6.0,1,0,0,0,0,0.0,Defense,2,1,1,6.0,0,2,0.0,0,0.0,2.0,0.0,0.0,CatchShoot,2,1,1,6.0,5,8,0,0,0,0,0,0,0.0,0.0,Passing,2,1,1,6.0,0,9,7,0.1,0.68,0.11,0.0,0,0,1,0.0,0.0,0.0,Possessions,2,1,1,6.0,0,0,,0,0.0,0.0,,,PullUpShot,,,,,,,,,,,,,,,,,,,,,,,,,,,,,,,,,2,1,1,6.0,2419,0.5,0.3,0.2,5.32,5.26,5.43,SpeedDistance,2,1,1,6.0,9,0,0,0,0.0,0,0,0.0,0,0.0,0,0.0,0,0.0,0,0.0,0,0.0,ElbowTouch,2,1,1,6.0,9,0,0,0,0.0,0,0,0.0,0,0.0,0,0.0,0,0.0,0,0.0,0,0.0,PostTouch,2,1,1,6.0,9,1,0,1,0.0,0,0,0.0,0,0.0,0,0.0,0,0.0,0,0.0,0,0.0,PaintTouch
1642856,Egor Dëmin,1610612751,BKN,52,14,38,1308.0,162,25,64,0.391,8,8,1.0,60,0.37,77,0.475,18,0.111,10,0.062,5,0.031,Drives,52,14,38,1308.0,42,17,144,113,157,0.72,Defense,52,14,38,1308.0,85,207,0.411,253,83.0,204.0,0.407,0.611,CatchShoot,52,14,38,1308.0,2172,2025,173,20,25,359,491,218,0.08,0.1,Passing,52,14,38,1308.0,536,2810,1114,160.5,3.43,2.98,0.191,20,1,23,0.65,2.0,0.739,Possessions,52,14,38,1308.0,50,152,0.329,141,41.0,117.0,0.35,0.464,PullUpShot,46.0,12.0,34.0,1184.0,21.0,4.0,17.0,0.19,53.0,0.396,2.0,0.412,16.6,144.0,31.0,113.0,0.215,230.0,0.626,18.0,0.679,7.6,165.0,35.0,130.0,0.212,274.0,0.602,20.0,0.65,8.7,Rebounding,52,14,38,1308.0,543770,103.0,58.1,44.9,4.63,5.18,4.07,SpeedDistance,52,14,38,1308.0,2810,20,6,8,0.75,0,0,0.0,13,0.65,11,0.55,2,0.182,0,0.0,0,0.0,ElbowTouch,52,14,38,1308.0,2810,1,1,1,1.0,0,0,0.0,2,2.0,0,0.0,0,0.0,0,0.0,0,0.0,PostTouch,52,14,38,1308.0,2810,23,7,12,0.583,3,4,0.75,17,0.739,8,0.348,2,0.087,1,0.043,2,0.087,PaintTouch
1642857,Kasparas Jakučionis,1610612748,MIA,53,28,25,945.0,160,13,41,0.317,24,26,0.923,52,0.325,88,0.55,20,0.125,14,0.088,13,0.081,Drives,53,28,25,945.0,33,7,95,71,99,0.717,Defense,53,28,25,945.0,63,131,0.481,189,63.0,131.0,0.481,0.721,CatchShoot,53,28,25,945.0,1384,1252,137,8,14,230,345,156,0.099,0.113,Passing,53,28,25,945.0,328,1736,802,74.8,2.59,2.22,0.189,10,0,42,0.0,0.0,0.571,Possessions,53,28,25,945.0,3,32,0.094,9,3.0,24.0,0.125,0.141,PullUpShot,45.0,25.0,20.0,879.0,43.0,13.0,30.0,0.302,109.0,0.394,5.0,0.413,9.0,95.0,20.0,74.0,0.211,169.0,0.562,18.0,0.629,9.2,138.0,33.0,104.0,0.239,278.0,0.496,23.0,0.541,9.2,Rebounding,53,28,25,945.0,420727,79.7,42.5,37.2,4.75,5.36,4.21,SpeedDistance,53,28,25,945.0,1736,10,0,3,0.0,0,0,0.0,0,0.0,6,0.6,3,0.5,0,0.0,1,0.1,ElbowTouch,53,28,25,945.0,1736,0,0,0,0.0,0,0,0.0,0,0.0,0,0.0,0,0.0,0,0.0,0,0.0,PostTouch,53,28,25,945.0,1736,42,11,20,0.55,2,2,1.0,24,0.571,17,0.405,3,0.071,4,0.095,1,0.024,PaintTouch
1642859,Jase Richardson,1610612753,ORL,54,26,28,587.0,134,31,66,0.47,10,18,0.556,75,0.56,52,0.388,10,0.075,6,0.045,9,0.067,Drives,54,26,28,587.0,19,2,42,23,26,0.885,Defense,54,26,28,587.0,23,55,0.418,68,22.0,54.0,0.407,0.618,CatchShoot,54,26,28,587.0,668,691,58,8,6,98,150,72,0.087,0.108,Passing,54,26,28,587.0,239,919,471,54.7,3.57,3.26,0.26,8,0,22,0.75,0.0,1.0,Possessions,54,26,28,587.0,18,48,0.375,42,6.0,25.0,0.24,0.438,PullUpShot,30.0,11.0,19.0,456.0,21.0,8.0,12.0,0.381,42.0,0.5,2.0,0.525,11.0,42.0,8.0,34.0,0.19,64.0,0.656,3.0,0.689,9.5,63.0,16.0,46.0,0.254,104.0,0.606,5.0,0.636,10.0,Rebounding,54,26,28,587.0,255173,48.3,25.1,23.2,4.66,4.85,4.48,SpeedDistance,54,26,28,587.0,919,8,3,4,0.75,0,0,0.0,6,0.75,3,0.375,0,0.0,1,0.125,0,0.0,ElbowTouch,54,26,28,587.0,919,0,0,0,0.0,0,0,0.0,0,0.0,0,0.0,0,0.0,0,0.0,0,0.0,PostTouch,54,26,28,587.0,919,22,11,12,0.917,0,0,0.0,22,1.0,6,0.273,1,0.045,2,0.091,0,0.0,PaintTouch
1642860,Will Riley,1610612764,WAS,74,16,58,1632.0,426,91,200,0.455,56,70,0.8,243,0.57,149,0.35,36,0.085,31,0.073,35,0.082,Drives,74,16,58,1632.0,54,9,156,113,160,0.706,Defense,74,16,58,1632.0,57,175,0.326,168,54.0,169.0,0.32,0.48,CatchShoot,74,16,58,1632.0,1729,1784,146,9,23,281,375,179,0.084,0.104,Passing,74,16,58,1632.0,764,2599,1415,132.5,3.06,2.23,0.294,40,1,88,1.15,0.0,1.125,Possessions,74,16,58,1632.0,59,177,0.333,142,24.0,76.0,0.316,0.401,PullUpShot,68.0,14.0,54.0,1593.0,56.0,22.0,34.0,0.393,132.0,0.424,3.0,0.434,9.7,156.0,35.0,120.0,0.224,260.0,0.6,17.0,0.642,8.3,212.0,57.0,154.0,0.269,386.0,0.549,20.0,0.579,8.7,Rebounding,74,16,58,1632.0,680986,129.0,69.9,59.1,4.51,4.86,4.16,SpeedDistance,74,16,58,1632.0,2599,40,19,27,0.704,7,10,0.7,46,1.15,5,0.125,1,0.2,1,0.025,5,0.125,ElbowTouch,74,16,58,1632.0,2599,1,0,0,0.0,0,0,0.0,0,0.0,1,1.0,1,1.0,0,0.0,0,0.0,PostTouch,74,16,58,1632.0,2599,88,40,54,0.741,17,20,0.85,99,1.125,17,0.193,3,0.034,1,0.011,9,0.102,PaintTouch
1642862,Liam McNeeley,1610612766,CHA,31,12,19,368.0,57,11,26,0.423,13,16,0.813,35,0.614,17,0.298,7,0.123,5,0.088,8,0.14,Drives,31,12,19,368.0,5,3,60,19,29,0.655,Defense,31,12,19,368.0,22,57,0.386,66,22.0,57.0,0.386,0.579,CatchShoot,31,12,19,368.0,335,262,24,1,5,30,64,30,0.072,0.09,Passing,31,12,19,368.0,132,474,247,16.1,2.04,1.25,0.278,6,0,11,0.333,0.0,0.364,Possessions,31,12,19,368.0,3,6,0.5,8,2.0,3.0,0.667,0.667,PullUpShot,28.0,9.0,19.0,360.0,13.0,7.0,6.0,0.538,38.0,0.342,3.0,0.371,12.7,60.0,11.0,49.0,0.183,103.0,0.583,13.0,0.667,5.8,73.0,18.0,55.0,0.247,135.0,0.541,16.0,0.613,7.0,Rebounding,31,12,19,368.0,143529,27.2,14.6,12.6,4.44,4.63,4.24,SpeedDistance,31,12,19,368.0,474,6,1,2,0.5,0,0,0.0,2,0.333,3,0.5,1,0.333,1,0.167,0,0.0,ElbowTouch,31,12,19,368.0,474,0,0,0,0.0,0,0,0.0,0,0.0,0,0.0,0,0.0,0,0.0,0,0.0,PostTouch,31,12,19,368.0,474,11,2,4,0.5,0,0,0.0,4,0.364,6,0.545,1,0.091,1,0.091,0,0.0,PaintTouch
1642863,Khaman Maluach,1610612756,PHX,46,22,24,411.0,4,0,1,0.0,3,4,0.75,3,0.75,0,0.0,0,0.0,1,0.25,2,0.5,Drives,46,22,24,411.0,5,33,84,54,115,0.47,Defense,46,22,24,411.0,6,22,0.273,17,5.0,21.0,0.238,0.386,CatchShoot,46,22,24,411.0,382,253,6,1,1,13,17,8,0.016,0.021,Passing,46,22,24,411.0,139,530,268,13.6,1.54,0.41,0.262,24,3,111,0.667,0.0,0.91,Possessions,46,22,24,411.0,0,1,0.0,0,0.0,0.0,,0.0,PullUpShot,31.0,14.0,17.0,350.0,47.0,36.0,11.0,0.766,111.0,0.423,5.0,0.443,5.1,82.0,18.0,64.0,0.22,150.0,0.547,20.0,0.631,4.3,129.0,54.0,75.0,0.419,257.0,0.502,25.0,0.556,4.6,Rebounding,46,22,24,411.0,162064,30.7,16.5,14.2,4.23,4.35,4.11,SpeedDistance,46,22,24,411.0,530,24,7,12,0.583,2,2,1.0,16,0.667,8,0.333,0,0.0,3,0.125,1,0.042,ElbowTouch,46,22,24,411.0,530,3,0,2,0.0,0,0,0.0,0,0.0,0,0.0,0,0.0,1,0.333,0,0.0,PostTouch,46,22,24,411.0,530,111,45,73,0.616,11,16,0.688,101,0.91,18,0.162,1,0.009,7,0.063,7,0.063,PaintTouch
1642864,Hugo González,1610612738,BOS,74,51,23,1084.0,77,21,41,0.512,2,4,0.5,44,0.571,27,0.351,5,0.065,6,0.078,2,0.026,Drives,74,51,23,1084.0,42,21,184,48,80,0.6,Defense,74,51,23,1084.0,41,108,0.38,123,41.0,106.0,0.387,0.569,CatchShoot,74,51,23,1084.0,956,631,40,2,13,87,107,55,0.042,0.058,Passing,74,51,23,1084.0,289,1274,610,35.8,1.69,0.82,0.227,18,0,88,0.778,0.0,0.727,Possessions,74,51,23,1084.0,4,16,0.25,9,1.0,10.0,0.1,0.281,PullUpShot,65.0,44.0,21.0,1031.0,62.0,28.0,34.0,0.452,163.0,0.38,5.0,0.392,7.8,184.0,34.0,150.0,0.185,311.0,0.592,29.0,0.652,5.8,246.0,62.0,184.0,0.252,455.0,0.541,34.0,0.584,6.3,Rebounding,74,51,23,1084.0,455369,86.2,44.5,41.8,4.55,4.51,4.61,SpeedDistance,74,51,23,1084.0,1274,18,7,8,0.875,0,0,0.0,14,0.778,10,0.556,2,0.2,0,0.0,0,0.0,ElbowTouch,74,51,23,1084.0,1274,0,0,0,0.0,0,0,0.0,0,0.0,0,0.0,0,0.0,0,0.0,0,0.0,PostTouch,74,51,23,1084.0,1274,88,30,43,0.698,4,10,0.4,64,0.727,36,0.409,4,0.045,4,0.045,5,0.057,PaintTouch
1642866,Joan Beringer,1610612750,MIN,40,22,18,314.0,7,4,5,0.8,0,0,0.0,8,1.143,2,0.286,0,0.0,0,0.0,0,0.0,Drives,40,22,18,314.0,7,26,47,54,105,0.514,Defense,40,22,18,314.0,0,0,,0,,,,,CatchShoot,40,22,18,314.0,248,189,12,0,3,14,30,15,0.048,0.06,Passing,40,22,18,314.0,156,386,220,8.2,1.28,0.47,0.404,18,8,124,0.944,0.5,0.927,Possessions,40,22,18,314.0,0,0,,0,,,,,PullUpShot,27.0,15.0,12.0,274.0,45.0,34.0,11.0,0.756,110.0,0.409,4.0,0.425,4.5,47.0,13.0,34.0,0.277,104.0,0.452,16.0,0.534,5.4,92.0,47.0,45.0,0.511,202.0,0.455,20.0,0.505,4.9,Rebounding,40,22,18,314.0,136253,25.8,13.2,12.6,4.63,4.79,4.46,SpeedDistance,40,22,18,314.0,386,18,8,12,0.667,0,0,0.0,17,0.944,5,0.278,1,0.2,0,0.0,0,0.0,ElbowTouch,40,22,18,314.0,386,8,2,3,0.667,0,0,0.0,4,0.5,3,0.375,0,0.0,1,0.125,0,0.0,PostTouch,40,22,18,314.0,386,124,48,74,0.649,15,22,0.682,115,0.927,22,0.177,5,0.04,8,0.065,12,0.097,PaintTouch
1642867,Collin Murray-Boyles,1610612761,TOR,57,31,26,1246.0,65,16,27,0.593,11,14,0.786,44,0.677,21,0.323,2,0.031,7,0.108,7,0.108,Drives,57,31,26,1246.0,52,53,152,114,186,0.613,Defense,57,31,26,1246.0,21,66,0.318,58,16.0,49.0,0.327,0.439,CatchShoot,57,31,26,1246.0,1422,1112,106,7,10,178,275,123,0.075,0.086,Passing,57,31,26,1246.0,484,1905,1185,44.9,1.41,0.47,0.254,133,16,378,0.511,0.75,0.63,Possessions,57,31,26,1246.0,2,7,0.286,5,1.0,1.0,1.0,0.357,PullUpShot,56.0,30.0,26.0,1237.0,133.0,83.0,50.0,0.624,304.0,0.438,13.0,0.457,5.9,152.0,47.0,105.0,0.309,329.0,0.462,59.0,0.563,5.1,285.0,130.0,155.0,0.456,618.0,0.461,72.0,0.522,5.5,Rebounding,57,31,26,1246.0,507985,96.2,48.5,47.7,4.45,4.68,4.25,SpeedDistance,57,31,26,1246.0,1905,133,29,43,0.674,6,12,0.5,68,0.511,70,0.526,15,0.214,7,0.053,7,0.053,ElbowTouch,57,31,26,1246.0,1905,16,6,8,0.75,0,0,0.0,12,0.75,2,0.125,0,0.0,2,0.125,0,0.0,PostTouch,57,31,26,1246.0,1905,378,105,172,0.61,26,44,0.591,238,0.63,156,0.413,30,0.079,19,0.05,23,0.061,PaintTouch
1642868,Carter Bryant,1610612759,SAS,71,56,15,818.0,72,11,28,0.393,6,10,0.6,29,0.403,29,0.403,5,0.069,8,0.111,5,0.069,Drives,71,56,15,818.0,16,23,140,48,76,0.632,Defense,71,56,15,818.0,49,140,0.35,147,49.0,140.0,0.35,0.525,CatchShoot,71,56,15,818.0,685,620,47,6,4,90,123,57,0.069,0.083,Passing,71,56,15,818.0,298,1001,608,32.9,1.97,1.02,0.298,26,0,59,0.231,0.0,0.814,Possessions,71,56,15,818.0,6,26,0.231,14,2.0,12.0,0.167,0.269,PullUpShot,60.0,47.0,13.0,720.0,36.0,18.0,18.0,0.5,74.0,0.486,2.0,0.5,8.0,136.0,30.0,106.0,0.221,214.0,0.636,19.0,0.697,6.2,172.0,48.0,124.0,0.279,275.0,0.625,21.0,0.677,6.6,Rebounding,71,56,15,818.0,333426,63.1,31.2,32.0,4.47,4.53,4.43,SpeedDistance,71,56,15,818.0,1001,26,3,8,0.375,0,2,0.0,6,0.231,15,0.577,4,0.267,1,0.038,1,0.038,ElbowTouch,71,56,15,818.0,1001,0,0,0,0.0,0,0,0.0,0,0.0,0,0.0,0,0.0,0,0.0,0,0.0,PostTouch,71,56,15,818.0,1001,59,22,29,0.759,4,6,0.667,48,0.814,23,0.39,2,0.034,2,0.034,3,0.051,PaintTouch
1642869,Noah Penda,1610612753,ORL,59,30,29,757.0,131,20,57,0.351,11,16,0.688,54,0.412,55,0.42,13,0.099,9,0.069,8,0.061,Drives,59,30,29,757.0,30,18,120,81,124,0.653,Defense,59,30,29,757.0,24,75,0.32,72,24.0,75.0,0.32,0.48,CatchShoot,59,30,29,757.0,990,701,70,4,7,129,173,81,0.071,0.082,Passing,59,30,29,757.0,227,1283,649,40.4,1.89,1.12,0.177,21,8,76,0.095,0.25,0.434,Possessions,59,30,29,757.0,10,29,0.345,26,6.0,17.0,0.353,0.448,PullUpShot,51.0,25.0,26.0,719.0,67.0,37.0,30.0,0.552,128.0,0.523,3.0,0.536,7.5,120.0,31.0,88.0,0.258,203.0,0.591,16.0,0.642,5.5,187.0,68.0,118.0,0.364,311.0,0.601,19.0,0.64,6.2,Rebounding,59,30,29,757.0,322873,61.2,32.6,28.6,4.52,4.75,4.28,SpeedDistance,59,30,29,757.0,1283,21,1,1,1.0,0,0,0.0,2,0.095,18,0.857,3,0.167,1,0.048,0,0.0,ElbowTouch,59,30,29,757.0,1283,8,1,2,0.5,0,0,0.0,2,0.25,5,0.625,1,0.125,1,0.125,0,0.0,PostTouch,59,30,29,757.0,1283,76,15,28,0.536,3,4,0.75,33,0.434,36,0.474,6,0.079,7,0.092,2,0.026,PaintTouch
1642873,Amari Williams,1610612738,BOS,22,15,7,146.0,2,0,0,0.0,0,0,0.0,0,0.0,2,1.0,0,0.0,0,0.0,0,0.0,Drives,22,15,7,146.0,3,10,31,7,17,0.412,Defense,22,15,7,146.0,0,1,0.0,0,,,,0.0,CatchShoot,22,15,7,146.0,139,115,10,0,1,17,28,11,0.072,0.079,Passing,22,15,7,146.0,30,174,119,4.3,1.48,0.5,0.172,10,0,25,0.6,0.0,0.76,Possessions,22,15,7,146.0,0,0,,0,,,,,PullUpShot,15.0,9.0,6.0,129.0,9.0,6.0,3.0,0.667,27.0,0.333,3.0,0.375,4.4,31.0,11.0,20.0,0.355,51.0,0.608,7.0,0.705,5.4,40.0,17.0,23.0,0.425,78.0,0.513,10.0,0.588,5.2,Rebounding,22,15,7,146.0,55611,10.5,5.9,4.6,4.04,4.13,3.94,SpeedDistance,22,15,7,146.0,174,10,2,5,0.4,2,2,1.0,6,0.6,3,0.3,0,0.0,0,0.0,1,0.1,ElbowTouch,22,15,7,146.0,174,0,0,0,0.0,0,0,0.0,0,0.0,0,0.0,0,0.0,0,0.0,0,0.0,PostTouch,22,15,7,146.0,174,25,8,15,0.533,2,4,0.5,19,0.76,6,0.24,1,0.04,0,0.0,2,0.08,PaintTouch
1642874,Danny Wolf,1610612751,BKN,57,14,43,1187.0,238,56,124,0.452,30,38,0.789,145,0.609,74,0.311,22,0.092,19,0.08,19,0.08,Drives,57,14,43,1187.0,30,32,224,120,188,0.638,Defense,57,14,43,1187.0,58,178,0.326,174,58.0,178.0,0.326,0.489,CatchShoot,57,14,43,1187.0,1422,1321,127,15,11,221,330,153,0.089,0.108,Passing,57,14,43,1187.0,508,2023,1159,88.0,2.61,1.83,0.251,38,15,92,0.526,0.4,0.783,Possessions,57,14,43,1187.0,15,54,0.278,40,10.0,33.0,0.303,0.37,PullUpShot,56.0,14.0,42.0,1185.0,57.0,25.0,32.0,0.439,125.0,0.456,3.0,0.467,9.0,224.0,72.0,152.0,0.321,357.0,0.627,36.0,0.698,4.9,281.0,97.0,184.0,0.345,472.0,0.595,39.0,0.649,5.7,Rebounding,57,14,43,1187.0,484169,91.7,49.8,41.9,4.39,4.78,4.01,SpeedDistance,57,14,43,1187.0,2023,38,6,13,0.462,8,10,0.8,20,0.526,16,0.421,5,0.313,3,0.079,5,0.132,ElbowTouch,57,14,43,1187.0,2023,15,2,6,0.333,2,2,1.0,6,0.4,6,0.4,0,0.0,2,0.133,1,0.067,PostTouch,57,14,43,1187.0,2023,92,25,40,0.625,21,24,0.875,72,0.783,33,0.359,8,0.087,3,0.033,11,0.12,PaintTouch
1642875,Maxime Raynaud,1610612758,SAC,74,21,53,1964.0,78,28,54,0.519,14,14,1.0,73,0.936,13,0.167,2,0.026,3,0.038,7,0.09,Drives,74,21,53,1964.0,38,39,414,250,376,0.665,Defense,74,21,53,1964.0,65,150,0.433,153,23.0,71.0,0.324,0.51,CatchShoot,74,21,53,1964.0,2425,1610,100,8,8,164,254,116,0.041,0.048,Passing,74,21,53,1964.0,922,3303,1665,81.2,1.48,0.43,0.279,253,60,551,0.632,0.7,0.985,Possessions,74,21,53,1964.0,8,25,0.32,16,0.0,1.0,0.0,0.32,PullUpShot,73.0,21.0,52.0,1959.0,142.0,78.0,64.0,0.549,349.0,0.407,11.0,0.42,6.0,414.0,122.0,292.0,0.295,658.0,0.629,63.0,0.696,4.1,556.0,200.0,356.0,0.36,967.0,0.575,74.0,0.623,4.6,Rebounding,74,21,53,1964.0,802126,151.9,80.1,71.9,4.43,4.65,4.22,SpeedDistance,74,21,53,1964.0,3303,253,70,138,0.507,19,26,0.731,160,0.632,88,0.348,13,0.148,11,0.043,12,0.047,ElbowTouch,74,21,53,1964.0,3303,60,16,40,0.4,8,12,0.667,42,0.7,4,0.067,0,0.0,7,0.117,6,0.1,PostTouch,74,21,53,1964.0,3303,551,242,376,0.644,48,68,0.706,543,0.985,99,0.18,16,0.029,28,0.051,33,0.06,PaintTouch
1642876,Adou Thiero,1610612747,LAL,25,15,10,149.0,18,5,8,0.625,1,2,0.5,13,0.722,6,0.333,2,0.111,3,0.167,1,0.056,Drives,25,15,10,149.0,7,2,19,16,24,0.667,Defense,25,15,10,149.0,1,3,0.333,3,1.0,3.0,0.333,0.5,CatchShoot,25,15,10,149.0,133,93,10,0,1,15,29,11,0.075,0.083,Passing,25,15,10,149.0,47,183,84,6.2,2.04,1.03,0.257,4,1,18,0.5,0.0,0.667,Possessions,25,15,10,149.0,0,0,,0,0.0,0.0,,,PullUpShot,14.0,7.0,7.0,112.0,9.0,4.0,5.0,0.444,27.0,0.333,0.0,0.333,7.8,19.0,6.0,13.0,0.316,24.0,0.792,0.0,0.792,4.2,28.0,10.0,18.0,0.357,47.0,0.596,0.0,0.596,5.4,Rebounding,25,15,10,149.0,61281,11.6,6.1,5.5,4.47,4.62,4.32,SpeedDistance,25,15,10,149.0,183,4,1,2,0.5,0,0,0.0,2,0.5,2,0.5,1,0.5,0,0.0,0,0.0,ElbowTouch,25,15,10,149.0,183,1,0,0,0.0,0,0,0.0,0,0.0,1,1.0,0,0.0,0,0.0,0,0.0,PostTouch,25,15,10,149.0,183,18,5,9,0.556,2,4,0.5,12,0.667,5,0.278,2,0.111,1,0.056,2,0.111,PaintTouch
1642877,Micah Peavy,1610612740,NOP,61,17,44,913.0,133,22,64,0.344,12,14,0.857,58,0.436,52,0.391,14,0.105,8,0.06,7,0.053,Drives,61,17,44,913.0,43,9,71,34,57,0.596,Defense,61,17,44,913.0,27,104,0.26,80,26.0,101.0,0.257,0.385,CatchShoot,61,17,44,913.0,633,542,61,7,10,99,157,79,0.096,0.125,Passing,61,17,44,913.0,262,958,641,32.3,2.03,1.15,0.273,13,0,77,0.308,0.0,0.844,Possessions,61,17,44,913.0,10,37,0.27,22,2.0,7.0,0.286,0.297,PullUpShot,47.0,11.0,36.0,835.0,46.0,25.0,21.0,0.543,106.0,0.434,3.0,0.447,6.5,71.0,16.0,55.0,0.225,142.0,0.5,13.0,0.55,7.7,117.0,41.0,76.0,0.35,241.0,0.485,16.0,0.52,7.2,Rebounding,61,17,44,913.0,378370,71.7,36.3,35.4,4.56,4.74,4.38,SpeedDistance,61,17,44,913.0,958,13,2,7,0.286,0,0,0.0,4,0.308,6,0.462,0,0.0,0,0.0,0,0.0,ElbowTouch,61,17,44,913.0,958,0,0,0,0.0,0,0,0.0,0,0.0,0,0.0,0,0.0,0,0.0,0,0.0,PostTouch,61,17,44,913.0,958,77,30,52,0.577,5,8,0.625,65,0.844,19,0.247,3,0.039,2,0.026,4,0.052,PaintTouch
1642878,Tyrese Proctor,1610612739,CLE,50,33,17,545.0,128,27,55,0.491,20,22,0.909,75,0.586,55,0.43,12,0.094,5,0.039,11,0.086,Drives,50,33,17,545.0,25,0,53,33,43,0.767,Defense,50,33,17,545.0,26,78,0.333,78,26.0,76.0,0.342,0.5,CatchShoot,50,33,17,545.0,700,845,74,10,21,157,197,105,0.106,0.15,Passing,50,33,17,545.0,272,1016,487,65.0,3.84,3.64,0.268,7,0,22,1.286,0.0,0.364,Possessions,50,33,17,545.0,33,84,0.393,86,20.0,56.0,0.357,0.512,PullUpShot,30.0,20.0,10.0,392.0,11.0,3.0,8.0,0.273,23.0,0.478,2.0,0.524,11.4,53.0,8.0,45.0,0.151,83.0,0.639,4.0,0.671,9.8,64.0,11.0,53.0,0.172,106.0,0.604,6.0,0.64,10.1,Rebounding,50,33,17,545.0,224060,42.4,22.3,20.1,4.54,4.9,4.19,SpeedDistance,50,33,17,545.0,1016,7,4,5,0.8,0,0,0.0,9,1.286,1,0.143,1,1.0,1,0.143,0,0.0,ElbowTouch,50,33,17,545.0,1016,0,0,0,0.0,0,0,0.0,0,0.0,0,0.0,0,0.0,0,0.0,0,0.0,PostTouch,50,33,17,545.0,1016,22,4,8,0.5,0,0,0.0,8,0.364,13,0.591,3,0.136,1,0.045,0,0.0,PaintTouch
1642879,Ben Saraf,1610612751,BKN,44,10,34,916.0,427,74,162,0.457,42,51,0.824,193,0.452,192,0.45,45,0.105,41,0.096,26,0.061,Drives,44,10,34,916.0,38,8,72,68,95,0.716,Defense,44,10,34,916.0,15,71,0.211,45,15.0,70.0,0.214,0.317,CatchShoot,44,10,34,916.0,1606,1739,145,15,14,281,386,174,0.09,0.108,Passing,44,10,34,916.0,332,2122,866,169.0,4.78,4.46,0.156,13,0,32,0.615,0.0,0.75,Possessions,44,10,34,916.0,6,35,0.171,16,4.0,20.0,0.2,0.229,PullUpShot,36.0,7.0,29.0,786.0,20.0,9.0,11.0,0.45,67.0,0.299,2.0,0.308,12.2,72.0,17.0,55.0,0.236,125.0,0.576,12.0,0.637,8.2,92.0,26.0,66.0,0.283,185.0,0.497,14.0,0.538,9.1,Rebounding,44,10,34,916.0,372080,70.5,38.6,31.9,4.38,4.7,4.04,SpeedDistance,44,10,34,916.0,2122,13,4,5,0.8,0,0,0.0,8,0.615,5,0.385,0,0.0,0,0.0,0,0.0,ElbowTouch,44,10,34,916.0,2122,0,0,0,0.0,0,0,0.0,0,0.0,0,0.0,0,0.0,0,0.0,0,0.0,PostTouch,44,10,34,916.0,2122,32,10,16,0.625,4,4,1.0,24,0.75,12,0.375,1,0.031,1,0.031,2,0.063,PaintTouch
1642880,Kam Jones,1610612754,IND,37,6,31,616.0,192,31,71,0.437,4,8,0.5,66,0.344,101,0.526,23,0.12,13,0.068,4,0.021,Drives,37,6,31,616.0,18,0,45,46,62,0.742,Defense,37,6,31,616.0,19,63,0.302,53,15.0,58.0,0.259,0.421,CatchShoot,37,6,31,616.0,993,1037,119,5,17,232,309,140,0.12,0.141,Passing,37,6,31,616.0,162,1243,552,82.9,4.0,3.44,0.13,13,1,22,0.615,2.0,0.636,Possessions,37,6,31,616.0,8,20,0.4,23,7.0,16.0,0.438,0.575,PullUpShot,25.0,5.0,20.0,516.0,15.0,2.0,13.0,0.133,35.0,0.429,0.0,0.429,16.4,45.0,6.0,38.0,0.133,86.0,0.523,14.0,0.625,8.7,60.0,8.0,51.0,0.133,120.0,0.5,14.0,0.566,10.7,Rebounding,37,6,31,616.0,264503,50.1,26.6,23.5,4.55,4.95,4.17,SpeedDistance,37,6,31,616.0,1243,13,4,4,1.0,0,0,0.0,8,0.615,9,0.692,1,0.111,0,0.0,0,0.0,ElbowTouch,37,6,31,616.0,1243,1,1,1,1.0,0,0,0.0,2,2.0,0,0.0,0,0.0,0,0.0,0,0.0,PostTouch,37,6,31,616.0,1243,22,7,9,0.778,0,0,0.0,14,0.636,12,0.545,4,0.182,1,0.045,0,0.0,PaintTouch
1642882,Julian Reese,1610612764,WAS,13,1,12,401.0,23,4,12,0.333,5,8,0.625,13,0.565,1,0.043,0,0.0,5,0.217,4,0.174,Drives,13,1,12,401.0,18,8,82,61,88,0.693,Defense,13,1,12,402.0,4,14,0.286,8,,,,0.286,CatchShoot,13,1,12,401.0,407,346,24,2,3,46,63,30,0.059,0.074,Passing,13,1,12,401.0,154,603,386,19.6,1.95,0.6,0.255,78,9,129,0.513,0.889,0.76,Possessions,13,1,12,402.0,4,10,0.4,8,,,,0.4,PullUpShot,13.0,1.0,12.0,401.0,55.0,35.0,18.0,0.636,111.0,0.495,4.0,0.514,5.1,82.0,29.0,50.0,0.354,122.0,0.672,10.0,0.732,3.8,137.0,64.0,68.0,0.467,228.0,0.601,14.0,0.64,4.4,Rebounding,13,1,12,401.0,160314,30.4,16.0,14.3,4.24,4.3,4.15,SpeedDistance,13,1,12,401.0,603,78,16,35,0.457,8,12,0.667,40,0.513,27,0.346,3,0.111,6,0.077,6,0.077,ElbowTouch,13,1,12,401.0,603,9,3,8,0.375,2,2,1.0,8,0.889,0,0.0,0,0.0,0,0.0,1,0.111,PostTouch,13,1,12,401.0,603,129,44,76,0.579,7,12,0.583,98,0.76,30,0.233,5,0.039,11,0.085,5,0.039,PaintTouch
1642883,Sion James,1610612766,CHA,82,44,38,1843.0,250,28,76,0.368,40,50,0.8,101,0.404,122,0.488,27,0.108,21,0.084,26,0.104,Drives,82,44,38,1843.0,52,20,238,90,142,0.634,Defense,82,44,38,1843.0,76,209,0.364,227,75.0,207.0,0.362,0.543,CatchShoot,82,44,38,1843.0,2235,1786,163,14,15,288,459,192,0.073,0.086,Passing,82,44,38,1843.0,441,2794,1292,154.5,3.32,2.52,0.158,45,1,58,0.489,0.0,0.552,Possessions,82,44,38,1843.0,8,38,0.211,24,8.0,29.0,0.276,0.316,PullUpShot,79.0,42.0,37.0,1795.0,49.0,17.0,32.0,0.347,155.0,0.316,7.0,0.331,12.6,238.0,42.0,196.0,0.176,403.0,0.591,42.0,0.659,7.7,287.0,59.0,228.0,0.206,532.0,0.539,49.0,0.594,8.5,Rebounding,82,44,38,1843.0,735252,139.3,76.4,62.8,4.39,4.65,4.1,SpeedDistance,82,44,38,1843.0,2794,45,9,14,0.643,4,4,1.0,22,0.489,27,0.6,9,0.333,1,0.022,2,0.044,ElbowTouch,82,44,38,1843.0,2794,1,0,0,0.0,0,0,0.0,0,0.0,1,1.0,0,0.0,0,0.0,0,0.0,PostTouch,82,44,38,1843.0,2794,58,13,26,0.5,5,6,0.833,32,0.552,29,0.5,6,0.103,0,0.0,3,0.052,PaintTouch
1642884,Vladislav Goldin,1610612748,MIA,9,5,4,24.0,0,0,0,0.0,0,0,0.0,0,0.0,0,0.0,0,0.0,0,0.0,0,0.0,Drives,9,5,4,24.0,0,3,6,3,11,0.273,Defense,9,5,4,24.0,0,0,,0,,,,,CatchShoot,9,5,4,24.0,16,10,3,0,0,3,7,3,0.188,0.188,Passing,9,5,4,24.0,7,23,13,0.7,1.71,0.35,0.304,1,1,8,3.0,2.0,0.875,Possessions,9,5,4,24.0,0,0,,0,,,,,PullUpShot,6.0,4.0,2.0,19.0,3.0,2.0,1.0,0.667,6.0,0.5,0.0,0.5,3.7,6.0,3.0,3.0,0.5,8.0,0.75,0.0,0.75,2.9,9.0,5.0,4.0,0.556,13.0,0.692,0.0,0.692,3.2,Rebounding,9,5,4,24.0,10995,2.1,1.1,1.0,4.72,5.01,4.44,SpeedDistance,9,5,4,24.0,23,1,1,1,1.0,0,0,0.0,3,3.0,0,0.0,0,0.0,0,0.0,0,0.0,ElbowTouch,9,5,4,24.0,23,1,1,1,1.0,0,0,0.0,2,2.0,0,0.0,0,0.0,0,0.0,0,0.0,PostTouch,9,5,4,24.0,23,8,3,4,0.75,0,0,0.0,7,0.875,3,0.375,2,0.25,1,0.125,0,0.0,PaintTouch
1642885,Mohamed Diawara,1610612752,NYK,69,42,27,634.0,88,18,40,0.45,11,14,0.786,48,0.545,34,0.386,8,0.091,7,0.08,7,0.08,Drives,69,42,27,634.0,17,6,79,43,53,0.811,Defense,69,42,27,634.0,49,117,0.419,140,42.0,109.0,0.385,0.598,CatchShoot,69,42,27,634.0,729,678,53,1,6,97,141,60,0.073,0.082,Passing,69,42,27,634.0,246,1005,556,38.0,2.27,1.47,0.245,9,6,27,0.444,0.667,0.444,Possessions,69,42,27,634.0,8,27,0.296,21,5.0,19.0,0.263,0.389,PullUpShot,39.0,25.0,14.0,498.0,15.0,9.0,6.0,0.6,40.0,0.375,0.0,0.375,9.9,79.0,13.0,66.0,0.165,120.0,0.658,9.0,0.712,6.0,94.0,22.0,72.0,0.234,149.0,0.631,9.0,0.671,6.6,Rebounding,69,42,27,634.0,264801,50.2,27.1,23.0,4.46,4.74,4.15,SpeedDistance,69,42,27,634.0,1005,9,2,3,0.667,0,0,0.0,4,0.444,5,0.556,1,0.2,0,0.0,0,0.0,ElbowTouch,69,42,27,634.0,1005,6,2,2,1.0,0,0,0.0,4,0.667,2,0.333,2,0.333,2,0.333,0,0.0,PostTouch,69,42,27,634.0,1005,27,6,12,0.5,0,0,0.0,12,0.444,10,0.37,1,0.037,5,0.185,0,0.0,PaintTouch
1642886,Koby Brea,1610612756,PHX,12,5,7,84.0,12,0,2,0.0,0,0,0.0,0,0.0,8,0.667,4,0.333,2,0.167,0,0.0,Drives,12,5,7,84.0,1,0,7,7,12,0.583,Defense,12,5,7,84.0,8,18,0.444,24,8.0,18.0,0.444,0.667,CatchShoot,12,5,7,84.0,103,109,10,0,0,20,23,10,0.097,0.097,Passing,12,5,7,84.0,45,151,98,7.2,2.85,2.05,0.298,1,0,1,0.0,0.0,2.0,Possessions,12,5,7,84.0,5,15,0.333,15,5.0,12.0,0.417,0.5,PullUpShot,4.0,1.0,3.0,55.0,1.0,1.0,0.0,1.0,2.0,0.5,0.0,0.5,5.7,7.0,1.0,6.0,0.143,11.0,0.636,0.0,0.636,7.4,8.0,2.0,6.0,0.25,12.0,0.667,0.0,0.667,7.2,Rebounding,12,5,7,84.0,34068,6.5,3.7,2.8,4.37,4.64,4.05,SpeedDistance,12,5,7,84.0,151,1,0,1,0.0,0,0,0.0,0,0.0,0,0.0,0,0.0,0,0.0,0,0.0,ElbowTouch,12,5,7,84.0,151,0,0,0,0.0,0,0,0.0,0,0.0,0,0.0,0,0.0,0,0.0,0,0.0,PostTouch,12,5,7,84.0,151,1,1,1,1.0,0,0,0.0,2,2.0,0,0.0,0,0.0,0,0.0,0,0.0,PaintTouch
1642905,Yang Hansen,1610612757,POR,43,24,19,300.0,8,1,6,0.167,2,2,1.0,4,0.5,0,0.0,0,0.0,1,0.125,1,0.125,Drives,43,24,19,300.0,3,10,46,39,67,0.582,Defense,43,24,19,300.0,5,40,0.125,15,5.0,38.0,0.132,0.188,CatchShoot,43,24,19,300.0,239,259,22,0,1,27,54,23,0.092,0.096,Passing,43,24,19,300.0,95,394,251,13.6,2.08,0.83,0.241,22,24,57,0.773,0.667,0.842,Possessions,43,24,19,300.0,0,6,0.0,0,0.0,3.0,0.0,0.0,PullUpShot,32.0,14.0,18.0,257.0,20.0,10.0,10.0,0.5,55.0,0.364,2.0,0.377,6.0,46.0,20.0,26.0,0.435,98.0,0.469,16.0,0.561,5.0,66.0,30.0,36.0,0.455,150.0,0.44,18.0,0.5,5.3,Rebounding,43,24,19,300.0,110781,21.0,10.8,10.1,4.04,4.1,3.93,SpeedDistance,43,24,19,300.0,394,22,5,11,0.455,6,6,1.0,17,0.773,6,0.273,1,0.167,2,0.091,3,0.136,ElbowTouch,43,24,19,300.0,394,24,4,10,0.4,7,8,0.875,16,0.667,5,0.208,1,0.042,3,0.125,4,0.167,PostTouch,43,24,19,300.0,394,57,17,30,0.567,12,14,0.857,48,0.842,11,0.193,4,0.07,4,0.07,6,0.105,PaintTouch
1642907,Cedric Coward,1610612763,MEM,62,20,42,1598.0,326,84,173,0.486,45,56,0.804,218,0.669,94,0.288,24,0.074,21,0.064,28,0.086,Drives,62,20,42,1598.0,40,27,281,131,196,0.668,Defense,62,20,42,1598.0,73,214,0.341,212,66.0,205.0,0.322,0.495,CatchShoot,62,20,42,1598.0,2482,1976,171,17,22,287,444,211,0.069,0.085,Passing,62,20,42,1598.0,843,3400,1644,152.9,2.7,1.98,0.248,34,14,143,0.853,0.929,0.937,Possessions,62,20,42,1598.0,56,151,0.371,138,26.0,69.0,0.377,0.457,PullUpShot,60.0,20.0,40.0,1546.0,83.0,47.0,34.0,0.566,209.0,0.397,7.0,0.411,5.9,281.0,65.0,215.0,0.231,476.0,0.59,52.0,0.663,5.6,364.0,112.0,249.0,0.308,661.0,0.551,59.0,0.605,5.7,Rebounding,62,20,42,1598.0,649390,123.0,64.1,58.9,4.53,4.84,4.24,SpeedDistance,62,20,42,1598.0,3400,34,10,15,0.667,8,10,0.8,29,0.853,13,0.382,2,0.154,0,0.0,5,0.147,ElbowTouch,62,20,42,1598.0,3400,14,4,5,0.8,4,4,1.0,13,0.929,5,0.357,2,0.143,1,0.071,2,0.143,PostTouch,62,20,42,1598.0,3400,143,54,74,0.73,22,26,0.846,134,0.937,44,0.308,5,0.035,8,0.056,12,0.084,PaintTouch
1642910,John Tonje,1610612738,BOS,6,5,1,42.0,2,0,0,0.0,2,2,1.0,2,1.0,0,0.0,0,0.0,0,0.0,1,0.5,Drives,6,5,1,42.0,2,0,6,1,3,0.333,Defense,6,5,1,42.0,2,9,0.222,6,2.0,9.0,0.222,0.333,CatchShoot,6,5,1,42.0,31,27,2,1,0,3,7,3,0.065,0.097,Passing,6,5,1,42.0,15,50,24,1.9,2.31,1.12,0.3,1,0,1,0.0,0.0,0.0,Possessions,6,5,1,42.0,1,1,1.0,3,1.0,1.0,1.0,1.5,PullUpShot,2.0,2.0,0.0,35.0,0.0,0.0,0.0,0.0,6.0,0.0,0.0,0.0,0.0,6.0,1.0,5.0,0.167,8.0,0.75,0.0,0.75,5.8,6.0,1.0,5.0,0.167,11.0,0.545,0.0,0.545,5.8,Rebounding,6,5,1,42.0,18941,3.6,2.0,1.6,4.59,4.76,4.41,SpeedDistance,6,5,1,42.0,50,1,0,1,0.0,0,0,0.0,0,0.0,0,0.0,0,0.0,0,0.0,0,0.0,ElbowTouch,6,5,1,42.0,50,0,0,0,0.0,0,0,0.0,0,0.0,0,0.0,0,0.0,0,0.0,0,0.0,PostTouch,6,5,1,42.0,50,1,0,1,0.0,0,0,0.0,0,0.0,0,0.0,0,0.0,0,0.0,0,0.0,PaintTouch
1642911,Rocco Zikarsky,1610612750,MIN,5,1,4,36.0,3,1,1,1.0,2,2,1.0,4,1.333,1,0.333,0,0.0,0,0.0,1,0.333,Drives,5,1,4,36.0,0,5,12,8,12,0.667,Defense,5,1,4,36.0,0,1,0.0,0,,,,0.0,CatchShoot,5,1,4,36.0,43,20,2,0,0,2,4,2,0.047,0.047,Passing,5,1,4,36.0,14,55,20,1.3,1.41,0.27,0.255,3,2,6,0.667,0.0,1.333,Possessions,5,1,4,36.0,0,0,,0,,,,,PullUpShot,4.0,1.0,3.0,32.0,2.0,2.0,0.0,1.0,5.0,0.4,0.0,0.4,10.9,12.0,4.0,8.0,0.333,18.0,0.667,1.0,0.706,3.2,14.0,6.0,8.0,0.429,23.0,0.609,1.0,0.636,4.3,Rebounding,5,1,4,36.0,14472,2.7,1.4,1.3,4.05,4.34,3.79,SpeedDistance,5,1,4,36.0,55,3,0,0,0.0,2,2,1.0,2,0.667,2,0.667,1,0.5,0,0.0,1,0.333,ElbowTouch,5,1,4,36.0,55,2,0,1,0.0,0,0,0.0,0,0.0,0,0.0,0,0.0,0,0.0,0,0.0,PostTouch,5,1,4,36.0,55,6,3,4,0.75,2,2,1.0,8,1.333,0,0.0,0,0.0,0,0.0,1,0.167,PaintTouch
1642914,Javon Small,1610612763,MEM,41,13,28,830.0,201,31,67,0.463,20,24,0.833,88,0.438,96,0.478,27,0.134,18,0.09,13,0.065,Drives,41,13,28,830.0,34,9,92,36,59,0.61,Defense,41,13,28,830.0,20,44,0.455,58,18.0,41.0,0.439,0.659,CatchShoot,41,13,28,830.0,1200,1346,151,13,8,271,400,172,0.126,0.143,Passing,41,13,28,830.0,396,1615,725,118.4,4.4,4.17,0.245,15,0,33,0.6,0.0,0.697,Possessions,41,13,28,830.0,53,131,0.405,148,42.0,101.0,0.416,0.565,PullUpShot,34.0,9.0,25.0,763.0,36.0,10.0,25.0,0.278,76.0,0.474,2.0,0.486,10.2,92.0,22.0,70.0,0.239,136.0,0.676,8.0,0.719,9.0,128.0,32.0,95.0,0.25,207.0,0.618,10.0,0.65,9.3,Rebounding,41,13,28,830.0,349335,66.2,33.2,33.0,4.51,4.63,4.39,SpeedDistance,41,13,28,830.0,1615,15,3,7,0.429,2,2,1.0,9,0.6,7,0.467,4,0.571,0,0.0,0,0.0,ElbowTouch,41,13,28,830.0,1615,0,0,0,0.0,0,0,0.0,0,0.0,0,0.0,0,0.0,0,0.0,0,0.0,PostTouch,41,13,28,830.0,1615,33,11,20,0.55,0,2,0.0,23,0.697,11,0.333,3,0.091,1,0.03,1,0.03,PaintTouch
1642917,Max Shulga,1610612738,BOS,11,8,3,36.0,6,1,3,0.333,0,0,0.0,2,0.333,2,0.333,2,0.333,1,0.167,0,0.0,Drives,11,8,3,36.0,1,0,3,3,4,0.75,Defense,11,8,3,36.0,1,4,0.25,3,1.0,4.0,0.25,0.375,CatchShoot,11,8,3,36.0,54,51,2,0,0,10,4,2,0.037,0.037,Passing,11,8,3,36.0,7,68,26,4.0,3.49,2.96,0.103,0,0,3,0.0,0.0,0.667,Possessions,11,8,3,36.0,0,3,0.0,0,0.0,0.0,,0.0,PullUpShot,3.0,2.0,1.0,25.0,3.0,3.0,0.0,1.0,6.0,0.5,0.0,0.5,6.8,3.0,0.0,3.0,0.0,5.0,0.6,0.0,0.6,5.1,6.0,3.0,3.0,0.5,11.0,0.545,0.0,0.545,6.0,Rebounding,11,8,3,36.0,15121,2.9,1.6,1.3,4.38,4.57,4.17,SpeedDistance,11,8,3,36.0,68,0,0,0,0.0,0,0,0.0,0,0.0,0,0.0,0,0.0,0,0.0,0,0.0,ElbowTouch,11,8,3,36.0,68,0,0,0,0.0,0,0,0.0,0,0.0,0,0.0,0,0.0,0,0.0,0,0.0,PostTouch,11,8,3,36.0,68,3,0,0,0.0,2,2,1.0,2,0.667,2,0.667,0,0.0,0,0.0,1,0.333,PaintTouch
1642918,Alijah Martin,1610612761,TOR,23,10,13,146.0,35,4,16,0.25,5,6,0.833,13,0.371,15,0.429,5,0.143,1,0.029,3,0.086,Drives,23,10,13,146.0,8,4,12,10,14,0.714,Defense,23,10,13,146.0,5,17,0.294,14,4.0,16.0,0.25,0.412,CatchShoot,23,10,13,146.0,135,142,12,1,0,18,29,13,0.089,0.096,Passing,23,10,13,146.0,51,209,113,12.4,3.56,2.65,0.244,5,0,18,0.4,0.0,0.611,Possessions,23,10,13,146.0,1,12,0.083,2,0.0,5.0,0.0,0.083,PullUpShot,10.0,6.0,4.0,100.0,9.0,4.0,5.0,0.444,21.0,0.429,0.0,0.429,7.5,12.0,2.0,10.0,0.167,17.0,0.706,1.0,0.75,7.9,21.0,6.0,15.0,0.286,38.0,0.553,1.0,0.568,7.7,Rebounding,23,10,13,146.0,62387,11.8,6.1,5.7,4.44,4.64,4.25,SpeedDistance,23,10,13,146.0,209,5,1,2,0.5,0,0,0.0,2,0.4,3,0.6,0,0.0,0,0.0,0,0.0,ElbowTouch,23,10,13,146.0,209,0,0,0,0.0,0,0,0.0,0,0.0,0,0.0,0,0.0,0,0.0,0,0.0,PostTouch,23,10,13,146.0,209,18,4,6,0.667,2,2,1.0,11,0.611,9,0.5,1,0.056,1,0.056,1,0.056,PaintTouch
1642920,Kobe Sanders,1610612746,LAC,68,36,32,1351.0,241,49,95,0.516,20,24,0.833,120,0.498,107,0.444,24,0.1,23,0.095,12,0.05,Drives,68,36,32,1351.0,49,10,124,58,92,0.63,Defense,68,36,32,1351.0,80,192,0.417,238,78.0,186.0,0.419,0.62,CatchShoot,68,36,32,1351.0,1300,1356,109,10,18,196,283,137,0.084,0.105,Passing,68,36,32,1351.0,495,1843,894,105.8,3.44,2.9,0.269,23,1,47,0.609,0.0,0.894,Possessions,68,36,32,1351.0,36,88,0.409,73,1.0,8.0,0.125,0.415,PullUpShot,55.0,28.0,27.0,1206.0,29.0,13.0,16.0,0.448,72.0,0.403,2.0,0.414,10.8,124.0,26.0,98.0,0.21,224.0,0.554,22.0,0.614,8.3,153.0,39.0,114.0,0.255,293.0,0.522,24.0,0.569,8.7,Rebounding,68,36,32,1351.0,540700,102.4,55.0,47.4,4.33,4.54,4.1,SpeedDistance,68,36,32,1351.0,1843,23,4,7,0.571,6,6,1.0,14,0.609,10,0.435,4,0.4,2,0.087,3,0.13,ElbowTouch,68,36,32,1351.0,1843,1,0,0,0.0,0,0,0.0,0,0.0,1,1.0,0,0.0,0,0.0,0,0.0,PostTouch,68,36,32,1351.0,1843,47,19,29,0.655,2,2,1.0,42,0.894,13,0.277,3,0.064,2,0.043,1,0.021,PaintTouch
1642928,Dylan Cardwell,1610612758,SAC,44,13,31,907.0,6,0,2,0.0,0,0,0.0,0,0.0,4,0.667,3,0.5,0,0.0,0,0.0,Drives,44,13,31,907.0,30,67,185,99,193,0.513,Defense,44,13,31,907.0,3,10,0.3,7,1.0,3.0,0.333,0.35,CatchShoot,44,13,31,907.0,794,536,62,3,8,123,156,73,0.078,0.092,Passing,44,13,31,907.0,238,1057,660,26.9,1.52,0.59,0.225,89,10,300,0.27,0.1,0.693,Possessions,44,13,31,907.0,1,4,0.25,2,0.0,0.0,,0.25,PullUpShot,44.0,13.0,31.0,907.0,147.0,103.0,44.0,0.701,279.0,0.527,10.0,0.546,5.4,185.0,64.0,121.0,0.346,316.0,0.585,31.0,0.649,4.9,332.0,167.0,165.0,0.503,581.0,0.571,41.0,0.615,5.1,Rebounding,44,13,31,907.0,353366,66.9,35.5,31.4,4.1,4.27,3.93,SpeedDistance,44,13,31,907.0,1057,89,11,27,0.407,0,4,0.0,24,0.27,52,0.584,15,0.288,3,0.034,3,0.034,ElbowTouch,44,13,31,907.0,1057,10,0,1,0.0,1,2,0.5,1,0.1,7,0.7,2,0.2,0,0.0,1,0.1,PostTouch,44,13,31,907.0,1057,300,95,143,0.664,15,34,0.441,208,0.693,120,0.4,17,0.057,10,0.033,16,0.053,PaintTouch
1642933,Keshon Gilbert,1610612737,ATL,4,0,4,74.0,8,3,5,0.6,0,0,0.0,7,0.875,2,0.25,0,0.0,1,0.125,0,0.0,Drives,4,0,4,74.0,3,4,3,11,16,0.688,Defense,4,0,4,74.0,0,1,0.0,0,0.0,1.0,0.0,0.0,CatchShoot,4,0,4,74.0,82,81,12,0,0,16,29,12,0.146,0.146,Passing,4,0,4,74.0,17,110,53,5.5,2.98,2.64,0.155,3,0,3,0.0,0.0,1.333,Possessions,4,0,4,74.0,1,4,0.25,2,0.0,2.0,0.0,0.25,PullUpShot,3.0,0.0,3.0,48.0,2.0,1.0,1.0,0.5,4.0,0.5,0.0,0.5,2.4,3.0,0.0,3.0,0.0,10.0,0.3,1.0,0.333,12.9,5.0,1.0,4.0,0.2,14.0,0.357,1.0,0.385,8.7,Rebounding,4,0,4,74.0,32100,6.1,3.2,2.8,4.62,4.73,4.36,SpeedDistance,4,0,4,74.0,110,3,0,2,0.0,0,0,0.0,0,0.0,1,0.333,0,0.0,0,0.0,0,0.0,ElbowTouch,4,0,4,74.0,110,0,0,0,0.0,0,0,0.0,0,0.0,0,0.0,0,0.0,0,0.0,0,0.0,PostTouch,4,0,4,74.0,110,3,1,1,1.0,2,2,1.0,4,1.333,1,0.333,0,0.0,0,0.0,1,0.333,PaintTouch
1642935,Chucky Hepburn,1610612761,TOR,2,0,2,13.0,4,0,1,0.0,0,0,0.0,0,0.0,2,0.5,0,0.0,1,0.25,0,0.0,Drives,2,0,2,13.0,1,0,1,2,2,1.0,Defense,2,0,2,13.0,0,4,0.0,0,0.0,4.0,0.0,0.0,CatchShoot,2,0,2,13.0,23,28,2,0,0,5,5,2,0.087,0.087,Passing,2,0,2,13.0,0,31,12,1.7,3.37,3.58,0.0,0,0,0,0.0,0.0,0.0,Possessions,2,0,2,13.0,0,2,0.0,0,0.0,1.0,0.0,0.0,PullUpShot,1.0,0.0,1.0,5.0,0.0,0.0,0.0,0.0,0.0,0.0,0.0,0.0,0.0,1.0,0.0,1.0,0.0,2.0,0.5,0.0,0.5,13.9,1.0,0.0,1.0,0.0,2.0,0.5,0.0,0.5,13.9,Rebounding,2,0,2,13.0,5455,1.0,0.5,0.5,4.85,5.36,4.43,SpeedDistance,2,0,2,13.0,31,0,0,0,0.0,0,0,0.0,0,0.0,0,0.0,0,0.0,0,0.0,0,0.0,ElbowTouch,2,0,2,13.0,31,0,0,0,0.0,0,0,0.0,0,0.0,0,0.0,0,0.0,0,0.0,0,0.0,PostTouch,2,0,2,13.0,31,0,0,0,0.0,0,0,0.0,0,0.0,0,0.0,0,0.0,0,0.0,0,0.0,PaintTouch
1642938,Curtis Jones,1610612743,DEN,10,8,2,88.0,13,2,5,0.4,1,2,0.5,5,0.385,6,0.462,3,0.231,1,0.077,1,0.077,Drives,10,8,2,88.0,4,0,9,2,3,0.667,Defense,10,8,2,88.0,4,10,0.4,11,3.0,9.0,0.333,0.55,CatchShoot,10,8,2,88.0,98,96,10,3,0,13,31,13,0.102,0.133,Passing,10,8,2,88.0,29,132,75,6.6,3.01,2.83,0.22,1,0,2,2.0,0.0,1.0,Possessions,10,8,2,88.0,5,11,0.455,13,3.0,9.0,0.333,0.591,PullUpShot,7.0,6.0,1.0,79.0,2.0,0.0,2.0,0.0,4.0,0.5,0.0,0.5,14.3,9.0,2.0,7.0,0.222,12.0,0.75,2.0,0.9,8.4,11.0,2.0,9.0,0.182,16.0,0.688,2.0,0.786,9.5,Rebounding,10,8,2,88.0,36397,6.9,3.9,3.0,4.44,4.72,4.12,SpeedDistance,10,8,2,88.0,132,1,1,1,1.0,0,0,0.0,2,2.0,0,0.0,0,0.0,0,0.0,0,0.0,ElbowTouch,10,8,2,88.0,132,0,0,0,0.0,0,0,0.0,0,0.0,0,0.0,0,0.0,0,0.0,0,0.0,PostTouch,10,8,2,88.0,132,2,1,1,1.0,0,0,0.0,2,1.0,1,0.5,0,0.0,0,0.0,0,0.0,PaintTouch
1642939,Miles Kelly,1610612742,DAL,14,7,7,134.0,4,0,2,0.0,0,0,0.0,0,0.0,1,0.25,1,0.25,0,0.0,0,0.0,Drives,14,7,7,134.0,4,1,19,10,12,0.833,Defense,14,7,7,134.0,11,35,0.314,32,10.0,33.0,0.303,0.457,CatchShoot,14,7,7,134.0,100,111,12,0,2,16,32,14,0.12,0.14,Passing,14,7,7,134.0,43,155,110,4.1,1.59,1.0,0.277,2,0,4,0.0,0.0,1.75,Possessions,14,7,7,134.0,2,2,1.0,4,0.0,0.0,,1.0,PullUpShot,9.0,2.0,7.0,97.0,5.0,1.0,4.0,0.2,8.0,0.625,0.0,0.625,14.8,19.0,5.0,14.0,0.263,30.0,0.633,1.0,0.655,7.0,24.0,6.0,18.0,0.25,36.0,0.667,1.0,0.686,8.6,Rebounding,14,7,7,134.0,58988,11.2,6.0,5.2,4.72,5.01,4.42,SpeedDistance,14,7,7,134.0,155,2,0,0,0.0,0,0,0.0,0,0.0,1,0.5,0,0.0,1,0.5,0,0.0,ElbowTouch,14,7,7,134.0,155,0,0,0,0.0,0,0,0.0,0,0.0,0,0.0,0,0.0,0,0.0,0,0.0,PostTouch,14,7,7,134.0,155,4,3,4,0.75,0,0,0.0,7,1.75,0,0.0,0,0.0,0,0.0,0,0.0,PaintTouch
1642942,Jahmai Mashack,1610612763,MEM,31,10,21,673.0,160,30,63,0.476,4,10,0.4,66,0.413,76,0.475,16,0.1,10,0.063,5,0.031,Drives,31,10,21,673.0,37,14,58,95,125,0.76,Defense,31,10,21,673.0,17,62,0.274,51,17.0,61.0,0.279,0.411,CatchShoot,31,10,21,673.0,827,813,69,6,14,166,180,89,0.083,0.108,Passing,31,10,21,673.0,192,1113,556,53.7,2.9,2.3,0.173,23,0,53,0.696,0.0,0.642,Possessions,31,10,21,673.0,5,27,0.185,12,2.0,14.0,0.143,0.222,PullUpShot,27.0,7.0,20.0,664.0,23.0,18.0,5.0,0.783,72.0,0.319,6.0,0.348,6.1,58.0,14.0,44.0,0.241,134.0,0.433,12.0,0.475,7.9,81.0,32.0,49.0,0.395,204.0,0.397,18.0,0.435,7.4,Rebounding,31,10,21,673.0,282766,53.6,27.7,25.9,4.45,4.6,4.3,SpeedDistance,31,10,21,673.0,1113,23,7,16,0.438,2,4,0.5,16,0.696,3,0.13,1,0.333,1,0.043,2,0.087,ElbowTouch,31,10,21,673.0,1113,0,0,0,0.0,0,0,0.0,0,0.0,0,0.0,0,0.0,0,0.0,0,0.0,PostTouch,31,10,21,673.0,1113,53,15,26,0.577,4,6,0.667,34,0.642,17,0.321,2,0.038,5,0.094,3,0.057,PaintTouch
1642948,Ryan Nembhard,1610612742,DAL,60,20,40,1171.0,397,60,142,0.423,13,16,0.813,135,0.34,217,0.547,54,0.136,23,0.058,8,0.02,Drives,60,20,40,1171.0,25,2,120,62,80,0.775,Defense,60,20,40,1171.0,33,89,0.371,95,29.0,80.0,0.363,0.534,CatchShoot,60,20,40,1171.0,2021,2218,316,19,33,478,784,368,0.156,0.182,Passing,60,20,40,1171.0,397,2602,884,227.6,5.25,5.15,0.153,6,1,12,0.333,0.0,0.333,Possessions,60,20,40,1171.0,82,216,0.38,183,19.0,55.0,0.345,0.424,PullUpShot,48.0,17.0,31.0,1031.0,13.0,4.0,9.0,0.308,37.0,0.351,0.0,0.351,12.7,120.0,15.0,105.0,0.125,202.0,0.594,17.0,0.649,9.8,133.0,19.0,114.0,0.143,235.0,0.566,17.0,0.61,10.0,Rebounding,60,20,40,1171.0,463170,87.7,48.5,39.3,4.34,4.68,3.99,SpeedDistance,60,20,40,1171.0,2602,6,1,2,0.5,0,0,0.0,2,0.333,4,0.667,2,0.5,0,0.0,0,0.0,ElbowTouch,60,20,40,1171.0,2602,1,0,0,0.0,0,0,0.0,0,0.0,1,1.0,1,1.0,0,0.0,0,0.0,PostTouch,60,20,40,1171.0,2602,12,2,2,1.0,0,0,0.0,4,0.333,8,0.667,4,0.333,1,0.083,0,0.0,PaintTouch
1642949,Yanic Konan Niederhäuser,1610612746,LAC,41,22,19,424.0,19,8,12,0.667,4,4,1.0,20,1.053,1,0.053,0,0.0,4,0.211,2,0.105,Drives,41,22,19,424.0,5,30,80,58,102,0.569,Defense,41,22,19,424.0,1,7,0.143,3,1.0,5.0,0.2,0.214,CatchShoot,41,22,19,424.0,313,251,12,0,5,18,29,17,0.038,0.054,Passing,41,22,19,424.0,176,473,276,13.8,1.76,0.68,0.372,40,4,115,0.675,1.0,0.948,Possessions,41,22,19,424.0,1,1,1.0,2,0.0,0.0,,1.0,PullUpShot,35.0,18.0,17.0,405.0,37.0,25.0,12.0,0.676,95.0,0.389,7.0,0.42,4.8,80.0,20.0,60.0,0.25,163.0,0.491,11.0,0.526,5.3,117.0,45.0,72.0,0.385,253.0,0.462,18.0,0.498,5.1,Rebounding,41,22,19,424.0,172686,32.7,17.2,15.5,4.34,4.51,4.15,SpeedDistance,41,22,19,424.0,473,40,9,11,0.818,9,10,0.9,27,0.675,20,0.5,4,0.2,3,0.075,5,0.125,ElbowTouch,41,22,19,424.0,473,4,2,3,0.667,0,0,0.0,4,1.0,1,0.25,1,0.25,0,0.0,0,0.0,PostTouch,41,22,19,424.0,473,115,43,66,0.652,23,32,0.719,109,0.948,22,0.191,2,0.017,7,0.061,13,0.113,PaintTouch
1642950,Lachlan Olbrich,1610612741,CHI,37,9,28,344.0,22,4,8,0.5,1,6,0.167,9,0.409,10,0.455,2,0.091,1,0.045,3,0.136,Drives,37,9,28,344.0,12,8,67,38,61,0.623,Defense,37,9,28,344.0,2,19,0.105,5,1.0,17.0,0.059,0.132,CatchShoot,37,9,28,344.0,438,341,42,4,3,66,116,49,0.096,0.112,Passing,37,9,28,344.0,89,547,362,14.1,1.54,0.72,0.163,26,5,75,0.462,0.4,0.64,Possessions,37,9,28,344.0,1,2,0.5,3,1.0,2.0,0.5,0.75,PullUpShot,27.0,6.0,21.0,305.0,41.0,28.0,13.0,0.683,92.0,0.446,3.0,0.461,6.2,65.0,23.0,42.0,0.354,122.0,0.533,19.0,0.631,5.0,106.0,51.0,55.0,0.481,203.0,0.522,22.0,0.586,5.5,Rebounding,37,9,28,344.0,152795,28.9,15.0,13.9,4.72,5.18,4.31,SpeedDistance,37,9,28,344.0,547,26,6,13,0.462,0,0,0.0,12,0.462,13,0.5,2,0.154,0,0.0,0,0.0,ElbowTouch,37,9,28,344.0,547,5,1,2,0.5,0,0,0.0,2,0.4,2,0.4,0,0.0,1,0.2,0,0.0,PostTouch,37,9,28,344.0,547,75,22,33,0.667,4,8,0.5,48,0.64,33,0.44,9,0.12,3,0.04,4,0.053,PaintTouch
1642951,Sean Pedulla,1610612746,LAC,7,4,3,31.0,7,2,3,0.667,0,0,0.0,4,0.571,3,0.429,1,0.143,1,0.143,0,0.0,Drives,7,4,3,31.0,0,0,3,1,2,0.5,Defense,7,4,3,31.0,2,6,0.333,6,2.0,6.0,0.333,0.5,CatchShoot,7,4,3,31.0,37,45,5,0,0,7,10,5,0.135,0.135,Passing,7,4,3,31.0,13,57,23,4.7,4.95,4.67,0.228,0,0,0,0.0,0.0,0.0,Possessions,7,4,3,31.0,1,6,0.167,3,1.0,4.0,0.25,0.25,PullUpShot,3.0,3.0,0.0,12.0,0.0,0.0,0.0,0.0,1.0,0.0,0.0,0.0,0.0,3.0,1.0,2.0,0.333,4.0,0.75,0.0,0.75,7.9,3.0,1.0,2.0,0.333,5.0,0.6,0.0,0.6,7.9,Rebounding,7,4,3,31.0,12788,2.4,1.3,1.2,4.29,4.86,4.1,SpeedDistance,7,4,3,31.0,57,0,0,0,0.0,0,0,0.0,0,0.0,0,0.0,0,0.0,0,0.0,0,0.0,ElbowTouch,7,4,3,31.0,57,0,0,0,0.0,0,0,0.0,0,0.0,0,0.0,0,0.0,0,0.0,0,0.0,PostTouch,7,4,3,31.0,57,0,0,0,0.0,0,0,0.0,0,0.0,0,0.0,0,0.0,0,0.0,0,0.0,PaintTouch
1642954,Will Richard,1610612744,GSW,69,34,35,1377.0,45,2,7,0.286,2,2,1.0,7,0.156,32,0.711,5,0.111,5,0.111,1,0.022,Drives,69,34,35,1377.0,80,9,105,69,96,0.719,Defense,69,34,35,1377.0,70,190,0.368,204,64.0,179.0,0.358,0.537,CatchShoot,69,34,35,1377.0,1235,1211,93,12,22,178,260,127,0.075,0.103,Passing,69,34,35,1377.0,441,1685,1102,52.7,1.88,1.15,0.262,34,2,153,0.735,0.0,0.863,Possessions,69,34,35,1377.0,10,43,0.233,27,7.0,33.0,0.212,0.314,PullUpShot,57.0,30.0,27.0,1202.0,67.0,32.0,35.0,0.478,139.0,0.482,5.0,0.5,7.4,105.0,23.0,81.0,0.219,187.0,0.561,21.0,0.633,7.8,172.0,55.0,116.0,0.32,318.0,0.541,26.0,0.589,7.7,Rebounding,69,34,35,1377.0,530656,100.5,53.6,46.9,4.21,4.3,4.11,SpeedDistance,69,34,35,1377.0,1685,34,11,15,0.733,3,4,0.75,25,0.735,14,0.412,5,0.357,2,0.059,2,0.059,ElbowTouch,69,34,35,1377.0,1685,2,0,0,0.0,0,0,0.0,0,0.0,2,1.0,0,0.0,0,0.0,0,0.0,PostTouch,69,34,35,1377.0,1685,153,53,76,0.697,23,28,0.821,132,0.863,52,0.34,13,0.085,6,0.039,13,0.085,PaintTouch
1642955,Kadary Richmond,1610612764,WAS,3,2,1,67.0,11,3,7,0.429,2,2,1.0,8,0.727,2,0.182,1,0.091,0,0.0,1,0.091,Drives,3,2,1,67.0,8,1,9,2,3,0.667,Defense,3,2,1,67.0,2,4,0.5,6,2.0,4.0,0.5,0.75,CatchShoot,3,2,1,67.0,63,52,8,2,0,10,21,10,0.127,0.159,Passing,3,2,1,67.0,25,85,38,2.7,1.89,1.23,0.294,1,0,4,2.0,0.0,1.5,Possessions,3,2,1,67.0,0,0,,0,0.0,0.0,,,PullUpShot,3.0,2.0,1.0,67.0,1.0,1.0,0.0,1.0,3.0,0.333,0.0,0.333,1.7,9.0,5.0,4.0,0.556,13.0,0.692,1.0,0.75,5.1,10.0,6.0,4.0,0.6,15.0,0.667,1.0,0.714,4.8,Rebounding,3,2,1,67.0,26022,4.9,2.5,2.4,4.1,4.19,4.01,SpeedDistance,3,2,1,67.0,85,1,1,1,1.0,0,0,0.0,2,2.0,0,0.0,0,0.0,0,0.0,0,0.0,ElbowTouch,3,2,1,67.0,85,0,0,0,0.0,0,0,0.0,0,0.0,0,0.0,0,0.0,0,0.0,0,0.0,PostTouch,3,2,1,67.0,85,4,3,3,1.0,0,0,0.0,6,1.5,1,0.25,1,0.25,0,0.0,0,0.0,PaintTouch
1642959,Chris Youngblood,1610612757,POR,34,29,5,185.0,9,0,4,0.0,2,2,1.0,2,0.222,4,0.444,1,0.111,0,0.0,1,0.111,Drives,34,29,5,185.0,4,3,21,8,11,0.727,Defense,34,29,5,185.0,17,50,0.34,51,17.0,50.0,0.34,0.51,CatchShoot,34,29,5,185.0,108,116,12,0,3,13,31,15,0.111,0.139,Passing,34,29,5,185.0,71,183,119,4.9,1.62,0.82,0.388,1,0,3,3.0,0.0,1.333,Possessions,34,29,5,185.0,2,7,0.286,5,1.0,4.0,0.25,0.357,PullUpShot,17.0,15.0,2.0,122.0,7.0,1.0,6.0,0.143,11.0,0.636,1.0,0.7,14.1,20.0,5.0,15.0,0.25,31.0,0.645,3.0,0.714,8.9,27.0,6.0,21.0,0.222,42.0,0.643,4.0,0.711,10.2,Rebounding,34,29,5,185.0,73699,14.0,7.5,6.5,4.47,4.74,4.19,SpeedDistance,34,29,5,185.0,183,1,1,1,1.0,0,0,0.0,3,3.0,0,0.0,0,0.0,0,0.0,0,0.0,ElbowTouch,34,29,5,185.0,183,0,0,0,0.0,0,0,0.0,0,0.0,0,0.0,0,0.0,0,0.0,0,0.0,PostTouch,34,29,5,185.0,183,3,1,1,1.0,2,2,1.0,4,1.333,1,0.333,0,0.0,0,0.0,0,0.0,PaintTouch
1642962,Drake Powell,1610612751,BKN,63,16,47,1320.0,245,48,104,0.462,28,28,1.0,125,0.51,102,0.416,19,0.078,20,0.082,15,0.061,Drives,63,16,47,1320.0,36,14,90,83,118,0.703,Defense,63,16,47,1320.0,41,149,0.275,122,40.0,146.0,0.274,0.409,CatchShoot,63,16,47,1320.0,1360,1292,91,5,18,206,252,114,0.067,0.084,Passing,63,16,47,1320.0,408,1847,968,96.1,3.12,2.45,0.221,20,0,22,0.5,0.0,1.091,Possessions,63,16,47,1320.0,35,95,0.368,78,8.0,32.0,0.25,0.411,PullUpShot,54.0,14.0,40.0,1181.0,21.0,3.0,18.0,0.143,47.0,0.447,3.0,0.477,15.6,90.0,17.0,73.0,0.189,170.0,0.529,24.0,0.616,8.9,111.0,20.0,91.0,0.18,213.0,0.521,27.0,0.597,10.1,Rebounding,63,16,47,1320.0,536021,101.5,53.4,48.1,4.41,4.67,4.16,SpeedDistance,63,16,47,1320.0,1847,20,5,7,0.714,0,0,0.0,10,0.5,13,0.65,1,0.077,0,0.0,0,0.0,ElbowTouch,63,16,47,1320.0,1847,0,0,0,0.0,0,0,0.0,0,0.0,0,0.0,0,0.0,0,0.0,0,0.0,PostTouch,63,16,47,1320.0,1847,22,10,16,0.625,4,4,1.0,24,1.091,4,0.182,1,0.045,0,0.0,1,0.045,PaintTouch
1642964,Brooks Barnhizer,1610612760,OKC,40,29,11,348.0,38,6,15,0.4,0,0,0.0,13,0.342,20,0.526,7,0.184,3,0.079,0,0.0,Drives,40,29,11,348.0,11,5,59,18,28,0.643,Defense,40,29,11,348.0,7,21,0.333,20,6.0,20.0,0.3,0.476,CatchShoot,40,29,11,348.0,300,223,22,1,4,46,61,27,0.073,0.09,Passing,40,29,11,348.0,68,397,173,17.5,2.64,2.21,0.171,9,2,27,0.444,0.0,0.519,Possessions,40,29,11,348.0,5,20,0.25,11,1.0,4.0,0.25,0.275,PullUpShot,31.0,24.0,7.0,322.0,19.0,12.0,6.0,0.632,48.0,0.396,1.0,0.404,6.2,59.0,6.0,53.0,0.102,87.0,0.678,5.0,0.72,5.5,78.0,18.0,59.0,0.231,129.0,0.605,6.0,0.634,5.7,Rebounding,40,29,11,348.0,144297,27.3,14.2,13.1,4.57,4.82,4.34,SpeedDistance,40,29,11,348.0,397,9,1,2,0.5,2,2,1.0,4,0.444,5,0.556,1,0.2,1,0.111,1,0.111,ElbowTouch,40,29,11,348.0,397,2,0,0,0.0,0,0,0.0,0,0.0,1,0.5,0,0.0,0,0.0,0,0.0,PostTouch,40,29,11,348.0,397,27,7,11,0.636,0,0,0.0,14,0.519,14,0.519,0,0.0,1,0.037,0,0.0,PaintTouch
1642967,John Poulakidas,1610612742,DAL,13,3,10,253.0,13,2,5,0.4,2,2,1.0,7,0.538,6,0.462,1,0.077,0,0.0,1,0.077,Drives,13,3,10,253.0,7,4,26,19,26,0.731,Defense,13,3,10,253.0,24,57,0.421,71,23.0,56.0,0.411,0.623,CatchShoot,13,3,10,253.0,182,178,11,0,3,23,30,14,0.06,0.077,Passing,13,3,10,253.0,115,283,172,8.5,1.8,0.93,0.406,3,0,4,0.0,0.0,0.5,Possessions,13,3,10,253.0,13,31,0.419,34,8.0,21.0,0.381,0.548,PullUpShot,11.0,2.0,9.0,235.0,4.0,1.0,3.0,0.25,13.0,0.308,0.0,0.308,14.7,26.0,2.0,24.0,0.077,41.0,0.634,6.0,0.743,7.4,30.0,3.0,27.0,0.1,48.0,0.625,6.0,0.714,8.3,Rebounding,13,3,10,253.0,107319,20.3,11.0,9.4,4.48,4.83,4.16,SpeedDistance,13,3,10,253.0,283,3,0,1,0.0,0,0,0.0,0,0.0,1,0.333,1,1.0,0,0.0,0,0.0,ElbowTouch,13,3,10,253.0,283,0,0,0,0.0,0,0,0.0,0,0.0,0,0.0,0,0.0,0,0.0,0,0.0,PostTouch,13,3,10,253.0,283,4,1,1,1.0,0,0,0.0,2,0.5,3,0.75,1,0.25,0,0.0,0,0.0,PaintTouch
1643007,Taelon Peter,1610612754,IND,38,6,32,492.0,29,4,10,0.4,1,2,0.5,9,0.31,17,0.586,3,0.103,1,0.034,1,0.034,Drives,38,6,32,492.0,26,4,49,53,65,0.815,Defense,38,6,32,492.0,36,106,0.34,107,35.0,105.0,0.333,0.505,CatchShoot,38,6,32,492.0,581,551,40,3,12,73,105,55,0.069,0.095,Passing,38,6,32,492.0,171,786,437,28.6,2.18,1.68,0.218,7,0,15,0.571,0.0,0.933,Possessions,38,6,32,492.0,7,24,0.292,20,6.0,20.0,0.3,0.417,PullUpShot,26.0,3.0,23.0,435.0,10.0,2.0,8.0,0.2,18.0,0.556,0.0,0.556,12.5,49.0,10.0,39.0,0.204,84.0,0.583,11.0,0.671,8.9,59.0,12.0,47.0,0.203,100.0,0.59,11.0,0.663,9.5,Rebounding,38,6,32,492.0,215858,40.9,21.8,19.1,4.75,5.19,4.32,SpeedDistance,38,6,32,492.0,786,7,2,3,0.667,0,0,0.0,4,0.571,3,0.429,0,0.0,0,0.0,0,0.0,ElbowTouch,38,6,32,492.0,786,0,0,0,0.0,0,0,0.0,0,0.0,0,0.0,0,0.0,0,0.0,0,0.0,PostTouch,38,6,32,492.0,786,15,7,9,0.778,0,0,0.0,14,0.933,4,0.267,0,0.0,1,0.067,0,0.0,PaintTouch
1643016,Bez Mbeng,1610612762,UTA,15,2,13,492.0,61,7,17,0.412,4,6,0.667,18,0.295,32,0.525,10,0.164,7,0.115,3,0.049,Drives,15,2,13,492.0,34,5,39,44,60,0.733,Defense,15,2,13,492.0,4,22,0.182,12,4.0,22.0,0.182,0.273,CatchShoot,15,2,13,492.0,474,406,62,7,6,111,155,75,0.131,0.158,Passing,15,2,13,492.0,122,619,296,26.2,2.54,2.16,0.197,17,0,25,0.765,0.0,0.76,Possessions,15,2,13,492.0,3,12,0.25,8,2.0,9.0,0.222,0.333,PullUpShot,15.0,2.0,13.0,492.0,18.0,7.0,12.0,0.389,38.0,0.474,2.0,0.5,9.6,39.0,8.0,31.0,0.205,89.0,0.438,16.0,0.534,8.8,57.0,15.0,43.0,0.263,124.0,0.46,18.0,0.538,9.0,Rebounding,15,2,13,492.0,209628,39.7,20.4,19.3,4.5,4.78,4.23,SpeedDistance,15,2,13,492.0,619,17,6,8,0.75,0,0,0.0,13,0.765,8,0.471,2,0.25,1,0.059,0,0.0,ElbowTouch,15,2,13,492.0,619,0,0,0,0.0,0,0,0.0,0,0.0,0,0.0,0,0.0,0,0.0,0,0.0,PostTouch,15,2,13,492.0,619,25,9,13,0.692,1,2,0.5,19,0.76,8,0.32,2,0.08,1,0.04,0,0.0,PaintTouch
1643018,LJ Cryer,1610612744,GSW,18,6,12,292.0,37,5,11,0.455,2,2,1.0,13,0.351,21,0.568,3,0.081,3,0.081,1,0.027,Drives,18,6,12,292.0,3,0,24,6,10,0.6,Defense,18,6,12,292.0,19,50,0.38,57,19.0,50.0,0.38,0.57,CatchShoot,18,6,12,292.0,393,479,18,0,16,37,44,34,0.046,0.087,Passing,18,6,12,292.0,148,543,308,27.4,3.03,2.48,0.273,4,0,6,0.0,0.0,0.333,Possessions,18,6,12,292.0,19,49,0.388,51,13.0,35.0,0.371,0.52,PullUpShot,13.0,4.0,9.0,235.0,4.0,0.0,4.0,0.0,7.0,0.571,1.0,0.667,10.4,21.0,4.0,17.0,0.19,34.0,0.618,3.0,0.677,10.1,25.0,4.0,21.0,0.16,41.0,0.61,4.0,0.676,10.1,Rebounding,18,6,12,292.0,118316,22.4,12.1,10.3,4.25,4.44,4.06,SpeedDistance,18,6,12,292.0,543,4,0,0,0.0,0,0,0.0,0,0.0,4,1.0,1,0.25,0,0.0,0,0.0,ElbowTouch,18,6,12,292.0,543,0,0,0,0.0,0,0,0.0,0,0.0,0,0.0,0,0.0,0,0.0,0,0.0,PostTouch,18,6,12,292.0,543,6,1,1,1.0,0,0,0.0,2,0.333,4,0.667,0,0.0,0,0.0,0,0.0,PaintTouch
1643024,Chris Mañon,1610612747,LAL,9,4,5,46.0,6,0,1,0.0,1,2,0.5,1,0.167,3,0.5,1,0.167,1,0.167,1,0.167,Drives,9,4,5,46.0,5,2,8,8,11,0.727,Defense,9,4,5,46.0,0,3,0.0,0,0.0,3.0,0.0,0.0,CatchShoot,9,4,5,46.0,47,22,3,2,0,7,7,5,0.064,0.106,Passing,9,4,5,46.0,7,57,21,2.0,2.12,1.3,0.123,2,0,6,0.0,0.0,0.333,Possessions,9,4,5,46.0,0,1,0.0,0,0.0,0.0,,0.0,PullUpShot,7.0,3.0,4.0,43.0,2.0,1.0,1.0,0.5,5.0,0.4,0.0,0.4,11.1,8.0,3.0,5.0,0.375,17.0,0.471,1.0,0.5,8.2,10.0,4.0,6.0,0.4,21.0,0.476,1.0,0.5,8.8,Rebounding,9,4,5,46.0,18328,3.5,1.7,1.8,4.2,4.1,4.31,SpeedDistance,9,4,5,46.0,57,2,0,0,0.0,0,0,0.0,0,0.0,2,1.0,0,0.0,0,0.0,0,0.0,ElbowTouch,9,4,5,46.0,57,0,0,0,0.0,0,0,0.0,0,0.0,0,0.0,0,0.0,0,0.0,0,0.0,PostTouch,9,4,5,46.0,57,6,1,1,1.0,0,0,0.0,2,0.333,5,0.833,1,0.167,0,0.0,0,0.0,PaintTouch
1643047,CJ Huntley,1610612756,PHX,4,3,1,40.0,1,0,0,0.0,0,0,0.0,0,0.0,0,0.0,0,0.0,0,0.0,0,0.0,Drives,4,3,1,40.0,1,0,3,5,5,1.0,Defense,4,3,1,40.0,1,4,0.25,2,0.0,3.0,0.0,0.25,CatchShoot,4,3,1,40.0,20,19,2,0,0,3,5,2,0.1,0.1,Passing,4,3,1,40.0,12,34,19,0.7,1.2,0.3,0.353,0,0,6,0.0,0.0,1.333,Possessions,4,3,1,40.0,0,0,,0,0.0,0.0,,,PullUpShot,2.0,1.0,1.0,33.0,2.0,1.0,1.0,0.5,4.0,0.5,0.0,0.5,6.3,3.0,0.0,3.0,0.0,4.0,0.75,0.0,0.75,7.3,5.0,1.0,4.0,0.2,8.0,0.625,0.0,0.625,6.9,Rebounding,4,3,1,40.0,16425,3.1,1.7,1.4,4.29,4.29,4.29,SpeedDistance,4,3,1,40.0,34,0,0,0,0.0,0,0,0.0,0,0.0,0,0.0,0,0.0,0,0.0,0,0.0,ElbowTouch,4,3,1,40.0,34,0,0,0,0.0,0,0,0.0,0,0.0,0,0.0,0,0.0,0,0.0,0,0.0,PostTouch,4,3,1,40.0,34,6,4,4,1.0,0,0,0.0,8,1.333,1,0.167,0,0.0,0,0.0,0,0.0,PaintTouch
1643052,Chaney Johnson,1610612751,BKN,17,4,13,348.0,41,15,22,0.682,9,12,0.75,39,0.951,8,0.195,3,0.073,4,0.098,6,0.146,Drives,17,4,13,348.0,15,9,46,27,42,0.643,Defense,17,4,13,348.0,7,25,0.28,21,7.0,25.0,0.28,0.42,CatchShoot,17,4,13,348.0,370,299,36,2,3,53,95,41,0.097,0.111,Passing,17,4,13,348.0,139,505,309,17.8,2.11,1.25,0.275,30,1,52,0.6,0.0,0.769,Possessions,17,4,13,348.0,8,12,0.667,18,2.0,5.0,0.4,0.75,PullUpShot,17.0,4.0,13.0,348.0,33.0,23.0,10.0,0.697,93.0,0.355,2.0,0.363,6.6,46.0,12.0,34.0,0.261,72.0,0.639,4.0,0.676,5.1,79.0,35.0,44.0,0.443,155.0,0.51,6.0,0.53,5.7,Rebounding,17,4,13,348.0,142640,27.0,13.8,13.2,4.29,4.49,4.1,SpeedDistance,17,4,13,348.0,505,30,4,8,0.5,10,10,1.0,18,0.6,12,0.4,3,0.25,4,0.133,3,0.1,ElbowTouch,17,4,13,348.0,505,1,0,0,0.0,0,0,0.0,0,0.0,1,1.0,0,0.0,0,0.0,0,0.0,PostTouch,17,4,13,348.0,505,52,16,25,0.64,8,8,1.0,40,0.769,19,0.365,6,0.115,3,0.058,4,0.077,PaintTouch
1643060,Hayden Gray,1610612762,UTA,1,0,1,25.0,3,0,0,0.0,2,2,1.0,2,0.667,2,0.667,0,0.0,0,0.0,1,0.333,Drives,1,0,1,25.0,1,1,0,0,1,0.0,Defense,1,0,1,25.0,0,0,,0,0.0,0.0,,,CatchShoot,1,0,1,25.0,21,20,1,1,0,3,3,2,0.048,0.095,Passing,1,0,1,25.0,6,26,6,2.0,4.57,4.65,0.231,0,0,0,0.0,0.0,0.0,Possessions,1,0,1,25.0,1,2,0.5,2,0.0,1.0,0.0,0.5,PullUpShot,,,,,,,,,,,,,,,,,,,,,,,,,,,,,,,,,1,0,1,25.0,10216,1.9,1.0,1.0,4.35,5.09,4.16,SpeedDistance,1,0,1,25.0,26,0,0,0,0.0,0,0,0.0,0,0.0,0,0.0,0,0.0,0,0.0,0,0.0,ElbowTouch,1,0,1,25.0,26,0,0,0,0.0,0,0,0.0,0,0.0,0,0.0,0,0.0,0,0.0,0,0.0,PostTouch,1,0,1,25.0,26,0,0,0,0.0,0,0,0.0,0,0.0,0,0.0,0,0.0,0,0.0,0,0.0,PaintTouch
1643133,Lawson Lovering,1610612763,MEM,2,1,1,49.0,0,0,0,0.0,0,0,0.0,0,0.0,0,0.0,0,0.0,0,0.0,0,0.0,Drives,2,1,1,49.0,3,1,9,7,11,0.636,Defense,2,1,1,49.0,0,0,,0,,,,,CatchShoot,2,1,1,49.0,30,19,3,0,1,2,7,4,0.1,0.133,Passing,2,1,1,49.0,14,43,24,0.8,1.06,0.24,0.326,4,2,14,0.5,0.0,0.929,Possessions,2,1,1,49.0,0,0,,0,,,,,PullUpShot,2.0,1.0,1.0,49.0,6.0,4.0,2.0,0.667,8.0,0.75,0.0,0.75,4.4,9.0,3.0,6.0,0.333,15.0,0.6,0.0,0.6,8.9,15.0,7.0,8.0,0.467,23.0,0.652,0.0,0.652,7.1,Rebounding,2,1,1,49.0,20280,3.8,2.0,1.9,4.28,4.56,4.23,SpeedDistance,2,1,1,49.0,43,4,1,2,0.5,0,0,0.0,2,0.5,2,0.5,0,0.0,0,0.0,0,0.0,ElbowTouch,2,1,1,49.0,43,2,0,1,0.0,0,0,0.0,0,0.0,1,0.5,1,0.5,0,0.0,0,0.0,PostTouch,2,1,1,49.0,43,14,6,9,0.667,1,2,0.5,13,0.929,3,0.214,1,0.071,1,0.071,1,0.071,PaintTouch
1643141,Jahmyl Telfort,1610612746,LAC,8,2,6,32.0,2,0,0,0.0,0,2,0.0,0,0.0,1,0.5,0,0.0,0,0.0,1,0.5,Drives,8,2,6,32.0,1,0,3,0,0,0.0,Defense,8,2,6,32.0,0,3,0.0,0,0.0,3.0,0.0,0.0,CatchShoot,8,2,6,32.0,23,15,1,0,0,3,3,1,0.043,0.043,Passing,8,2,6,32.0,1,30,11,1.7,3.37,2.4,0.033,0,0,0,0.0,0.0,0.0,Possessions,8,2,6,32.0,0,0,,0,0.0,0.0,,,PullUpShot,3.0,0.0,3.0,17.0,0.0,0.0,0.0,0.0,0.0,0.0,0.0,0.0,0.0,3.0,0.0,3.0,0.0,3.0,1.0,0.0,1.0,11.9,3.0,0.0,3.0,0.0,3.0,1.0,0.0,1.0,11.9,Rebounding,8,2,6,32.0,12095,2.3,1.1,1.1,4.28,4.41,3.82,SpeedDistance,8,2,6,32.0,30,0,0,0,0.0,0,0,0.0,0,0.0,0,0.0,0,0.0,0,0.0,0,0.0,ElbowTouch,8,2,6,32.0,30,0,0,0,0.0,0,0,0.0,0,0.0,0,0.0,0,0.0,0,0.0,0,0.0,PostTouch,8,2,6,32.0,30,0,0,0,0.0,0,0,0.0,0,0.0,0,0.0,0,0.0,0,0.0,0,0.0,PaintTouch
1643158,Andersson Garcia,1610612762,UTA,5,1,4,169.0,13,2,4,0.5,4,4,1.0,8,0.615,6,0.462,1,0.077,1,0.077,2,0.154,Drives,5,1,4,169.0,8,4,25,15,26,0.577,Defense,5,1,4,169.0,1,12,0.083,3,1.0,12.0,0.083,0.125,CatchShoot,5,1,4,169.0,166,99,14,1,3,21,37,18,0.084,0.108,Passing,5,1,4,169.0,26,209,100,5.7,1.65,0.85,0.124,3,0,26,1.333,0.0,0.231,Possessions,5,1,4,169.0,0,1,0.0,0,0.0,1.0,0.0,0.0,PullUpShot,5.0,1.0,4.0,169.0,17.0,14.0,3.0,0.824,39.0,0.436,1.0,0.447,5.4,25.0,7.0,18.0,0.28,56.0,0.446,8.0,0.521,5.1,42.0,21.0,21.0,0.5,91.0,0.462,9.0,0.512,5.2,Rebounding,5,1,4,169.0,69676,13.2,6.7,6.5,4.37,4.54,4.21,SpeedDistance,5,1,4,169.0,209,3,2,2,1.0,0,0,0.0,4,1.333,1,0.333,0,0.0,0,0.0,0,0.0,ElbowTouch,5,1,4,169.0,209,0,0,0,0.0,0,0,0.0,0,0.0,0,0.0,0,0.0,0,0.0,0,0.0,PostTouch,5,1,4,169.0,209,26,3,7,0.429,0,0,0.0,6,0.231,15,0.577,1,0.038,3,0.115,0,0.0,PaintTouch
1643253,Toby Okani,1610612763,MEM,6,0,6,217.0,26,5,17,0.294,0,2,0.0,10,0.385,6,0.231,2,0.077,0,0.0,1,0.038,Drives,6,0,6,217.0,4,3,12,23,34,0.676,Defense,6,0,6,217.0,8,27,0.296,24,8.0,26.0,0.308,0.444,CatchShoot,6,0,6,217.0,102,124,6,2,2,15,19,10,0.059,0.098,Passing,6,0,6,217.0,60,181,125,5.0,1.65,0.73,0.331,6,1,11,0.667,0.0,0.545,Possessions,6,0,6,217.0,4,15,0.267,9,1.0,5.0,0.2,0.3,PullUpShot,5.0,0.0,5.0,184.0,9.0,4.0,5.0,0.444,20.0,0.45,1.0,0.474,8.8,12.0,3.0,9.0,0.25,25.0,0.48,2.0,0.522,9.6,21.0,7.0,14.0,0.333,45.0,0.467,3.0,0.5,9.3,Rebounding,6,0,6,217.0,90166,17.1,8.7,8.4,4.45,4.54,4.35,SpeedDistance,6,0,6,217.0,181,6,2,2,1.0,0,0,0.0,4,0.667,3,0.5,0,0.0,0,0.0,0,0.0,ElbowTouch,6,0,6,217.0,181,1,0,0,0.0,0,0,0.0,0,0.0,1,1.0,0,0.0,0,0.0,0,0.0,PostTouch,6,0,6,217.0,181,11,3,8,0.375,0,0,0.0,6,0.545,2,0.182,0,0.0,0,0.0,0,0.0,PaintTouch
1643257,Jayson Kent,1610612757,POR,5,4,1,22.0,0,0,0,0.0,0,0,0.0,0,0.0,0,0.0,0,0.0,0,0.0,0,0.0,Drives,5,4,1,22.0,1,1,5,2,5,0.4,Defense,5,4,1,22.0,1,4,0.25,3,1.0,4.0,0.25,0.375,CatchShoot,5,4,1,22.0,11,10,0,0,0,0,0,0,0.0,0.0,Passing,5,4,1,22.0,10,19,7,0.5,1.43,0.37,0.526,1,0,2,3.0,0.0,2.5,Possessions,5,4,1,22.0,0,0,,0,0.0,0.0,,,PullUpShot,4.0,3.0,1.0,21.0,0.0,0.0,0.0,0.0,0.0,0.0,0.0,0.0,0.0,5.0,1.0,4.0,0.2,7.0,0.714,0.0,0.714,7.2,5.0,1.0,4.0,0.2,7.0,0.714,0.0,0.714,7.2,Rebounding,5,4,1,22.0,8769,1.7,0.8,0.9,4.13,4.06,4.2,SpeedDistance,5,4,1,22.0,19,1,1,1,1.0,0,0,0.0,3,3.0,0,0.0,0,0.0,0,0.0,0,0.0,ElbowTouch,5,4,1,22.0,19,0,0,0,0.0,0,0,0.0,0,0.0,0,0.0,0,0.0,0,0.0,0,0.0,PostTouch,5,4,1,22.0,19,2,2,2,1.0,0,0,0.0,5,2.5,0,0.0,0,0.0,0,0.0,0,0.0,PaintTouch
